# https://github.com/mikedh/trimesh
v 0.31049315 -0.98536511 -0.33756658
v 0.34879144 -0.98606688 -0.34490310
v 0.27048885 -0.99083713 -0.36729115
v 0.27636978 -1.00000000 -0.26045073
v 0.19967018 -0.98409839 -0.25921902
v 0.30326045 -0.98320533 -0.31273320
v 0.34973648 -0.97051168 -0.31417592
v 0.19935013 -0.96586313 -0.35499884
v 0.24229831 -0.99541216 -0.38792285
v 0.19446712 -0.98684690 -0.37150212
v 0.28487304 -0.98605725 -0.40351855
v 0.26689570 -0.98104089 -0.43747782
v 0.17653705 -0.97222485 -0.17939644
v 0.20643141 -0.96056207 -0.15779206
v 0.22271924 -0.98783391 -0.22297420
v 0.22727030 -0.97315034 -0.20578343
v 0.27704090 -0.98092966 -0.21821203
v 0.29495678 -0.95742015 -0.21637062
v 0.33428882 -0.97782518 -0.27364404
v 0.26338477 -0.98116262 -0.32973994
v 0.28410381 -0.96127575 -0.34046417
v 0.25441758 -0.96742481 -0.30584278
v 0.19567063 -0.97510434 -0.31757075
v 0.38745410 -0.95633092 -0.33117159
v 0.26143066 -0.96212518 -0.35620440
v 0.22319294 -0.95939385 -0.36041095
v 0.15881325 -0.97044104 -0.40417525
v 0.18441506 -0.97153774 -0.43515799
v 0.29293865 -0.95284012 -0.47719602
v 0.23773046 -0.96247714 -0.47376963
v 0.28491580 -0.96544664 -0.14168941
v 0.27783725 -0.95748467 -0.17001592
v 0.32510669 -0.96507867 -0.18853132
v 0.26455127 -0.98875921 -0.29371454
v 0.15828706 -0.96110576 -0.32039421
v 0.17258399 -0.97316001 -0.33657100
v 0.30057550 -0.96416426 -0.33771426
v 0.39406951 -0.94775221 -0.37027663
v 0.37868639 -0.94767181 -0.40988636
v 0.36013004 -0.94003869 -0.47356910
v 0.34259429 -0.95417467 -0.45812003
v 0.25280703 -0.93361442 -0.48469547
v 0.30983028 -0.94940372 -0.09344115
v 0.24191714 -0.95634906 -0.09472683
v 0.24068304 -0.95783861 -0.11758282
v 0.35964128 -0.96192981 -0.15735937
v 0.30308306 -0.94164814 -0.17256091
v 0.23106589 -0.95014103 -0.16483950
v 0.18833839 -0.94124735 -0.15242191
v 0.14136097 -0.93477998 -0.18022563
v 0.06051445 -0.93015585 -0.23185439
v 0.37222656 -0.95060444 -0.18478951
v 0.35355650 -0.95929186 -0.26064028
v 0.23907002 -0.94685794 -0.20884398
v 0.11359511 -0.95106618 -0.23653999
v 0.28165827 -0.93335384 -0.20879331
v 0.16489871 -0.95958964 -0.25633670
v 0.21293246 -0.97079599 -0.28387093
v 0.35059034 -0.93536937 -0.28361708
v 0.29486296 -0.93441015 -0.31159326
v 0.20444726 -0.94581006 -0.29398502
v 0.24363866 -0.95959859 -0.35709809
v 0.20168010 -0.95781722 -0.34052302
v 0.30995235 -0.92926175 -0.32590572
v 0.38247902 -0.92404804 -0.36639242
v 0.13969254 -0.94135911 -0.39803899
v 0.39238552 -0.92553233 -0.39206802
v 0.21718580 -0.93603939 -0.36501941
v 0.16260340 -0.93728317 -0.46225981
v 0.21426831 -0.93400876 -0.46998687
v 0.23599412 -0.91687581 -0.47153662
v 0.31241375 -0.93243899 -0.12518258
v 0.25623088 -0.93162238 -0.15933568
v 0.33541022 -0.95914609 -0.15846230
v 0.25966750 -0.95279584 -0.17700695
v 0.25257264 -0.94269037 -0.20533026
v 0.08657778 -0.92583776 -0.20615449
v 0.38531666 -0.93657201 -0.22492085
v 0.24681125 -0.92234632 -0.23220664
v 0.16087695 -0.92060274 -0.27433418
v 0.24333113 -0.92497729 -0.28474880
v 0.08405201 -0.94657468 -0.27663255
v 0.11480740 -0.95063632 -0.29702286
v 0.37571972 -0.90962648 -0.29527048
v 0.16568701 -0.93866282 -0.31295524
v 0.39945087 -0.92429368 -0.35313307
v 0.26687759 -0.92271478 -0.35722156
v 0.28055758 -0.93330848 -0.36557160
v 0.24925595 -0.93727168 -0.37973009
v 0.36889530 -0.90400630 -0.38611673
v 0.15326138 -0.91620489 -0.44215813
v 0.27910053 -0.91325157 -0.46235531
v 0.25421698 -0.89801165 -0.45995355
v 0.19073166 -0.92367238 -0.50053651
v 0.28518349 -0.93028252 -0.00803590
v 0.27281790 -0.93693236 -0.06559763
v 0.34504915 -0.89399331 -0.05503751
v 0.35110336 -0.92975178 -0.07637685
v 0.30752796 -0.91089214 -0.13707398
v 0.33762353 -0.92888079 -0.13200585
v 0.38118835 -0.90282149 -0.14192714
v 0.30226863 -0.94865538 -0.16893023
v 0.24608342 -0.90464925 -0.16191976
v 0.18772047 -0.92360134 -0.15601583
v 0.36257171 -0.89935378 -0.20384410
v 0.38036975 -0.91779056 -0.21079026
v 0.04496294 -0.91607825 -0.26104184
v 0.29381639 -0.90575703 -0.28736459
v 0.08683130 -0.92687738 -0.31965428
v 0.09358037 -0.94300831 -0.33880992
v 0.39795839 -0.92128663 -0.30599844
v 0.28313090 -0.92174144 -0.33397891
v 0.34583771 -0.91436198 -0.37082106
v 0.14565944 -0.91892071 -0.36177220
v 0.10547476 -0.93991145 -0.38268904
v 0.24176621 -0.91792384 -0.37276282
v 0.38674375 -0.89354870 -0.42127229
v 0.32328895 -0.92983378 -0.47175606
v 0.15695219 -0.92378675 -0.48683219
v 0.17962191 -0.92313414 0.01183036
v 0.31302486 -0.92488492 -0.01132988
v 0.16833519 -0.92682691 -0.04169821
v 0.24886893 -0.92330500 -0.05032707
v 0.12866922 -0.91606408 -0.09850362
v 0.36301376 -0.91934166 -0.12799368
v 0.33259607 -0.92055195 -0.11940118
v 0.25701161 -0.89871551 -0.14810737
v 0.38364740 -0.87674436 -0.16523688
v 0.27943727 -0.93388712 -0.20006124
v 0.39537644 -0.89503166 -0.25746276
v 0.13142556 -0.92488523 -0.26621285
v 0.17431939 -0.93246685 -0.30440115
v 0.32949669 -0.91216420 -0.30504636
v 0.36671308 -0.87735989 -0.40131861
v 0.04588965 -0.92244382 -0.37630479
v 0.32200919 -0.87725465 -0.37557681
v 0.04640777 -0.91015574 -0.40154145
v 0.17070494 -0.90079173 -0.42377588
v 0.32971155 -0.91125842 -0.38392365
v 0.25243437 -0.88225931 -0.44750859
v 0.30377219 -0.91311271 -0.46606190
v 0.23904248 -0.88294833 -0.47039898
v 0.11169590 -0.92765127 -0.42790615
v 0.37577617 -0.88540911 -0.47999504
v 0.26314713 -0.91034824 -0.47239481
v 0.24164853 -0.91276201 -0.50607105
v 0.14095107 -0.89426434 -0.50777107
v 0.39600726 -0.91512738 -0.45834405
v 0.31139140 -0.92436720 -0.51729866
v 0.35876103 -0.91099051 -0.51110049
v 0.14254045 -0.89655699 0.04755643
v 0.13162091 -0.91174800 0.00509758
v 0.18167710 -0.89029266 0.02691624
v 0.26959463 -0.88513912 0.01344649
v 0.22234088 -0.87753973 0.02333272
v 0.14138918 -0.91995228 0.00302359
v 0.31048565 -0.88259452 0.00827357
v 0.22914585 -0.89279160 -0.00651735
v 0.13043361 -0.89520337 -0.02747491
v 0.22165986 -0.87841350 -0.06973016
v 0.19913941 -0.89688516 -0.09935264
v 0.23028944 -0.91143175 -0.13660758
v 0.30803556 -0.91435051 -0.14935684
v 0.35155424 -0.87765563 -0.19676838
v 0.33052777 -0.87470094 -0.20365239
v 0.18111568 -0.87312297 -0.19250458
v 0.25754569 -0.91362526 -0.22194795
v 0.30681805 -0.86406253 -0.22713826
v 0.36617856 -0.87134227 -0.21766229
v 0.36086355 -0.89698950 -0.28206044
v 0.20679679 -0.88612868 -0.28313528
v 0.30962351 -0.88345062 -0.29092196
v 0.14499128 -0.89471168 -0.28906443
v 0.13617745 -0.93881195 -0.30378456
v 0.06208720 -0.91894120 -0.30142409
v 0.01475090 -0.91941355 -0.31748611
v 0.14432333 -0.89745907 -0.37001232
v 0.07165723 -0.89929465 -0.40730604
v 0.18214682 -0.86447816 -0.38850679
v 0.13355730 -0.91274402 -0.40851441
v 0.09094262 -0.91726782 -0.44456346
v 0.37023957 -0.87592490 -0.44483120
v 0.10116241 -0.89890313 -0.47905793
v 0.22419706 -0.90162288 -0.49971656
v 0.15175448 -0.86215780 -0.50437916
v 0.22822822 -0.87192933 -0.53347785
v 0.24000312 -0.88926852 -0.00122926
v 0.31599128 -0.85977818 -0.00793266
v 0.35576107 -0.86386267 -0.03184306
v 0.28131702 -0.85418075 -0.00754683
v 0.35361744 -0.85729229 -0.08828996
v 0.37727260 -0.89341881 -0.09262701
v 0.20676916 -0.91007997 -0.12132005
v 0.15257918 -0.90653518 -0.12234634
v 0.06817433 -0.91205783 -0.12841171
v 0.03559867 -0.91321132 -0.15949071
v 0.16964492 -0.90240851 -0.15786924
v 0.13753664 -0.90302586 -0.16213875
v 0.07446153 -0.90647953 -0.17748256
v 0.14123472 -0.87796587 -0.21586833
v 0.39200797 -0.87090326 -0.23812608
v 0.08040484 -0.88339575 -0.22066175
v 0.03935798 -0.88226569 -0.27245080
v 0.17285147 -0.86600869 -0.29575909
v 0.03866155 -0.87574321 -0.28804227
v 0.28464514 -0.89528625 -0.29645813
v 0.19553982 -0.88440423 -0.29597421
v 0.04042897 -0.91169194 -0.30361097
v 0.17956418 -0.88517753 -0.33622479
v 0.13007673 -0.85877992 -0.36019645
v 0.09487000 -0.89020555 -0.39941535
v 0.40790877 -0.86452358 -0.38834447
v 0.30199455 -0.85886986 -0.38386052
v 0.10435995 -0.89792832 -0.40003123
v 0.25194973 -0.86366364 -0.42776379
v 0.08017028 -0.87525208 -0.46219034
v 0.33398077 -0.86509913 -0.42580983
v 0.23160945 -0.88996588 -0.48735845
v 0.20757005 -0.88862298 -0.51041093
v 0.36099456 -0.89210095 -0.52855812
v 0.34187629 -0.90392744 -0.54869703
v 0.14994156 -0.88187605 0.05952367
v 0.23631211 -0.84543993 0.02488799
v 0.18437399 -0.86125936 0.02219864
v 0.34646918 -0.82818108 -0.03675336
v 0.12298585 -0.89361474 -0.07434762
v 0.29166530 -0.84654313 -0.05103118
v 0.19733086 -0.87505412 -0.08505860
v 0.09015522 -0.88172471 -0.13273993
v 0.04252857 -0.90311872 -0.09845594
v 0.36743502 -0.86802833 -0.10346862
v 0.19826947 -0.87533583 -0.16254420
v 0.38436030 -0.85074052 -0.15984585
v 0.12584647 -0.87244437 -0.19427747
v 0.04299769 -0.90676001 -0.20174127
v 0.36965345 -0.84117426 -0.20674663
v 0.31001049 -0.85308797 -0.23999948
v 0.38138047 -0.83948150 -0.24824946
v -0.00022086 -0.90045425 -0.27178033
v 0.38240397 -0.87215738 -0.28528413
v 0.34314421 -0.88113517 -0.30095948
v 0.17568107 -0.86083520 -0.30990036
v -0.00975846 -0.90671521 -0.32331522
v 0.18035820 -0.87037227 -0.32225543
v -0.03413460 -0.86665625 -0.37480885
v 0.35727069 -0.85709896 -0.32491512
v 0.39976425 -0.86560335 -0.33912338
v 0.28460450 -0.83924552 -0.35670015
v 0.18527143 -0.87652609 -0.36406274
v 0.03249782 -0.87219867 -0.40567046
v 0.04660990 -0.88277625 -0.40531502
v 0.21687293 -0.84102334 -0.44307281
v 0.17952444 -0.85600706 -0.48875314
v 0.26055930 -0.85585008 -0.55886858
v 0.35875953 -0.85159897 -0.56300732
v 0.30442458 -0.85024856 -0.58361884
v 0.15218888 -0.86014368 0.08450292
v 0.12379476 -0.84840124 0.02556384
v 0.08551128 -0.88977236 -0.03755892
v 0.10755262 -0.88414206 -0.08450482
v 0.12424115 -0.85550862 -0.11999005
v 0.07055347 -0.89986009 -0.05394742
v 0.11375098 -0.88164614 -0.13386839
v 0.00169879 -0.88522170 -0.13141964
v 0.28153680 -0.83157286 -0.12038925
v 0.26483715 -0.84032082 -0.11744117
v 0.00584658 -0.88427658 -0.15047242
v 0.22972408 -0.86293931 -0.18564552
v 0.08626137 -0.87482364 -0.18788227
v 0.32685878 -0.84316109 -0.24294677
v 0.23198622 -0.87278274 -0.19867730
v -0.02865842 -0.88839466 -0.22473491
v 0.39035665 -0.81955603 -0.26966746
v 0.02606902 -0.88909448 -0.28579929
v 0.04690496 -0.85345561 -0.29387988
v 0.15298056 -0.87313782 -0.37589479
v -0.02287016 -0.86015733 -0.38515504
v 0.36253021 -0.83861642 -0.41415500
v 0.01821616 -0.86913548 -0.43086816
v 0.10448929 -0.86697059 -0.46259055
v 0.11332348 -0.86493841 -0.48553876
v 0.05232353 -0.89112979 -0.44788370
v 0.25187613 -0.86010442 -0.47453283
v 0.26751061 -0.88302947 -0.56287556
v 0.36502247 -0.86843957 -0.53364521
v 0.34960212 -0.82488706 -0.58190713
v 0.13056459 -0.84130554 0.06204449
v 0.09242552 -0.86426841 0.03494085
v 0.09612334 -0.88141565 0.00222236
v 0.18925331 -0.80097413 -0.02688674
v 0.11796644 -0.79106465 -0.03604531
v 0.06414463 -0.87787187 -0.03809838
v 0.11861126 -0.85339414 -0.08324348
v 0.23377035 -0.82019774 -0.00837189
v 0.22100494 -0.80173679 -0.05203961
v 0.36579872 -0.82844293 -0.06306314
v 0.37515803 -0.81845831 -0.11803779
v 0.02378816 -0.88058864 -0.08064105
v -0.00992067 -0.86715429 -0.09205244
v 0.35379760 -0.83562970 -0.14499242
v 0.17595705 -0.84189153 -0.17825084
v 0.19290748 -0.84465098 -0.20786378
v -0.01038082 -0.88524296 -0.19652120
v -0.06558970 -0.86705149 -0.20718463
v -0.06514268 -0.85618234 -0.24060710
v 0.14338753 -0.83154688 -0.22496063
v 0.09718002 -0.81573625 -0.22603548
v 0.27691726 -0.82866176 -0.27126369
v 0.01360394 -0.87187532 -0.23213599
v 0.39021906 -0.82499570 -0.29789461
v -0.06749158 -0.85106739 -0.32632415
v 0.37113334 -0.84682369 -0.31819944
v -0.04997574 -0.82641230 -0.34954042
v 0.40226299 -0.83645807 -0.33697394
v 0.06234272 -0.84809578 -0.35191513
v -0.01273346 -0.82878397 -0.37042479
v 0.18536949 -0.86532279 -0.37160431
v 0.09434810 -0.84168312 -0.38655481
v 0.05771488 -0.84900048 -0.38538247
v 0.02412534 -0.85141061 -0.39104847
v 0.31025872 -0.83981023 -0.41732445
v 0.19281910 -0.83696527 -0.44706953
v 0.30929551 -0.80745600 -0.42738140
v 0.04585635 -0.83644003 -0.46719466
v 0.38439412 -0.86002587 -0.48539699
v 0.24464122 -0.84367328 -0.44439034
v 0.31739782 -0.84933383 -0.46766692
v 0.41201176 -0.84356831 -0.53557366
v 0.21859497 -0.86650622 -0.51284522
v 0.11546086 -0.87198678 -0.49242395
v 0.38686783 -0.82640744 -0.54829826
v 0.18549303 -0.87269425 -0.54051467
v 0.15697894 -0.86296715 -0.50662942
v 0.13475651 -0.86854325 -0.54212017
v 0.18933228 -0.82884358 -0.58455827
v 0.23294085 -0.84088613 0.08503440
v 0.09999980 -0.84789424 0.05680507
v 0.04521222 -0.89004430 0.03821873
v 0.10823123 -0.84426507 0.01768429
v 0.30258022 -0.81033914 -0.07373663
v 0.21871533 -0.81232058 -0.10580286
v 0.10877948 -0.87898803 -0.16751357
v -0.02762320 -0.88180146 -0.16977777
v -0.01301259 -0.83260835 -0.11963106
v 0.37221038 -0.79883367 -0.18247813
v 0.16414868 -0.81127801 -0.21497681
v 0.08311582 -0.86198131 -0.14785092
v -0.07135231 -0.84551962 -0.17631235
v 0.31553914 -0.81003964 -0.23204681
v 0.02926433 -0.85243304 -0.24090878
v 0.35984899 -0.81583410 -0.21951637
v 0.15234154 -0.80536410 -0.24118269
v -0.09833222 -0.83416548 -0.28685070
v 0.27326515 -0.81202478 -0.25976712
v 0.34789814 -0.79937730 -0.26961586
v 0.37809152 -0.80141854 -0.28232205
v 0.28638444 -0.80604580 -0.28523758
v -0.07678330 -0.82247321 -0.32268969
v 0.25499802 -0.78664430 -0.35718360
v 0.07611418 -0.84175116 -0.36309468
v 0.01427788 -0.84279897 -0.39040561
v 0.39694443 -0.81375893 -0.35867348
v 0.13872351 -0.84618468 -0.36494253
v 0.15198847 -0.87046894 -0.37854105
v 0.11418561 -0.84831345 -0.37294129
v 0.39744163 -0.82856591 -0.38714546
v 0.17118687 -0.86025293 -0.38691898
v 0.37347386 -0.80957317 -0.40563660
v 0.25258873 -0.81052437 -0.36075333
v 0.24326655 -0.84734663 -0.42899565
v 0.13907027 -0.82208008 -0.47438296
v 0.21285440 -0.85887887 -0.46692043
v 0.34629756 -0.86612040 -0.49288201
v 0.41093530 -0.85491106 -0.50813033
v 0.08401105 -0.84859816 -0.46402216
v 0.08507978 -0.85229781 -0.52427352
v 0.20773532 -0.83969900 0.09971004
v 0.20224750 -0.84344002 0.04591819
v 0.03146167 -0.87418806 0.07436269
v 0.17535452 -0.86958351 0.04917521
v 0.02586398 -0.85893365 -0.01044756
v 0.09585704 -0.80898546 -0.00723260
v 0.14396062 -0.84410316 -0.05459326
v 0.21142442 -0.78752185 -0.06960465
v 0.34096224 -0.79253437 -0.07499337
v -0.00747416 -0.82552931 -0.07652886
v 0.21314337 -0.79057174 -0.11922358
v 0.09857498 -0.83011943 -0.11148024
v 0.24617489 -0.81162500 -0.12609305
v -0.04996437 -0.81767197 -0.12231334
v 0.04350386 -0.80618467 -0.15482579
v 0.10233724 -0.82065473 -0.19989335
v 0.34860350 -0.78338647 -0.19229101
v 0.08484614 -0.83018379 -0.19457009
v 0.11300127 -0.76756165 -0.25052237
v -0.08336127 -0.80409428 -0.30590404
v 0.26567494 -0.81450862 -0.27811099
v 0.39705712 -0.80807824 -0.31173768
v 0.37190492 -0.79586098 -0.37029624
v 0.31654035 -0.82141590 -0.39578035
v 0.04872046 -0.81710778 -0.36133530
v 0.08010536 -0.81323081 -0.44329879
v 0.00379871 -0.81283755 -0.46908938
v 0.34613669 -0.84352403 -0.45576787
v 0.18233128 -0.86056833 -0.49313030
v 0.41072708 -0.83121215 -0.46157688
v 0.41270853 -0.80662185 -0.52637449
v 0.03630450 -0.83612138 -0.46893741
v 0.38449114 -0.79873579 -0.52945366
v 0.33587461 -0.80590864 -0.50714031
v 0.21944119 -0.85511914 -0.54041035
v 0.13893318 -0.80738931 -0.59409475
v 0.37837053 -0.80297075 -0.54343155
v 0.34029583 -0.77817007 -0.56920668
v 0.30690388 -0.79694551 -0.58991848
v 0.23761427 -0.83106781 -0.59066413
v 0.01240041 -0.82189102 0.08319352
v 0.08518042 -0.82522528 0.07912187
v 0.10934781 -0.80229399 0.04261967
v -0.02232818 -0.83691093 0.01902990
v 0.30687811 -0.83501656 0.00355748
v 0.22325301 -0.76295072 -0.09392387
v 0.36924011 -0.77256936 -0.09111375
v 0.08649491 -0.80408646 -0.15247922
v 0.37003797 -0.77710007 -0.15793600
v 0.31159170 -0.79109380 -0.15857399
v 0.06159453 -0.84935091 -0.23740263
v -0.06898996 -0.79919392 -0.22049534
v -0.09018523 -0.83864258 -0.25049252
v 0.01273359 -0.81620710 -0.24966012
v -0.08993999 -0.78574006 -0.28251996
v 0.02758100 -0.82461047 -0.26751516
v 0.36269130 -0.78631500 -0.31537750
v 0.00842977 -0.80899974 -0.36922819
v 0.03260530 -0.77256488 -0.35836772
v 0.34319700 -0.79183962 -0.33586391
v -0.05102654 -0.83888546 -0.36269134
v 0.35682037 -0.78185369 -0.39955427
v -0.02262148 -0.83733395 -0.39304136
v -0.01609299 -0.82842765 -0.44809843
v -0.00099906 -0.83614635 -0.46556058
v 0.16944642 -0.81192261 -0.47096733
v 0.13100156 -0.81142132 -0.45185650
v 0.08300721 -0.82524607 -0.45462946
v 0.36145885 -0.79041178 -0.51825500
v 0.16172016 -0.80038673 -0.48323132
v 0.04571678 -0.85814471 -0.49058731
v 0.15693165 -0.82179037 -0.49768203
v 0.13749196 -0.81215127 -0.47502974
v 0.08122204 -0.81941567 -0.54167144
v 0.04469138 -0.82794821 -0.52894860
v 0.13911666 -0.79369390 -0.59535790
v 0.20991879 -0.77864879 -0.62206519
v 0.17066460 -0.81764045 0.10436939
v 0.15668486 -0.76616363 0.07483532
v 0.05433830 -0.80029406 0.09561559
v 0.02049934 -0.83335830 0.08821533
v 0.26537023 -0.82740815 0.04220562
v 0.26258964 -0.83422520 0.06338447
v 0.13810162 -0.78174314 0.04106890
v 0.01766409 -0.85198969 0.01723795
v 0.34039126 -0.82244280 -0.00401883
v 0.20204723 -0.78804044 -0.00609238
v 0.03316291 -0.82932947 -0.03205857
v -0.01996406 -0.84713780 -0.01494799
v 0.32573719 -0.80326778 -0.03848943
v 0.09292151 -0.76743058 -0.05022733
v 0.00932694 -0.83354845 -0.03466000
v -0.03454594 -0.83523583 -0.05613344
v 0.11536362 -0.76402236 -0.11488243
v 0.09434690 -0.76017161 -0.11023821
v 0.24342674 -0.79107034 -0.08436365
v 0.22526866 -0.76856529 -0.15237293
v 0.09637312 -0.81563572 -0.16547071
v -0.06972958 -0.82364638 -0.14521129
v 0.20781200 -0.76535969 -0.16398561
v 0.07835963 -0.81657908 -0.17457983
v 0.30230706 -0.79697161 -0.18460187
v 0.30177459 -0.81282528 -0.23296110
v 0.14972653 -0.78913710 -0.23932061
v 0.08048606 -0.81108521 -0.21898626
v 0.08953580 -0.78730682 -0.23337838
v 0.31696437 -0.81024051 -0.23271758
v -0.11087997 -0.80941944 -0.27161103
v 0.30693838 -0.80188363 -0.28700338
v 0.05689496 -0.83013304 -0.27335147
v 0.04028088 -0.79069558 -0.25150820
v -0.01184026 -0.80474239 -0.30596633
v -0.10891389 -0.81138997 -0.31404874
v 0.21955382 -0.75253124 -0.34433024
v -0.03960026 -0.83575860 -0.41906787
v 0.10633051 -0.80358444 -0.42825255
v 0.00558011 -0.82409217 -0.41447166
v 0.13075605 -0.81598889 -0.42619746
v 0.38268754 -0.82855349 -0.42710202
v 0.33063190 -0.79909413 -0.43666738
v 0.41789554 -0.78643428 -0.50630344
v 0.40594427 -0.77190013 -0.53183093
v 0.25493765 -0.77321225 -0.52253179
v 0.21406764 -0.77843753 -0.50089219
v 0.34424953 -0.79156341 -0.53271385
v 0.31125154 -0.76626197 -0.53311200
v 0.28054457 -0.78059763 -0.49560461
v 0.29548463 -0.76714472 -0.58951678
v 0.25721259 -0.78328772 -0.60251204
v 0.23115271 -0.82212148 0.17481853
v 0.26783823 -0.79714167 0.18942640
v 0.28261188 -0.81289162 0.16631911
v 0.27871745 -0.81606631 0.13952689
v 0.12356485 -0.81165514 0.12230788
v 0.02831119 -0.79278065 0.09806426
v 0.29368791 -0.81017950 0.07540614
v -0.01685425 -0.79150956 0.04950139
v 0.31629109 -0.81657525 0.03585922
v 0.25962028 -0.80804655 -0.03135464
v 0.03588018 -0.79458210 -0.03704176
v -0.02549151 -0.80940080 -0.08872185
v -0.08544537 -0.81537624 -0.08274280
v -0.06743309 -0.81567499 -0.11535383
v 0.13934297 -0.81306040 -0.10312297
v 0.32842723 -0.77208364 -0.06999585
v 0.26870435 -0.78536217 -0.06588681
v 0.35334728 -0.75522198 -0.15088512
v 0.32859039 -0.73737638 -0.13833899
v 0.13238206 -0.78552934 -0.23585386
v 0.34971856 -0.79267958 -0.26392374
v 0.36943346 -0.77451558 -0.22204006
v -0.04092679 -0.79740858 -0.28502304
v 0.35355598 -0.77341139 -0.28070859
v 0.30686422 -0.78473677 -0.31685486
v 0.03032847 -0.77384243 -0.35281708
v -0.06485826 -0.78985988 -0.30161081
v -0.09478269 -0.80257336 -0.30153759
v -0.11688918 -0.80999143 -0.34529326
v 0.30148912 -0.76144493 -0.37564883
v 0.37446713 -0.74742239 -0.34526361
v 0.04989097 -0.77339037 -0.37999371
v 0.02277053 -0.80372791 -0.39244608
v -0.04107276 -0.80915347 -0.44601579
v 0.05964755 -0.75930356 -0.44326839
v 0.02839922 -0.76893892 -0.45743386
v 0.22705243 -0.77929163 -0.48624652
v 0.13860680 -0.80669293 -0.45949850
v 0.27880913 -0.76793323 -0.50863405
v 0.02232486 -0.79408678 -0.46304021
v -0.01777486 -0.79052313 -0.46222077
v -0.00731242 -0.79188107 -0.52206618
v 0.19646161 -0.76697750 -0.50018902
v 0.04030502 -0.80315715 -0.54106902
v 0.22656085 -0.74875317 -0.53160246
v 0.12591839 -0.77935114 -0.56812562
v 0.09715430 -0.78015200 -0.58347893
v 0.23241668 -0.75658014 -0.58282397
v 0.27536284 -0.75493668 -0.57856898
v 0.22340020 -0.81711159 0.14577407
v 0.31389692 -0.77659497 0.16268264
v 0.25202915 -0.80952898 0.12422827
v 0.14816839 -0.79800973 0.16173794
v 0.11663068 -0.80437218 0.15404258
v 0.06076881 -0.80430360 0.15326761
v 0.14003369 -0.80050738 0.10989010
v 0.01889789 -0.77890255 0.09296495
v 0.26029535 -0.81075680 0.09122162
v 0.21266642 -0.79908308 0.09196096
v 0.09397728 -0.76495947 0.05125367
v 0.33614298 -0.81926812 0.02390630
v 0.27865942 -0.75601304 0.06136046
v 0.23555967 -0.80991262 0.03011685
v 0.36109027 -0.80473986 0.01805250
v 0.23189414 -0.77820163 -0.03624745
v 0.11163629 -0.73547479 -0.03345581
v -0.07154036 -0.81436736 -0.01515835
v 0.18922526 -0.78286489 -0.04179435
v 0.01927398 -0.80541967 -0.03986931
v 0.00822657 -0.77923530 -0.07552673
v 0.04586685 -0.78156284 -0.16589790
v -0.04758096 -0.76428448 -0.14536268
v 0.31493751 -0.75376339 -0.16094452
v -0.05798603 -0.80989355 -0.18313833
v 0.34432384 -0.77556367 -0.18314377
v 0.10315016 -0.76198019 -0.21828665
v -0.11242735 -0.78138412 -0.26420824
v 0.06089412 -0.77291754 -0.25321394
v 0.00493714 -0.75668300 -0.30209127
v 0.24158406 -0.74753481 -0.28630045
v 0.32144847 -0.78054219 -0.32946657
v 0.21874197 -0.74056753 -0.30721780
v -0.01244108 -0.77247859 -0.30251763
v 0.23880424 -0.75703706 -0.33719843
v 0.27893456 -0.73548489 -0.33908319
v -0.03096268 -0.80634154 -0.35096763
v -0.07305997 -0.80258604 -0.41464547
v -0.02812859 -0.77651749 -0.45068176
v 0.38512832 -0.80487461 -0.41190240
v 0.33710122 -0.76677158 -0.38585695
v 0.39324202 -0.77861837 -0.41893912
v 0.29613022 -0.78326340 -0.42081305
v 0.32477037 -0.77999197 -0.52596492
v 0.00350425 -0.75650873 -0.53315071
v 0.37592255 -0.75167970 -0.52658904
v 0.25344972 -0.77349217 0.22871196
v 0.29202577 -0.77229962 0.16999126
v 0.31925240 -0.78116040 0.10060484
v 0.02816753 -0.78056632 0.16203934
v 0.07263261 -0.78995669 0.08210729
v 0.33030315 -0.79008401 0.06506248
v 0.31425135 -0.79164835 0.03808613
v 0.23453930 -0.76626768 -0.00119655
v 0.11374627 -0.73628716 0.01931823
v 0.23760409 -0.76144210 -0.05913291
v -0.04646101 -0.77005506 0.00813131
v -0.10219796 -0.79427367 -0.11368051
v 0.35822778 -0.74041361 -0.11204607
v -0.01725859 -0.78058512 -0.12566114
v 0.30895136 -0.75864026 -0.15137866
v 0.10821749 -0.77214380 -0.18680014
v -0.07953371 -0.79662941 -0.17374806
v 0.34810816 -0.73105907 -0.21620272
v -0.09866997 -0.79812627 -0.22437247
v 0.37077729 -0.74058182 -0.25916836
v 0.26865105 -0.74878085 -0.24779336
v -0.03211752 -0.75911931 -0.27974450
v -0.08136603 -0.73996570 -0.28575274
v 0.37461338 -0.75809325 -0.32070245
v 0.08374648 -0.77512352 -0.25035195
v 0.05299001 -0.77157676 -0.36934089
v 0.35592901 -0.74583863 -0.36061715
v 0.00861040 -0.77505723 -0.34814784
v 0.32395642 -0.78498398 -0.39564194
v 0.24380505 -0.76878791 -0.39226306
v 0.37934626 -0.74174720 -0.42109941
v 0.06405555 -0.78750233 -0.46804723
v 0.20579329 -0.75147879 -0.48021387
v 0.39232945 -0.73460852 -0.47331582
v 0.35257567 -0.73790276 -0.48530946
v 0.24543134 -0.76008690 -0.53366018
v 0.04112333 -0.76278001 -0.45891594
v -0.02709455 -0.80371002 -0.49813053
v 0.31251011 -0.75086256 -0.54086214
v 0.19034928 -0.71390347 -0.52130174
v 0.15534560 -0.74542015 -0.57358350
v 0.06817545 -0.74682710 -0.57820794
v 0.13992788 -0.70901902 -0.58745071
v 0.21237337 -0.72658258 -0.57305279
v 0.18368862 -0.74756227 -0.58691611
v 0.10611524 -0.72953781 -0.57963667
v 0.28800516 -0.75810765 0.19888419
v 0.19870283 -0.78949961 0.15202366
v 0.27430955 -0.76949403 0.17244837
v 0.16456092 -0.77413485 0.17461728
v 0.09722989 -0.77369478 0.15603943
v 0.34526269 -0.76536850 0.11396269
v 0.12811012 -0.75665166 0.05344406
v 0.08464656 -0.77265097 0.07319275
v 0.29350476 -0.73488004 0.02968995
v 0.36335373 -0.77508346 0.05099239
v 0.20886184 -0.74755094 0.05320192
v 0.17433471 -0.73045604 0.07000537
v 0.29029898 -0.75733264 0.02503450
v 0.21968666 -0.73323331 -0.01542975
v 0.27719474 -0.77613878 -0.04993435
v 0.02209561 -0.75403368 -0.03027038
v -0.10664502 -0.78625636 -0.03904053
v 0.11048158 -0.73143895 -0.06286652
v 0.31320061 -0.72700516 -0.08895152
v 0.20991492 -0.75122794 -0.11098210
v 0.18859838 -0.72633444 -0.12153219
v 0.19923274 -0.76635109 -0.15452965
v 0.05895703 -0.74080776 -0.17400350
v -0.07979788 -0.78122426 -0.14961770
v 0.35333757 -0.71882780 -0.19242158
v 0.28862253 -0.74053634 -0.23015141
v 0.26752001 -0.72127480 -0.20543163
v 0.25584263 -0.71622130 -0.23805312
v 0.03574052 -0.74734589 -0.18650857
v -0.04326337 -0.76448790 -0.20877975
v 0.35948810 -0.69735797 -0.22957416
v 0.11633840 -0.76436312 -0.23775200
v 0.35982260 -0.72221741 -0.27417902
v -0.12091173 -0.78028853 -0.24528890
v 0.33441059 -0.71381466 -0.26762920
v 0.24989510 -0.71889372 -0.28694088
v 0.37260877 -0.74915896 -0.30016512
v -0.10313763 -0.76077790 -0.31700761
v 0.02716572 -0.76280162 -0.33302504
v -0.08603286 -0.77723377 -0.29563411
v -0.08739972 -0.73341954 -0.34111043
v 0.21748489 -0.73419965 -0.33741883
v -0.12664795 -0.74370138 -0.33527126
v -0.13804524 -0.76768821 -0.33686088
v 0.26340123 -0.75742690 -0.37872120
v -0.04676417 -0.76820782 -0.42178218
v -0.09137236 -0.76815583 -0.44562015
v 0.02210628 -0.73675927 -0.43999490
v 0.14102040 -0.72722334 -0.45605856
v 0.16125447 -0.70861503 -0.47422926
v 0.23009554 -0.74451676 -0.54346383
v 0.26348061 -0.73501840 -0.55527363
v 0.35864639 -0.73521361 -0.52812038
v 0.10872076 -0.71028137 -0.54247758
v 0.02005853 -0.77379941 -0.57099515
v 0.08982190 -0.72222447 -0.55357182
v 0.15889968 -0.70549824 -0.58061394
v 0.03963918 -0.73828051 -0.58188286
v 0.17804973 -0.71145021 -0.59152008
v 0.20778100 -0.71020643 -0.57861929
v 0.26032203 -0.73966897 0.27423715
v 0.30306729 -0.73397383 0.24339895
v 0.13722778 -0.75493756 0.21770312
v 0.07481652 -0.71229692 0.24931099
v 0.11851731 -0.78275380 0.17451618
v 0.25946449 -0.73090444 0.15617954
v 0.00911564 -0.70944173 0.18108022
v -0.01107106 -0.74278471 0.17323136
v -0.00274128 -0.76467718 0.15897627
v 0.31339728 -0.70173577 0.16443475
v 0.05514017 -0.72537991 0.16188361
v -0.05425040 -0.74319792 0.15234155
v 0.30162875 -0.77555965 0.09135701
v -0.04492332 -0.76695912 0.10116999
v -0.08967644 -0.73999105 0.09213489
v 0.36213870 -0.73968954 0.07700704
v -0.04242128 -0.76951299 0.04733759
v 0.25634088 -0.71381421 0.05961981
v -0.00030801 -0.75681491 0.03393780
v 0.12155605 -0.69825194 0.00592967
v 0.31266784 -0.77462801 -0.05101127
v -0.14612588 -0.73754841 -0.03798781
v 0.02965283 -0.78098100 -0.06101703
v -0.09343850 -0.75158496 -0.10097332
v 0.05953123 -0.72406888 -0.16536908
v 0.04699426 -0.72804979 -0.17048748
v 0.07570417 -0.75587747 -0.18663677
v -0.10033417 -0.76560762 -0.17405731
v 0.10982531 -0.76097271 -0.21659992
v 0.09020780 -0.76590994 -0.25361793
v -0.12421122 -0.75171832 -0.28023528
v 0.34005936 -0.72336025 -0.29628550
v -0.01964235 -0.75789906 -0.28236108
v 0.01397017 -0.75789279 -0.34010650
v -0.06462404 -0.71672925 -0.35143790
v 0.29127099 -0.74521341 -0.36642539
v 0.15890149 -0.72633164 -0.42545037
v -0.04604317 -0.75029470 -0.43929873
v -0.07176348 -0.76190670 -0.44978303
v 0.14881680 -0.71533395 -0.42364658
v 0.30163810 -0.72382942 -0.43738419
v 0.32227673 -0.71627024 -0.47110024
v 0.28411484 -0.72359598 -0.43790342
v 0.20575674 -0.73655742 -0.48656946
v 0.18377436 -0.70756127 -0.46898731
v 0.35357600 -0.72246000 -0.52544283
v 0.12456263 -0.72199037 -0.49796157
v 0.16865075 -0.70535124 -0.49799698
v -0.03800253 -0.74386212 -0.53613032
v 0.30591108 -0.70616191 -0.57165500
v 0.31190618 -0.68607912 -0.57063346
v 0.11909582 -0.70413412 -0.57516020
v 0.03005310 -0.71796730 -0.58056932
v 0.22346762 -0.76479110 0.25178551
v 0.20302656 -0.76518401 0.22386468
v 0.16271186 -0.74195178 0.18232769
v 0.07719620 -0.70601709 0.11806668
v 0.15031894 -0.74687035 0.09458484
v 0.01496210 -0.75789850 0.06704994
v -0.09490528 -0.70924441 0.08367316
v -0.09353583 -0.73627109 0.07795586
v 0.34467447 -0.69987518 0.04317873
v 0.01515909 -0.75539345 0.09157352
v 0.14655261 -0.71380869 0.05549963
v 0.35946927 -0.70436552 -0.02252324
v -0.02964096 -0.76666007 0.02006012
v 0.27934343 -0.73239775 -0.04707849
v 0.35488412 -0.73171827 -0.05467494
v -0.08209577 -0.71355426 -0.07176173
v 0.25119215 -0.70656374 -0.06508871
v 0.13485854 -0.74816112 -0.02439822
v -0.09200518 -0.73709886 -0.09158741
v -0.02273570 -0.74787068 -0.11410485
v 0.00204194 -0.72459074 -0.11107878
v 0.26940375 -0.70118388 -0.07697761
v 0.08234048 -0.77606948 -0.13674224
v -0.00272345 -0.72157134 -0.14740773
v 0.29987755 -0.72554121 -0.14838620
v 0.31051627 -0.71326275 -0.11999501
v -0.07722971 -0.75826400 -0.14965440
v -0.11755098 -0.74592282 -0.16886659
v 0.29378293 -0.68941786 -0.19269045
v 0.09424149 -0.74925633 -0.19443940
v 0.06733185 -0.74548321 -0.19133668
v -0.08400649 -0.77298644 -0.20544529
v 0.34150807 -0.74753530 -0.38432948
v -0.12046177 -0.71333063 -0.34337768
v -0.13561411 -0.74008032 -0.43910885
v 0.17340457 -0.71577923 -0.43567254
v -0.01999053 -0.73808536 -0.41040533
v -0.09127906 -0.75293360 -0.46894912
v 0.28687545 -0.69498457 -0.43082664
v 0.20270364 -0.71204701 -0.45683064
v 0.38334369 -0.71340384 -0.44348292
v 0.35693787 -0.70733284 -0.47417162
v -0.07524367 -0.76892628 -0.46934769
v 0.27872576 -0.69422213 -0.46693933
v 0.01388679 -0.74544516 -0.44344354
v 0.12671680 -0.69849268 -0.48828139
v 0.31417807 -0.66529644 -0.51004919
v -0.07484844 -0.75105984 -0.50248044
v -0.00067060 -0.74055505 -0.52897807
v 0.16336196 -0.68984647 -0.56323113
v 0.27256353 -0.70370697 -0.56326424
v 0.17223848 -0.72926862 0.29230925
v 0.19700405 -0.75488119 0.24426230
v 0.21684286 -0.72338827 0.29464258
v 0.11284451 -0.77298681 0.20442869
v 0.28416233 -0.71266317 0.17402155
v -0.02440290 -0.69382859 0.15722004
v 0.15813762 -0.71190850 0.15218485
v 0.34341422 -0.73131409 0.11765247
v -0.04254871 -0.70252799 0.12373137
v 0.10771889 -0.69711170 0.04122704
v -0.06538417 -0.69745498 0.08842828
v 0.19586349 -0.69388052 0.04344383
v 0.10351952 -0.70865178 0.00101752
v 0.34236339 -0.70802366 0.00704914
v -0.11533325 -0.75530289 -0.00153275
v 0.28271945 -0.71797765 -0.05436646
v 0.21176586 -0.72737579 -0.04867559
v 0.33097495 -0.71058895 -0.08055200
v -0.06327786 -0.71900879 -0.05730451
v -0.13648760 -0.74145308 -0.07567586
v -0.10980081 -0.70363093 -0.08601444
v 0.00783740 -0.71816974 -0.07512936
v 0.07394587 -0.70229185 -0.08387459
v 0.07897430 -0.69047142 -0.12109019
v 0.29800754 -0.70103432 -0.09630217
v -0.04841554 -0.75481902 -0.13346927
v -0.08390436 -0.75752094 -0.12203482
v -0.08457502 -0.74754202 -0.14392152
v 0.35040964 -0.71900394 -0.15690685
v -0.04030028 -0.70747419 -0.17464784
v 0.34819029 -0.65930640 -0.20158053
v 0.15502449 -0.65904445 -0.17774605
v 0.04839864 -0.73192663 -0.18742411
v 0.34345698 -0.67422555 -0.22415508
v -0.14872250 -0.73688511 -0.21601404
v -0.06065435 -0.73127425 -0.27324927
v 0.22809451 -0.70670819 -0.22747016
v -0.01733709 -0.73799088 -0.27243113
v -0.15838910 -0.72339049 -0.30534165
v -0.07661016 -0.73954800 -0.28191504
v -0.09695804 -0.73042702 -0.33166333
v -0.02815112 -0.70117667 -0.35303379
v 0.36536293 -0.70740336 -0.36782088
v 0.30612573 -0.71523598 -0.36001684
v 0.09805114 -0.69169178 -0.39656314
v 0.35343976 -0.72729682 -0.40645334
v -0.15772144 -0.71857474 -0.41319055
v -0.00446410 -0.72058154 -0.42717406
v 0.35795812 -0.69343755 -0.43384286
v 0.34556194 -0.66999127 -0.46816510
v 0.20298479 -0.71964666 -0.50124389
v 0.12760352 -0.70059794 -0.44547950
v 0.00701862 -0.72670218 -0.43959946
v 0.29254385 -0.68821811 -0.48626497
v -0.09920848 -0.71881169 -0.48171533
v 0.11982120 -0.69269402 -0.53229429
v 0.31878254 -0.66472828 -0.54781173
v 0.31795569 -0.70072892 0.25156616
v 0.20077622 -0.74280442 0.20717281
v 0.21760947 -0.71121614 0.18498673
v 0.31454924 -0.72462996 0.20154430
v 0.10145004 -0.72818382 0.14033149
v 0.25906387 -0.71456462 0.08642162
v 0.06586984 -0.67560931 0.12461574
v -0.00528253 -0.68819872 0.07926191
v 0.28388178 -0.71192437 0.05911990
v -0.01173341 -0.67715774 0.02169695
v -0.03260371 -0.69347651 0.03620350
v -0.04759059 -0.68554557 -0.04137982
v 0.10965453 -0.69656203 -0.03442398
v -0.07337761 -0.69627249 -0.03760663
v 0.01815689 -0.72158872 -0.07113855
v 0.35004734 -0.69132596 -0.07521239
v 0.20276342 -0.70649083 -0.05822334
v -0.10844530 -0.71025389 -0.08249000
v 0.09774755 -0.70947688 -0.09783701
v 0.21731051 -0.70402141 -0.09261685
v 0.13833643 -0.65955374 -0.15594416
v 0.16410282 -0.65686167 -0.14434975
v 0.07667481 -0.70233868 -0.14369307
v 0.32124783 -0.67646921 -0.22626751
v -0.14981274 -0.73003055 -0.16495285
v -0.13341190 -0.73143065 -0.20075085
v -0.18066009 -0.71491954 -0.25848681
v -0.16308557 -0.69065926 -0.30802990
v 0.26017484 -0.70341992 -0.26450090
v -0.10851149 -0.72485965 -0.32303700
v 0.27438270 -0.71606823 -0.30330729
v -0.10789457 -0.71216093 -0.34736843
v 0.36052092 -0.70367434 -0.31161983
v 0.34895545 -0.71898965 -0.35585043
v 0.33714886 -0.71777006 -0.30787142
v -0.06878463 -0.68774151 -0.35375016
v 0.36779054 -0.70723051 -0.38408494
v -0.14744123 -0.70226916 -0.38194005
v 0.34018561 -0.65660308 -0.41773005
v 0.26919677 -0.66552293 -0.41040534
v -0.10170855 -0.70648351 -0.47803154
v 0.10296289 -0.67963092 -0.45588364
v 0.18230877 -0.70210127 -0.53155772
v 0.25502878 -0.66256380 -0.51828625
v 0.21422206 -0.69910976 -0.55295160
v 0.23757311 -0.69175422 -0.55807062
v 0.00314404 -0.69899532 -0.55950383
v -0.02415902 -0.71548207 -0.55938406
v -0.06426930 -0.69945753 -0.55937372
v 0.10515024 -0.67011971 -0.55882106
v 0.05737893 -0.68026431 -0.56928715
v 0.02291209 -0.67809756 -0.56551524
v 0.14287300 -0.72369105 0.26095418
v 0.18733278 -0.74111044 0.21970090
v 0.23844153 -0.70811224 0.28074524
v 0.28984026 -0.69066372 0.26044938
v 0.18526528 -0.74890474 0.10623268
v 0.26249350 -0.70095830 0.13923436
v 0.25481568 -0.69048522 0.07017029
v 0.21199678 -0.75980571 0.09542180
v 0.22056437 -0.71319009 0.05703708
v 0.14827107 -0.69770127 0.07834140
v 0.33582355 -0.67167047 0.05524668
v 0.27223980 -0.70879772 0.05203162
v 0.23546349 -0.70968919 0.05564716
v 0.21078667 -0.71006359 0.03172586
v -0.09711713 -0.68380657 0.06419386
v -0.10700297 -0.75402330 0.04653444
v -0.07137168 -0.67601933 0.03423804
v -0.13749488 -0.71281647 0.00065563
v 0.22308587 -0.68433428 -0.07276869
v 0.34978193 -0.67015185 -0.07128748
v -0.07347434 -0.69839700 -0.06764968
v 0.08928059 -0.65481901 -0.06899289
v 0.27300192 -0.67438643 -0.08842035
v 0.16358031 -0.66745284 -0.11988983
v -0.02270455 -0.67560531 -0.15553169
v -0.13338213 -0.71220560 -0.12103925
v -0.06145553 -0.67565130 -0.16273041
v 0.35287675 -0.68933838 -0.13879245
v 0.31382490 -0.64416441 -0.20444378
v 0.14886897 -0.66767754 -0.17408828
v -0.18985514 -0.69401331 -0.19527329
v -0.07408913 -0.68791029 -0.16633949
v -0.09363181 -0.66705493 -0.22704745
v -0.08498758 -0.72225322 -0.28398748
v -0.14758449 -0.67304710 -0.30307598
v 0.29079301 -0.70408914 -0.25097891
v 0.21448634 -0.68510019 -0.23478212
v 0.24550413 -0.68736726 -0.23832507
v -0.13261825 -0.71896854 -0.31713831
v -0.05696697 -0.69005525 -0.34925504
v -0.07938752 -0.66955689 -0.32570751
v 0.35792532 -0.69998705 -0.33399190
v 0.25046412 -0.67183335 -0.38465086
v 0.12268046 -0.69901032 -0.41092036
v 0.28557803 -0.66858416 -0.43223560
v 0.07538544 -0.67446059 -0.45239343
v -0.11723606 -0.69142554 -0.37080518
v 0.16385961 -0.69918230 -0.49632531
v 0.28595525 -0.65610636 -0.43657788
v 0.19990796 -0.70155435 -0.47290017
v 0.27952151 -0.62085301 -0.46273663
v 0.11919409 -0.66643209 -0.50624329
v 0.07610981 -0.65752184 -0.55024897
v 0.23092884 -0.68007633 -0.53437673
v 0.19307446 -0.66811652 0.28888552
v 0.03697736 -0.66219998 0.29184312
v 0.23765334 -0.66114588 0.22950767
v 0.20084900 -0.75084167 0.17052371
v 0.07877520 -0.68314753 0.13316661
v 0.32863807 -0.70667452 0.16001545
v 0.32792126 -0.66761242 0.13713956
v -0.11346853 -0.68417764 0.06899052
v -0.14082773 -0.70946818 0.06263223
v -0.17304789 -0.69620435 -0.03303531
v 0.26544005 -0.67812128 -0.04425955
v 0.10520575 -0.67468995 -0.04545908
v -0.10246367 -0.67571731 -0.06089779
v 0.34727775 -0.66984231 -0.04030594
v -0.14175059 -0.67553916 -0.09259694
v 0.21352014 -0.68501583 -0.07348958
v 0.19567290 -0.67733302 -0.08959637
v 0.13495955 -0.69235911 -0.05350577
v 0.23714488 -0.65420705 -0.05978123
v -0.07475546 -0.67381298 -0.08602697
v -0.00172855 -0.69522889 -0.13905564
v 0.23914825 -0.67146911 -0.09928075
v 0.18927559 -0.66105544 -0.11093939
v 0.18545076 -0.69561193 -0.11331323
v 0.33674837 -0.67669763 -0.13119992
v 0.13117942 -0.64445585 -0.16864397
v -0.10408337 -0.71772255 -0.14961034
v -0.05171133 -0.65163600 -0.22326870
v -0.16249233 -0.64736225 -0.22181010
v -0.18639176 -0.66583734 -0.22491965
v -0.12840423 -0.66330752 -0.25976797
v 0.33063338 -0.68499816 -0.23758108
v 0.26420909 -0.68431448 -0.22894769
v 0.34963805 -0.66568464 -0.24486685
v 0.26258701 -0.70228474 -0.26675288
v -0.12061555 -0.66719298 -0.32100320
v 0.35981642 -0.66556325 -0.35953084
v -0.04357702 -0.65397493 -0.35534714
v 0.10179194 -0.67973512 -0.42898131
v 0.12009442 -0.68757548 -0.47274539
v 0.06892275 -0.66618674 -0.44021828
v 0.26295351 -0.63106654 -0.48694953
v 0.10184080 -0.64551330 -0.48297696
v 0.05545327 -0.65036299 -0.52107199
v 0.03244092 -0.62944274 -0.51576329
v 0.15565823 -0.68249635 -0.51111992
v 0.04045040 -0.64166071 -0.53830945
v 0.11502931 -0.65754686 -0.53484911
v 0.19857521 -0.66883802 -0.54710608
v 0.19092767 -0.68893483 0.30615484
v 0.01809408 -0.70747601 0.24328496
v 0.06569215 -0.67501786 0.26049768
v -0.00476722 -0.69243076 0.20939925
v 0.24764998 -0.61762490 0.14892160
v 0.01175065 -0.65770067 0.14240255
v 0.00022559 -0.64587232 0.09219685
v -0.16491099 -0.64659914 0.09188279
v -0.17523892 -0.68354342 0.04660235
v 0.14401433 -0.66506865 0.01903781
v 0.32532591 -0.65954291 -0.00764920
v 0.29606314 -0.69561282 -0.07896251
v -0.18216771 -0.66949874 -0.06388783
v -0.14121970 -0.66835308 -0.15072861
v 0.35264632 -0.63883711 -0.17362128
v 0.23204885 -0.65827488 -0.14625634
v -0.20667787 -0.66249499 -0.16617573
v 0.34939071 -0.64339029 -0.18889392
v -0.11514025 -0.65681899 -0.17279788
v -0.15276386 -0.67048877 -0.14594108
v -0.17044479 -0.61649015 -0.19421828
v -0.03768872 -0.64897891 -0.22077314
v 0.32744425 -0.67110871 -0.22147637
v 0.18077615 -0.65033195 -0.27937969
v 0.31917797 -0.62721776 -0.28498490
v 0.19652600 -0.66957575 -0.25074052
v -0.05131183 -0.64879066 -0.28599027
v -0.00181535 -0.65614207 -0.29472225
v 0.30528899 -0.63035142 -0.30258801
v 0.33677864 -0.63416309 -0.31221415
v 0.25658096 -0.66184734 -0.34564404
v 0.28039453 -0.65888722 -0.31947463
v 0.34827142 -0.64195287 -0.34608747
v -0.02689834 -0.67265966 -0.34035646
v 0.23560708 -0.66405897 -0.36965504
v 0.31297459 -0.65554386 -0.45596333
v 0.25524440 -0.63956436 -0.39933606
v -0.13208689 -0.66850840 -0.38421512
v -0.15704562 -0.65164461 -0.39607517
v -0.16602342 -0.67294840 -0.41382230
v -0.14847285 -0.65983040 -0.46441921
v -0.06245598 -0.67517950 -0.53042804
v 0.21004091 -0.64883626 -0.50389060
v 0.17305329 -0.66459864 -0.52685684
v 0.08658321 -0.62826920 -0.50974964
v 0.14146179 -0.68090261 0.34254938
v 0.12399327 -0.69849028 0.30427273
v 0.16681151 -0.66938126 0.34321622
v 0.17396078 -0.63476867 0.34475357
v 0.00036508 -0.67165461 0.23220104
v 0.33669191 -0.66848873 0.26463670
v 0.33597931 -0.67032984 0.22580931
v 0.04967551 -0.64869951 0.15899560
v 0.04988554 -0.72317678 0.19536096
v 0.16798713 -0.66010312 0.14145095
v 0.13601537 -0.65078262 0.10792092
v 0.32311710 -0.62406598 0.13726707
v 0.16110006 -0.66164392 0.08871703
v 0.18184455 -0.68440912 0.05686033
v 0.17597968 -0.68136754 0.05902278
v 0.32102755 -0.67317422 0.02286595
v 0.13037645 -0.66777046 0.03767615
v -0.19419420 -0.65267542 0.00190825
v -0.02085954 -0.66453548 0.02196882
v 0.09620796 -0.65935355 -0.00587056
v -0.06640793 -0.67334752 -0.03392558
v -0.18272247 -0.63309765 -0.04293721
v 0.33717875 -0.60880169 -0.04626324
v -0.03277470 -0.65758916 -0.05553621
v -0.11756898 -0.65824768 -0.08838190
v -0.17253945 -0.64761138 -0.09367993
v 0.32223855 -0.67461987 -0.09923956
v 0.30280482 -0.67912459 -0.09261049
v 0.16849062 -0.62214787 -0.09087425
v 0.07454974 -0.67043870 -0.10039928
v -0.12430277 -0.64757348 -0.11057634
v 0.20537057 -0.63891666 -0.12735127
v -0.12926998 -0.65247229 -0.15698105
v 0.27220076 -0.64337503 -0.20101777
v -0.18181614 -0.67392689 -0.15004142
v 0.22397365 -0.63657504 -0.21930461
v -0.03271595 -0.63763402 -0.21828920
v -0.09800022 -0.62193548 -0.22897780
v -0.07309848 -0.64321895 -0.26261876
v 0.34910820 -0.63625635 -0.26661089
v -0.00552769 -0.67512893 -0.33180615
v 0.32248102 -0.63530080 -0.35055523
v 0.32801931 -0.63272673 -0.39830783
v 0.24145996 -0.64533132 -0.38856542
v 0.11061607 -0.67806184 -0.39266680
v -0.06279419 -0.65864914 -0.38590684
v 0.09188634 -0.66759069 -0.38678876
v 0.21759611 -0.62945490 -0.43670564
v 0.19894774 -0.61471477 -0.45470869
v 0.11170902 -0.65982449 -0.50055129
v -0.05825547 -0.67274940 -0.47309371
v 0.09987907 -0.62690950 -0.45431531
v 0.22293707 -0.62482642 -0.47708616
v 0.15297940 -0.60770971 -0.50043963
v 0.13941286 -0.63647122 -0.52218628
v 0.01422550 -0.61512229 -0.50222165
v -0.03291637 -0.65546053 -0.55518018
v 0.26856243 -0.67362946 0.35504514
v 0.11090326 -0.68354724 0.29414691
v 0.13210889 -0.67783992 0.23840265
v 0.06459703 -0.65660424 0.26234465
v 0.01110500 -0.63124644 0.23889895
v 0.31914516 -0.64621882 0.17792354
v 0.11830232 -0.66232340 0.20301735
v -0.04814506 -0.66816086 0.17455963
v -0.02994118 -0.66214502 0.16586581
v -0.06736169 -0.67596353 0.15354734
v -0.10882229 -0.68127653 0.13245340
v 0.05218890 -0.64015835 0.11980805
v -0.11756983 -0.68044089 0.09017403
v 0.29398359 -0.61098343 0.09825353
v 0.15449875 -0.67148923 0.04931371
v 0.13039038 -0.63582736 0.05504105
v -0.05986767 -0.69209507 0.11911048
v -0.03616948 -0.67117494 0.06433073
v 0.34820916 -0.63664144 0.05876772
v -0.14774319 -0.62100821 0.08509056
v 0.12677200 -0.63298945 -0.01777027
v -0.11601028 -0.62482733 -0.09319728
v 0.34290056 -0.65057690 -0.10496017
v 0.29252646 -0.65694879 -0.11268334
v -0.01319813 -0.64538238 -0.07772717
v -0.06281193 -0.61409197 -0.12104260
v -0.15922003 -0.64602247 -0.12625379
v 0.26840571 -0.65555911 -0.14008475
v -0.01922089 -0.67503543 -0.17420291
v 0.16281356 -0.62717625 -0.14399462
v 0.33218890 -0.64335487 -0.20696635
v -0.10482491 -0.59877557 -0.21416076
v -0.14158714 -0.60427642 -0.19459857
v 0.31700917 -0.62902383 -0.20524513
v 0.29165471 -0.62671688 -0.22270291
v 0.20251575 -0.64214530 -0.23098588
v 0.28159636 -0.65728033 -0.22537633
v 0.22931712 -0.65324818 -0.22382626
v 0.00388193 -0.64963679 -0.30064999
v 0.19506408 -0.63055191 -0.28096936
v 0.26649975 -0.65665365 -0.33027798
v -0.01561104 -0.63821475 -0.33558867
v 0.27321886 -0.65953291 -0.36590878
v 0.11545639 -0.61711258 -0.38684009
v 0.11567799 -0.64491932 -0.37893031
v -0.10142271 -0.63978286 -0.37421170
v -0.16516952 -0.62018947 -0.43742046
v 0.25761004 -0.62859235 -0.41600076
v 0.25415864 -0.62588079 -0.44005803
v 0.17357589 -0.60667284 -0.47248631
v -0.05736369 -0.66649823 -0.46488629
v -0.07146893 -0.65656785 -0.52463802
v -0.01901787 -0.64554491 -0.55622791
v 0.21868072 -0.64777805 0.29884291
v 0.11258137 -0.65604685 0.35478296
v 0.07091895 -0.64925281 0.33089654
v 0.25881515 -0.68284420 0.31150940
v 0.31818034 -0.65481102 0.31365763
v 0.07923234 -0.66575843 0.31013773
v 0.30594156 -0.67825032 0.28290725
v 0.01638906 -0.63669124 0.29859137
v 0.28538841 -0.67459340 0.27284656
v 0.00696787 -0.64080749 0.27333820
v 0.32925062 -0.62462668 0.26858046
v 0.20225822 -0.61661442 0.23198614
v 0.07857164 -0.63105895 0.23323869
v 0.31537689 -0.63482017 0.21356547
v 0.10899788 -0.62014009 0.18774304
v -0.00356217 -0.65915708 0.17269704
v 0.25861833 -0.60579999 0.16390407
v 0.12919268 -0.60054209 0.16723259
v 0.15054556 -0.64301991 0.16514413
v 0.27371772 -0.59914519 0.12822947
v -0.11737039 -0.63535447 0.13756220
v -0.15013534 -0.66171935 0.11677878
v 0.28119755 -0.61883523 0.09277294
v 0.15231325 -0.63931828 0.06947077
v 0.25903942 -0.62312719 0.06964293
v -0.09273562 -0.66147476 0.05590205
v 0.32685570 -0.61149978 0.07785359
v 0.27312494 -0.63612235 0.06708943
v 0.30714923 -0.60113276 0.07026622
v -0.11264615 -0.61033870 0.00470429
v 0.33935311 -0.62586068 0.01274655
v -0.05142246 -0.66325290 -0.07810301
v -0.16422355 -0.61861719 -0.01235753
v -0.18501141 -0.62945065 -0.07597780
v -0.05875435 -0.65166515 -0.09419056
v 0.20516043 -0.62070756 -0.05657021
v 0.11240488 -0.64698686 -0.06959922
v 0.08750118 -0.66238726 -0.08497596
v -0.04610704 -0.65257219 -0.09963883
v -0.12943870 -0.65274077 -0.16178697
v 0.18481502 -0.61937229 -0.14263440
v -0.16314096 -0.63351338 -0.13415994
v 0.34689680 -0.62183066 -0.21846318
v -0.01700101 -0.64473418 -0.28654877
v 0.22404501 -0.62286016 -0.26151008
v 0.15353584 -0.63224519 -0.27361697
v 0.30285363 -0.63400092 -0.33984037
v -0.17552087 -0.67475286 -0.34818012
v 0.23911157 -0.63305237 -0.39340821
v -0.01710543 -0.60885764 -0.35210945
v 0.22948731 -0.62454480 -0.40802028
v 0.10979064 -0.64264962 -0.40668294
v -0.08843374 -0.62448572 -0.35565070
v 0.10053284 -0.62335670 -0.43330780
v 0.10983976 -0.62268953 -0.41929681
v 0.09661986 -0.64706356 -0.47472760
v -0.07260363 -0.67403930 -0.49970043
v 0.00149853 -0.61966131 -0.53175483
v -0.07240350 -0.61732482 -0.53587321
v 0.26951126 -0.62665784 0.41455890
v 0.28793211 -0.64287611 0.34622419
v 0.13791893 -0.61239820 0.33681132
v 0.04631702 -0.63357702 0.32279729
v 0.05878806 -0.66010232 0.28511093
v 0.31773010 -0.61182376 0.29572769
v 0.09008701 -0.63568548 0.25920147
v 0.19295881 -0.65817269 0.17686920
v -0.02897808 -0.63916988 0.20646458
v 0.33736557 -0.58413066 0.18438609
v -0.00856562 -0.62222836 0.15748780
v 0.17437936 -0.63244576 0.14764561
v 0.01977412 -0.61838763 0.11271117
v 0.06968646 -0.63141228 0.12698735
v 0.06444763 -0.63154915 0.11855169
v 0.01766178 -0.62294826 0.06800786
v -0.02064719 -0.63325435 0.06206316
v -0.11502146 -0.61292772 0.03918765
v 0.13332163 -0.63336640 0.02066153
v 0.02011664 -0.62609537 0.02008595
v -0.07589944 -0.59782952 0.00924107
v 0.34014047 -0.61196460 0.04257140
v 0.03459666 -0.59178675 0.01535662
v 0.31598676 -0.61696706 -0.02511951
v 0.11984319 -0.62939058 -0.02808337
v -0.15451727 -0.57383160 -0.03097946
v -0.18236104 -0.60157950 -0.05645395
v -0.02385924 -0.62489071 -0.07815174
v -0.03335861 -0.64818529 -0.08655427
v -0.09093203 -0.62492740 -0.08809339
v -0.13659855 -0.57320653 -0.05769144
v -0.16019735 -0.60759698 -0.08772100
v 0.13849160 -0.63431080 -0.14086257
v -0.14002239 -0.62813830 -0.13633784
v -0.10252103 -0.60265536 -0.14508247
v 0.35003192 -0.63053382 -0.16847865
v -0.13767916 -0.61471463 -0.13841396
v 0.24741829 -0.60454536 -0.14290547
v 0.20237425 -0.61555875 -0.15993785
v -0.17512224 -0.62183671 -0.15698389
v 0.24461448 -0.61182580 -0.24892171
v 0.18027109 -0.61018233 -0.27468942
v 0.33823814 -0.61258767 -0.26016679
v -0.00970085 -0.64677298 -0.30971404
v -0.03685780 -0.64913280 -0.34151963
v -0.04477487 -0.66125997 -0.31474523
v -0.21085555 -0.65367947 -0.33681013
v -0.10866813 -0.67472159 -0.33613788
v -0.08495259 -0.66153493 -0.35293672
v -0.16707076 -0.67020677 -0.36822042
v 0.27871427 -0.64234919 -0.39912845
v 0.28636394 -0.60924643 -0.40746511
v 0.13101781 -0.60862855 -0.40791694
v -0.14839345 -0.60791691 -0.40952421
v 0.15171983 -0.60030926 -0.48945249
v -0.14491392 -0.62887876 -0.46345351
v -0.10019437 -0.66296703 -0.47578858
v 0.06633212 -0.60918494 -0.50563301
v -0.13235320 -0.65085253 -0.49337420
v -0.11176322 -0.65402063 -0.51904216
v 0.27510960 -0.62143156 0.34334709
v 0.10562267 -0.61935939 0.20867726
v 0.25462524 -0.64639335 0.23380086
v 0.18363166 -0.58983394 0.25000569
v 0.12533046 -0.63021445 0.20889140
v -0.08353177 -0.64251990 0.19953170
v -0.07020103 -0.63274860 0.21917329
v 0.25131673 -0.59287871 0.14228545
v -0.07825209 -0.65197778 0.15075834
v 0.26159437 -0.60873892 0.14128466
v 0.28861979 -0.60051996 0.09101652
v -0.11406649 -0.60085284 0.09146516
v -0.07440594 -0.60322870 0.00671439
v 0.21775009 -0.62381127 -0.05814892
v -0.11838535 -0.57361954 0.00219872
v 0.23996787 -0.64555508 -0.06995106
v 0.10320228 -0.63152687 -0.05712835
v -0.07557302 -0.63118190 -0.11231662
v 0.20785144 -0.63414817 -0.12308584
v 0.24091049 -0.61110574 -0.14075783
v 0.31028634 -0.63392223 -0.13634853
v 0.10832637 -0.61080164 -0.15235735
v 0.23138977 -0.58975926 -0.15487521
v -0.09977100 -0.59375382 -0.17466932
v 0.15598063 -0.59109432 -0.14218770
v 0.30072785 -0.61049665 -0.21108607
v 0.31899008 -0.59679921 -0.19820280
v -0.06382933 -0.61697843 -0.22799679
v 0.25952029 -0.61506701 -0.26443755
v 0.16673244 -0.63274621 -0.26316875
v -0.13778972 -0.64223618 -0.25553717
v -0.19993940 -0.65142939 -0.23416595
v -0.22689738 -0.64690512 -0.29756630
v -0.19172959 -0.67231698 -0.30266102
v -0.14279264 -0.66715697 -0.32080403
v -0.18620359 -0.62821013 -0.38421449
v 0.28416507 -0.56430498 -0.35794145
v 0.28042518 -0.56471910 -0.35875320
v -0.10808092 -0.64588981 -0.37483026
v -0.16046027 -0.63207401 -0.39206310
v 0.32376292 -0.60188891 -0.35814007
v -0.10649001 -0.59550090 -0.39312236
v -0.12515097 -0.57395076 -0.45038276
v -0.07011963 -0.58338940 -0.42958120
v -0.10442916 -0.58826474 -0.40149341
v 0.12294410 -0.58085279 -0.48169717
v 0.03213410 -0.59215695 -0.48038133
v 0.10740913 -0.59761484 -0.47171155
v 0.23636858 -0.64658920 0.40474048
v 0.22398002 -0.65639087 0.38016305
v 0.17450239 -0.57776999 0.31902258
v 0.07376709 -0.60392339 0.32383662
v 0.06652273 -0.54686484 0.24059671
v 0.21779083 -0.61872206 0.23152168
v 0.30314018 -0.58216469 0.24063269
v -0.02263330 -0.59842032 0.22976234
v -0.08238573 -0.64828630 0.17161598
v 0.16873125 -0.61193273 0.09205661
v -0.07085119 -0.59601183 0.11150627
v 0.27239240 -0.58940252 0.12966923
v 0.03704856 -0.62411895 0.09450214
v 0.15953819 -0.60058177 0.06429882
v 0.15257728 -0.60630176 0.11890349
v 0.16019408 -0.61955277 0.00973893
v 0.01574907 -0.61654359 0.05652536
v 0.23897588 -0.58306905 0.04154269
v 0.32229936 -0.54313384 0.04629558
v 0.25577428 -0.58000044 0.03199007
v 0.00132418 -0.61225265 0.03175420
v 0.14216161 -0.61347722 0.01484962
v 0.10464904 -0.62823323 -0.01618178
v 0.17137365 -0.61272483 -0.08889893
v -0.04343288 -0.62064061 -0.11523975
v 0.15551080 -0.61240986 -0.13277255
v 0.15686817 -0.57362117 -0.14347331
v 0.29493514 -0.57928522 -0.17434092
v 0.15655575 -0.57188934 -0.16189177
v 0.12896312 -0.60585654 -0.16334866
v 0.13158997 -0.58065951 -0.17712142
v 0.24472773 -0.59402365 -0.26244531
v -0.04181542 -0.63370232 -0.24132790
v -0.05919156 -0.62696671 -0.23015824
v -0.08212757 -0.62639779 -0.28013771
v -0.08648885 -0.62746490 -0.23657186
v -0.10712013 -0.62774979 -0.22954168
v -0.14379599 -0.62928092 -0.23696915
v -0.02454368 -0.63081492 -0.27525889
v -0.09012067 -0.63484473 -0.26464562
v 0.32729068 -0.58815311 -0.30746592
v 0.26107968 -0.58497243 -0.27141884
v -0.10286112 -0.62512413 -0.28377556
v -0.22559415 -0.59805865 -0.31352002
v 0.32572892 -0.57187689 -0.29033950
v 0.18041664 -0.60313126 -0.27586978
v -0.07464798 -0.64885001 -0.29106623
v -0.22323217 -0.61015053 -0.33971217
v -0.03371974 -0.60204359 -0.33517841
v -0.07074260 -0.63489737 -0.35904580
v -0.11029736 -0.58840943 -0.34264795
v 0.08201504 -0.58442397 -0.38437955
v 0.27598338 -0.56209114 -0.36814074
v -0.03258913 -0.61218530 -0.35838566
v -0.05552029 -0.61894794 -0.34928045
v 0.22541672 -0.61402799 -0.43076391
v 0.12704073 -0.58656546 -0.39030901
v -0.09568711 -0.59171267 -0.37030321
v 0.25570745 -0.59185273 -0.43955058
v 0.20176454 -0.58142969 -0.44335634
v 0.10367615 -0.58386189 -0.45615032
v -0.05160812 -0.58840000 -0.52554385
v -0.14258895 -0.58785534 -0.46034545
v 0.27658912 -0.59656474 0.41893667
v 0.17737724 -0.60311026 0.40145688
v 0.30889270 -0.58974662 0.38394821
v 0.28681072 -0.61926333 0.37216266
v 0.26322896 -0.57311453 0.26431751
v 0.20380608 -0.59049654 0.24806498
v 0.12450906 -0.57183685 0.25718162
v 0.07376660 -0.55753645 0.25875708
v 0.28106893 -0.57449791 0.24023513
v 0.19011635 -0.57416033 0.28657209
v 0.12099380 -0.56991209 0.25207351
v 0.33015184 -0.56777866 0.17023247
v 0.30575376 -0.58837283 0.15232667
v 0.16257581 -0.59612900 0.15017329
v -0.13992426 -0.60231701 0.19427027
v -0.04250470 -0.55663300 0.22387181
v 0.15425862 -0.60085635 0.12837577
v -0.02310397 -0.59851000 0.14139833
v 0.00807590 -0.58961472 0.09281545
v 0.32357597 -0.56842667 0.11613770
v -0.00159026 -0.61641843 0.09817090
v 0.01385474 -0.59882736 0.08138482
v 0.24482170 -0.55651547 0.02949961
v 0.14185103 -0.61607585 -0.00178641
v 0.30783778 -0.58639703 -0.01836508
v -0.13758240 -0.55682962 -0.03135085
v -0.00824600 -0.59749859 -0.10008081
v 0.33471448 -0.58521269 -0.08779558
v 0.17128337 -0.61406339 -0.11451690
v 0.34052510 -0.61639566 -0.11779089
v 0.30998999 -0.60519758 -0.15424066
v -0.00834904 -0.60200065 -0.11204363
v -0.15564759 -0.61790889 -0.11020705
v -0.19653420 -0.62620655 -0.11465052
v -0.02808967 -0.58229247 -0.16537646
v 0.18864309 -0.55847347 -0.16725856
v 0.24698750 -0.56410433 -0.22550433
v 0.23160337 -0.57913073 -0.19907321
v -0.08293014 -0.57731497 -0.20743321
v 0.28255151 -0.57237333 -0.21383960
v 0.20162282 -0.55263657 -0.21622936
v 0.16535484 -0.56362070 -0.21035221
v 0.31913167 -0.59894758 -0.20030102
v 0.26324205 -0.57687273 -0.24698208
v 0.14576392 -0.56849054 -0.27989307
v -0.02539742 -0.60628283 -0.26102069
v 0.21377330 -0.57905072 -0.27312994
v -0.25252562 -0.59290462 -0.28197729
v -0.12961305 -0.63385665 -0.30311868
v 0.15426968 -0.60718737 -0.29133073
v -0.07436095 -0.56206576 -0.32170336
v -0.01862550 -0.59529430 -0.34033595
v 0.24005345 -0.56370714 -0.34039815
v -0.08811559 -0.56464828 -0.37841347
v 0.27266343 -0.56853757 -0.40690926
v 0.22638967 -0.57683973 -0.44298120
v 0.08729297 -0.56288379 -0.40808358
v 0.19094208 -0.58353330 -0.45958064
v 0.10731644 -0.57946845 -0.43525480
v 0.18685923 -0.55570612 -0.44430992
v 0.16247215 -0.60482429 0.38123092
v 0.28859044 -0.55259360 0.40212073
v 0.22512188 -0.60201137 0.41763990
v 0.20184813 -0.60970138 0.35687351
v 0.26132253 -0.58238107 0.31588343
v 0.04417390 -0.56612360 0.22943901
v 0.31996995 -0.53548774 0.19348009
v 0.25296910 -0.56111148 0.20933983
v 0.00198529 -0.56843801 0.18102024
v -0.08076909 -0.58310723 0.23344664
v 0.14640016 -0.59358135 0.16933042
v 0.06268032 -0.56893924 0.14730645
v 0.14692183 -0.59331097 0.15000525
v -0.10725447 -0.62228725 0.15490742
v 0.00262417 -0.58961737 0.15543202
v -0.16111451 -0.61309530 0.13020903
v -0.19492592 -0.60402503 0.11437227
v 0.31990063 -0.57301486 0.08879661
v -0.15738810 -0.61444159 0.10705910
v 0.01956769 -0.59449135 0.04501738
v -0.08947761 -0.56228006 0.05548059
v 0.00198632 -0.58067104 0.06561748
v 0.02196319 -0.56967983 0.02124679
v 0.29180212 -0.58004399 -0.03390222
v 0.24569419 -0.55701113 -0.11794884
v 0.26651528 -0.58594559 -0.13151198
v 0.19819166 -0.58041932 -0.13270436
v -0.12950424 -0.62409940 -0.09635614
v -0.19273934 -0.61034707 -0.09455904
v 0.18515833 -0.60609635 -0.13216492
v -0.09088327 -0.62309562 -0.12704630
v 0.33467425 -0.57012497 -0.17134677
v -0.01533202 -0.58904083 -0.12717616
v -0.13679588 -0.60996543 -0.12541867
v -0.25218100 -0.58233896 -0.13997568
v -0.21328278 -0.61605686 -0.16071043
v 0.21895038 -0.54587837 -0.23238594
v -0.24266991 -0.61948439 -0.20979545
v 0.15818771 -0.54379229 -0.21476393
v -0.20317052 -0.62007239 -0.20123939
v 0.28949166 -0.60140016 -0.22402467
v 0.11172300 -0.55675628 -0.27521603
v 0.17549611 -0.55176895 -0.26929558
v 0.33778484 -0.57376811 -0.25369993
v -0.19689224 -0.57301898 -0.31333918
v 0.16688573 -0.57043370 -0.27777403
v -0.16945288 -0.54109114 -0.33863940
v -0.05583547 -0.58409844 -0.32057564
v -0.07764290 -0.57443362 -0.33119664
v 0.24593878 -0.54450427 -0.40635134
v 0.24113310 -0.55670871 -0.41990079
v 0.19609953 -0.56162860 -0.41478365
v 0.05328978 -0.57918463 -0.38734204
v 0.06334503 -0.54733572 -0.40351703
v 0.00402662 -0.55140268 -0.48525152
v -0.00900415 -0.56404391 -0.50324779
v -0.16042620 -0.61862422 -0.49744104
v -0.15778173 -0.61634431 -0.51577773
v 0.31758399 -0.58085678 0.35570643
v 0.25639679 -0.52224654 0.19181291
v 0.30179200 -0.53522509 0.20467059
v 0.02862580 -0.57244784 0.15921722
v -0.12439920 -0.58748054 0.21676432
v 0.33311832 -0.54207265 0.12885325
v 0.30700129 -0.53888354 0.11010322
v -0.13440780 -0.60117447 0.10883818
v 0.03221382 -0.55677565 0.11952522
v -0.07666136 -0.54190349 0.06584180
v 0.27472179 -0.55788878 0.05193197
v -0.15426353 -0.61122288 0.03753796
v -0.18926981 -0.60608826 -0.00701939
v 0.29094173 -0.55784484 0.05662872
v 0.25155083 -0.52728017 0.02355609
v 0.24156031 -0.51820186 0.00454261
v 0.24437432 -0.54383137 0.00866666
v -0.02323491 -0.55240739 -0.02184631
v -0.06295284 -0.58017954 0.00023547
v 0.20763603 -0.56077671 -0.12458402
v -0.02022075 -0.58306213 -0.11095345
v 0.25358637 -0.54848403 -0.12314454
v -0.12984138 -0.55726239 -0.05656641
v -0.17403990 -0.57155689 -0.07950213
v -0.21380919 -0.56342266 -0.11593779
v -0.24238923 -0.60283562 -0.14477481
v -0.23383488 -0.62240821 -0.18053484
v -0.13158846 -0.58202918 -0.21924190
v 0.29139178 -0.52751323 -0.21102190
v -0.27590055 -0.57478903 -0.22627126
v -0.07181171 -0.58479133 -0.22069295
v -0.09304130 -0.59485537 -0.21842610
v 0.33040634 -0.55728186 -0.21442890
v 0.26107317 -0.56703416 -0.23067666
v -0.11520122 -0.58331487 -0.22623415
v -0.14131797 -0.58740049 -0.23419994
v -0.16868274 -0.55205872 -0.29401748
v -0.26917378 -0.53191672 -0.30972013
v 0.21388337 -0.56634882 -0.27554227
v -0.07091182 -0.54025866 -0.32370397
v 0.26044099 -0.54617899 -0.32509971
v -0.13283269 -0.62260435 -0.39018574
v -0.19643906 -0.60576441 -0.37152160
v 0.17263087 -0.54429394 -0.34271552
v 0.19718625 -0.53013652 -0.34504268
v -0.06479970 -0.53551874 -0.34362411
v -0.05981115 -0.55983820 -0.39239442
v 0.03640874 -0.55177978 -0.39248293
v 0.10047701 -0.55839524 -0.42978423
v 0.14760146 -0.53231412 -0.45041560
v 0.08916807 -0.54502678 -0.43929637
v 0.06806060 -0.57717934 -0.50549744
v 0.08734733 -0.56296309 -0.50099516
v -0.08229482 -0.57061683 -0.53896849
v -0.14956123 -0.55526721 -0.51747239
v 0.14393189 -0.58877768 0.42919692
v 0.11211214 -0.58046201 0.43661757
v 0.14789500 -0.59062479 0.40689516
v 0.13611631 -0.59468893 0.37742054
v 0.25112958 -0.52113315 0.37504212
v 0.30073785 -0.53598921 0.38513417
v 0.21012111 -0.57263768 0.32895453
v 0.30820847 -0.58993810 0.33273405
v 0.00159385 -0.55790437 0.23143966
v -0.10971415 -0.56712396 0.21149486
v -0.08812760 -0.54400368 0.17227891
v -0.17622204 -0.56407117 0.14817881
v -0.07214046 -0.57630063 0.11261385
v 0.31079195 -0.54659416 0.09334118
v -0.04310298 -0.55773507 0.01354169
v 0.33407224 -0.53288146 0.00630552
v 0.22524106 -0.51403563 -0.00943020
v 0.32800926 -0.54584891 -0.00796618
v -0.09625322 -0.53830946 -0.00867663
v -0.11169068 -0.53599672 -0.03438738
v 0.32668690 -0.54890576 -0.07514019
v 0.33477842 -0.51721338 -0.17566873
v -0.16231743 -0.54006759 -0.09061907
v -0.01863938 -0.57420268 -0.15158222
v -0.09974737 -0.57778144 -0.14437833
v -0.24275197 -0.53264881 -0.15226936
v 0.12765207 -0.56895800 -0.14354420
v -0.13499606 -0.57963291 -0.15802096
v 0.15912310 -0.53522280 -0.25545173
v 0.31794442 -0.52204083 -0.23162305
v -0.28860941 -0.51687835 -0.26471803
v 0.32560959 -0.54901454 -0.28790413
v 0.21673866 -0.55264546 -0.26896175
v 0.12931373 -0.56087054 -0.28569157
v -0.07302738 -0.55956018 -0.32403209
v 0.14121483 -0.51809601 -0.34935541
v -0.11116650 -0.59468334 -0.39973592
v 0.23124722 -0.52014817 -0.36954801
v 0.20994495 -0.54170017 -0.40950002
v 0.10674315 -0.54793513 -0.45568232
v 0.03550617 -0.56141387 -0.50319505
v 0.08238939 -0.53119438 -0.47901527
v -0.02146942 -0.52339946 -0.47114473
v -0.10082817 -0.56631808 -0.45006617
v 0.06223198 -0.52774691 -0.48715656
v -0.08354909 -0.53630578 -0.51698580
v 0.19100792 -0.58488698 0.44742832
v 0.16761946 -0.57124561 0.41333696
v -0.00301271 -0.56606797 0.35113562
v 0.06592236 -0.57497926 0.35192345
v 0.20897261 -0.55573141 0.28977781
v 0.11928727 -0.55286729 0.25688316
v 0.28723324 -0.51204650 0.17250145
v -0.03247014 -0.49414503 0.18593375
v 0.26147113 -0.51348881 0.16405243
v 0.09206188 -0.52189537 0.11074079
v 0.22692337 -0.53323820 0.10218301
v -0.11753234 -0.56971163 0.07409912
v 0.03971293 -0.54292489 0.02906156
v -0.20893949 -0.61448135 0.01575881
v 0.31464761 -0.50676391 0.00503363
v -0.01745964 -0.52842915 -0.05609320
v 0.33757731 -0.52581714 -0.02301777
v 0.28895706 -0.57097647 -0.17782011
v -0.04957358 -0.56022024 -0.18357289
v -0.20708505 -0.51643223 -0.16731990
v 0.16157528 -0.53052956 -0.15427422
v -0.08667519 -0.56500464 -0.19092342
v -0.27483351 -0.54688212 -0.17512491
v -0.23709823 -0.51844004 -0.19377423
v -0.20319009 -0.53669531 -0.22998619
v 0.14684784 -0.53076186 -0.26656555
v -0.25563386 -0.50697914 -0.23843710
v -0.26544960 -0.51876793 -0.19952734
v -0.07393799 -0.56628974 -0.22862717
v 0.15667283 -0.51558820 -0.25407788
v 0.17040746 -0.54101579 -0.26581033
v -0.24308257 -0.49257789 -0.32389673
v -0.28084193 -0.53567242 -0.29183001
v 0.19735456 -0.50505273 -0.34506594
v -0.08280910 -0.54329076 -0.33336969
v 0.04020677 -0.53398574 -0.37641616
v 0.20452222 -0.50950526 -0.38268412
v -0.03653240 -0.54122958 -0.35597005
v 0.19961374 -0.50289258 -0.39761712
v -0.10206060 -0.55772874 -0.42999898
v -0.13127225 -0.58530750 -0.42908571
v -0.06563303 -0.56227055 -0.41305097
v 0.17037918 -0.52182542 -0.42803026
v 0.10897532 -0.53002269 -0.46224832
v 0.01821673 -0.55525847 -0.48735746
v -0.15323198 -0.55729883 -0.45253684
v 0.17623375 -0.57620376 0.48345605
v 0.16145830 -0.55030976 0.48405574
v 0.17579264 -0.55779155 0.41348327
v 0.08990806 -0.54956482 0.40729650
v 0.21366546 -0.53116961 0.38570530
v 0.31216102 -0.51438714 0.36962177
v 0.17886674 -0.52869162 0.32597355
v 0.02367605 -0.56117484 0.37976258
v 0.31904069 -0.55056714 0.33240208
v -0.01323311 -0.54810678 0.30644273
v 0.11844669 -0.56790729 0.28511867
v 0.05918010 -0.55842175 0.30307236
v 0.01099080 -0.56801221 0.29645783
v 0.09068453 -0.57326574 0.32033649
v 0.13211392 -0.56983845 0.30096198
v 0.14905862 -0.55074777 0.31126124
v 0.25756299 -0.55437886 0.27847104
v 0.18720329 -0.55178691 0.25334449
v 0.22576895 -0.52297698 0.20894820
v 0.11764424 -0.53058442 0.23606267
v 0.21674306 -0.50047582 0.12417265
v 0.26894171 -0.53345218 0.06353868
v -0.22017347 -0.58232947 0.07576457
v -0.08299405 -0.55948983 0.00733619
v -0.11080276 -0.56801875 -0.00079401
v -0.00640275 -0.55926070 0.07320943
v 0.02747296 -0.51399913 0.02728151
v -0.03048027 -0.53703108 -0.01662979
v -0.15475950 -0.57482174 0.00581554
v 0.19727388 -0.51683964 -0.01702332
v -0.20535114 -0.56939104 -0.06269311
v -0.13922675 -0.52826352 -0.05841762
v 0.33223019 -0.51182912 -0.10292059
v 0.14752645 -0.54594539 -0.12791019
v -0.12721893 -0.49903784 -0.09499855
v 0.21917126 -0.56599608 -0.18913319
v -0.05640472 -0.55541699 -0.20539137
v -0.14980406 -0.50739416 -0.21277651
v -0.06528494 -0.54827206 -0.21218735
v 0.14229164 -0.52032532 -0.21498341
v 0.20157810 -0.53898219 -0.23865280
v -0.14496925 -0.50780339 -0.29307693
v 0.07297761 -0.55417441 -0.40934724
v -0.15806267 -0.56788101 -0.42042895
v 0.08731359 -0.54223231 -0.41768610
v -0.04332126 -0.53110562 -0.37819436
v 0.08986057 -0.54564192 -0.43694655
v 0.13454087 -0.50803067 -0.45169405
v -0.09533112 -0.55127805 -0.42102790
v -0.03055444 -0.53470361 -0.51129519
v 0.22506453 -0.55768212 0.49806891
v 0.16238726 -0.53049051 0.47313995
v 0.07419876 -0.53491531 0.44206762
v 0.14087347 -0.57383545 0.35306192
v 0.13318436 -0.51955180 0.35909854
v 0.14540398 -0.52491765 0.31619026
v 0.30075082 -0.54299017 0.23439895
v 0.04001311 -0.54883190 0.25529567
v 0.32558593 -0.52093593 0.24315590
v 0.24320907 -0.51978515 0.22108840
v 0.08787739 -0.50931389 0.19122860
v 0.08254260 -0.52453607 0.19192871
v 0.01227999 -0.51908090 0.18838707
v 0.02558070 -0.50133477 0.18728252
v 0.03241055 -0.53636552 0.13251393
v -0.02148808 -0.53273392 0.19595467
v -0.00129224 -0.55245886 0.14231399
v -0.09107459 -0.53544522 0.07798910
v 0.18948413 -0.49446210 0.08050926
v -0.07234974 -0.52608806 0.04771878
v 0.04858600 -0.52421150 0.03970959
v -0.08562212 -0.52543298 0.05082376
v -0.08768200 -0.56214662 0.03658373
v 0.04433800 -0.51078458 0.02868218
v -0.15563950 -0.54678185 0.00123010
v -0.21547921 -0.60835102 0.03591348
v 0.28672443 -0.49607962 0.00133762
v -0.17785191 -0.56372418 -0.04734298
v -0.23018202 -0.58104322 -0.04806503
v 0.23674778 -0.50107576 -0.02989759
v -0.22335306 -0.55920750 -0.09525474
v 0.29948347 -0.48832116 -0.04177838
v 0.26488022 -0.50959083 -0.04940005
v -0.13160650 -0.49916320 -0.06998299
v 0.33000795 -0.49500928 -0.05282018
v 0.18229198 -0.53971968 -0.12137263
v 0.17602566 -0.54188418 -0.10942239
v 0.22533599 -0.56392450 -0.14011676
v 0.21909108 -0.57182110 -0.16597549
v 0.28935895 -0.54611509 -0.20351176
v 0.33070165 -0.53524123 -0.19909368
v -0.15071244 -0.49734713 -0.15713070
v -0.17418397 -0.50639143 -0.16959411
v 0.13024177 -0.51688905 -0.26629453
v 0.26305111 -0.52464337 -0.22130532
v 0.32646071 -0.48685735 -0.23312379
v 0.29501123 -0.52647012 -0.28869970
v 0.15669836 -0.50933833 -0.25421158
v 0.12111693 -0.52911855 -0.27409035
v 0.29418198 -0.48390206 -0.25955627
v -0.06196645 -0.53419962 -0.33361145
v -0.03687209 -0.53094166 -0.34819445
v 0.24078809 -0.52439500 -0.35140285
v -0.06121045 -0.53572151 -0.36738636
v 0.02692805 -0.47851630 -0.35641671
v -0.09482350 -0.52564403 -0.41431419
v -0.13675110 -0.55691662 -0.44476742
v 0.03206560 -0.51617746 -0.39073545
v 0.13154827 -0.49690183 -0.43663053
v 0.10696525 -0.49683264 -0.45654071
v -0.07148113 -0.53169740 -0.38605456
v 0.06135667 -0.51150415 -0.40602807
v 0.02095104 -0.51861631 -0.49502050
v -0.02518495 -0.47868971 -0.46008747
v -0.12763925 -0.54350463 -0.44143729
v -0.03625423 -0.50206010 -0.49890913
v 0.26905758 -0.53331306 0.46208153
v 0.16941980 -0.50597079 0.43547823
v 0.14105546 -0.51398537 0.47448336
v 0.22463041 -0.51873414 0.38726797
v 0.05791151 -0.54483848 0.38217795
v 0.31521601 -0.47036214 0.36122335
v 0.18520685 -0.51382990 0.28574424
v 0.31995522 -0.52462303 0.22997911
v 0.00946854 -0.53988103 0.24670362
v 0.17308281 -0.52258148 0.28933807
v 0.00826928 -0.52281483 0.17135770
v -0.05840221 -0.52266997 0.19997603
v -0.11910694 -0.52943662 0.15528777
v 0.20017831 -0.51159605 0.10524605
v -0.21895380 -0.54486164 0.12329904
v 0.23737540 -0.49682921 0.03870824
v -0.06024433 -0.54765505 0.01461541
v 0.21654154 -0.48400793 0.00922997
v 0.07208264 -0.49864216 0.05538041
v -0.08489955 -0.54899170 -0.01028503
v -0.12234618 -0.53347044 -0.00125516
v 0.18136788 -0.50276379 -0.01329757
v -0.26716048 -0.55301978 -0.05946058
v -0.09151159 -0.49590628 -0.04461827
v 0.20997000 -0.48873031 -0.03248572
v -0.24633141 -0.54815133 -0.09904458
v -0.19672635 -0.56124674 -0.07700755
v -0.08984962 -0.49644280 -0.05392481
v -0.08347753 -0.48345449 -0.10437935
v -0.12854338 -0.51904778 -0.12686840
v 0.25958582 -0.55609807 -0.15114147
v 0.18690153 -0.55362463 -0.19269272
v 0.31012473 -0.50363300 -0.21700239
v 0.10378988 -0.48996834 -0.25645634
v -0.21584298 -0.52113192 -0.24407234
v 0.22910679 -0.52722501 -0.22576754
v 0.18264835 -0.50837754 -0.25017845
v -0.18465552 -0.55441978 -0.30058083
v 0.27809659 -0.53528411 -0.32882147
v 0.14576231 -0.48008794 -0.34415954
v 0.05624560 -0.50420320 -0.39667086
v -0.22030132 -0.57646240 -0.38305467
v -0.26494192 -0.55106243 -0.39489290
v 0.07611044 -0.50272006 -0.41704599
v -0.05384576 -0.51620174 -0.37017551
v -0.16580139 -0.55321253 -0.43624386
v -0.20993911 -0.56616602 -0.42532597
v -0.13388485 -0.52841526 -0.43952315
v 0.07275474 -0.50482714 -0.46485918
v 0.05124841 -0.50528556 -0.48117276
v -0.17331188 -0.55542283 -0.47992700
v -0.08599815 -0.49837021 -0.51554862
v -0.15632000 -0.51848307 -0.52219820
v 0.12823878 -0.54666240 0.47740587
v 0.10989734 -0.55911307 0.46167410
v 0.28303503 -0.51496417 0.41601762
v 0.29133213 -0.49671093 0.42072948
v 0.25506941 -0.53813262 0.43964214
v 0.29064474 -0.51659346 0.38538315
v 0.30881555 -0.47882643 0.39588705
v -0.01449207 -0.52495270 0.34690609
v 0.14255425 -0.48503872 0.32497095
v 0.29903132 -0.50014037 0.29784164
v 0.12905268 -0.48145580 0.30729018
v 0.09454389 -0.51424324 0.25298020
v 0.08671810 -0.50655391 0.20959112
v 0.11449728 -0.51581554 0.23892386
v 0.02344359 -0.49588822 0.19749164
v 0.22551055 -0.49866575 0.20112904
v 0.22123710 -0.49955837 0.18150753
v -0.13898547 -0.53994739 0.21087535
v -0.09854149 -0.52075391 0.22175949
v -0.08031526 -0.53011302 0.18708286
v -0.07204482 -0.50882755 0.20565800
v 0.01391909 -0.50288130 0.13006649
v -0.16575659 -0.53847026 0.14303830
v -0.19961126 -0.53567844 0.14424350
v -0.09886686 -0.53358280 0.18287183
v -0.19252886 -0.55430814 0.10157058
v -0.01601885 -0.50443442 0.12661432
v 0.19661489 -0.46353427 0.05169354
v -0.19086736 -0.47304783 0.04091894
v -0.21908849 -0.44321100 0.06359279
v -0.28818646 -0.48582321 0.06453668
v 0.04251682 -0.52441981 0.07926274
v -0.08295029 -0.50838012 -0.01807791
v -0.05927797 -0.52266902 -0.02642088
v 0.18868218 -0.49549774 -0.02874290
v -0.28260131 -0.50306669 -0.07814644
v 0.22076976 -0.47957682 -0.04202935
v -0.03856160 -0.46931503 -0.08852386
v 0.26690604 -0.47485590 -0.08681320
v -0.17985651 -0.52626907 -0.09918209
v -0.22943143 -0.54118735 -0.14608348
v 0.32561150 -0.46634469 -0.09742824
v 0.19199036 -0.52997178 -0.21068308
v -0.08661986 -0.47315351 -0.16516171
v 0.27874672 -0.51457940 -0.21169072
v 0.14913255 -0.49786151 -0.20639781
v 0.28273655 -0.49804285 -0.21649622
v 0.25605439 -0.49440244 -0.22263100
v -0.19732768 -0.51681537 -0.23173224
v 0.28924175 -0.47081388 -0.23800822
v 0.10493575 -0.51564751 -0.27256739
v -0.15373422 -0.48221220 -0.29298456
v 0.11850267 -0.48955350 -0.33698481
v -0.04965631 -0.52553443 -0.35173246
v 0.20153208 -0.46370520 -0.36454528
v -0.06105875 -0.49877409 -0.36811110
v -0.21444942 -0.54539696 -0.32679050
v -0.17448583 -0.55452982 -0.39224797
v -0.23794886 -0.53788750 -0.42520697
v -0.20884806 -0.53764945 -0.44582904
v 0.10228018 -0.49109799 -0.44357737
v -0.18864541 -0.51233046 -0.44779385
v 0.07883707 -0.50710323 -0.43364678
v -0.10055970 -0.50722142 -0.41712870
v 0.07729425 -0.48165113 -0.45497259
v -0.09020689 -0.46618644 -0.50899088
v -0.10521504 -0.48875371 -0.52629543
v 0.17396089 -0.52168684 0.48575368
v 0.27445502 -0.48995372 0.47607418
v 0.28040578 -0.47242104 0.42954324
v -0.01217395 -0.50019670 0.42721432
v -0.00569609 -0.49888482 0.35740568
v 0.28086780 -0.44775379 0.33463985
v -0.06207623 -0.51913868 0.34024365
v 0.10444855 -0.49001369 0.32768017
v -0.07728706 -0.53065485 0.31469615
v 0.31118392 -0.45574863 0.30662493
v 0.23264967 -0.47410294 0.30632326
v -0.07643061 -0.52770466 0.28748012
v 0.17495121 -0.51673523 0.28171723
v -0.00056151 -0.51131790 0.29166676
v 0.30960623 -0.44083345 0.27225803
v -0.22076760 -0.48698036 0.21802990
v -0.23520337 -0.50186874 0.21543640
v -0.13798985 -0.50622607 0.23509658
v -0.20042755 -0.52070618 0.21402589
v -0.13511259 -0.51920779 0.15555921
v -0.25198155 -0.47118814 0.12695999
v 0.30620731 -0.52669181 0.11515967
v 0.07261057 -0.50146403 0.10452296
v 0.20956916 -0.49758663 0.10294579
v 0.32500390 -0.50404978 0.12661220
v -0.24985355 -0.53259756 0.11524989
v 0.31818646 -0.51430783 0.08338509
v 0.27828703 -0.52322268 0.06817377
v -0.27386364 -0.48761309 0.11485455
v -0.16778212 -0.47456413 0.06185636
v -0.28570055 -0.45624425 0.08756385
v 0.02067981 -0.54029356 0.10516676
v 0.02297177 -0.50891510 0.10498899
v -0.30803306 -0.45512776 0.00525034
v -0.20871124 -0.45150674 -0.00414751
v -0.30400294 -0.47629609 -0.05635547
v -0.21358922 -0.45936730 -0.05646996
v -0.24960179 -0.44718039 -0.06953308
v -0.31431822 -0.47741685 -0.10787487
v -0.05126354 -0.46750623 -0.10499537
v -0.28338490 -0.50808022 -0.15358661
v 0.21634422 -0.50333829 -0.20670130
v 0.15733678 -0.52325251 -0.19061809
v -0.07747256 -0.46716834 -0.17089214
v 0.24425574 -0.53170475 -0.22023135
v 0.17396349 -0.52830618 -0.21171609
v 0.31391085 -0.49621727 -0.21873905
v 0.15497955 -0.50743952 -0.19354508
v 0.28863898 -0.46480085 -0.23377170
v 0.29173262 -0.49857903 -0.22834567
v 0.16161597 -0.48221943 -0.25929139
v -0.25009734 -0.50939527 -0.21682465
v -0.26387167 -0.48816108 -0.24755095
v 0.21129490 -0.48991564 -0.25203363
v 0.18000036 -0.48657530 -0.27913185
v -0.20327364 -0.44719938 -0.30920968
v 0.14637459 -0.49408333 -0.26124991
v 0.08844681 -0.45791430 -0.31661902
v -0.16602284 -0.52195476 -0.33362689
v 0.02222801 -0.45929035 -0.35226877
v -0.18762419 -0.52981199 -0.33483786
v -0.21015935 -0.49816730 -0.32221996
v -0.27407563 -0.54853819 -0.35282484
v 0.08332322 -0.46912143 -0.41620160
v -0.21949269 -0.50854991 -0.43356486
v 0.17071427 -0.46861047 -0.38430394
v 0.14546401 -0.46277352 -0.41614186
v 0.11274229 -0.45771955 -0.43892123
v -0.17311813 -0.47650617 -0.42917541
v -0.00511215 -0.47143676 -0.47703079
v 0.22554294 -0.46080110 0.52301616
v 0.17959917 -0.48969999 0.44462043
v 0.06130304 -0.48521321 0.47543607
v 0.05634143 -0.48997813 0.41872032
v 0.00971877 -0.50476171 0.43751823
v 0.25293071 -0.46200568 0.43386078
v 0.22446014 -0.45776586 0.40185752
v -0.02240862 -0.49901755 0.39527654
v 0.15754946 -0.46342501 0.39768628
v 0.30102600 -0.45769849 0.37388032
v 0.09102646 -0.49031502 0.36861999
v -0.02835415 -0.48996748 0.35113660
v 0.07487278 -0.44394464 0.26759878
v 0.26306566 -0.43858264 0.29077784
v -0.08284202 -0.50911257 0.26645166
v 0.22268569 -0.45892349 0.27754405
v 0.01215368 -0.46798440 0.25255386
v -0.03667886 -0.50601329 0.22664326
v 0.29185619 -0.48888873 0.19466136
v 0.00944364 -0.48884906 0.21337478
v 0.00565112 -0.47868430 0.18601108
v 0.05346820 -0.49842720 0.19076078
v -0.17601123 -0.45963651 0.24274070
v -0.16322390 -0.51609792 0.23617088
v 0.22594837 -0.48348204 0.15286442
v -0.14652872 -0.47755170 0.22565149
v 0.00371939 -0.48702436 0.15795986
v -0.08030284 -0.47618032 0.20423533
v -0.12687308 -0.47308078 0.19810842
v -0.25374144 -0.48184085 0.16102830
v 0.32593181 -0.48484081 0.14706544
v 0.29993501 -0.50693667 0.15677076
v -0.00801780 -0.47510176 0.13429240
v -0.23504747 -0.43692618 0.12473163
v -0.25474618 -0.45234592 0.10563231
v 0.00362494 -0.48522927 0.10008744
v -0.24085132 -0.44114743 0.08982371
v 0.30096348 -0.51882794 0.04397602
v 0.05967355 -0.48652780 0.08219834
v 0.08712138 -0.47495144 0.05875935
v 0.07015168 -0.48886636 0.06062704
v -0.27499750 -0.43374528 0.03651858
v -0.17188753 -0.45624538 -0.00298752
v -0.25082713 -0.42559293 0.03121769
v -0.26476093 -0.43112811 -0.05751934
v -0.19861841 -0.45398739 -0.03187274
v -0.01979229 -0.48145589 -0.07028522
v -0.29409662 -0.46526576 -0.07525453
v 0.23802966 -0.46489759 -0.08016151
v -0.18167918 -0.49107513 -0.15281533
v 0.30792447 -0.43694313 -0.13980737
v 0.25849121 -0.45851211 -0.12317811
v 0.28757094 -0.43311006 -0.13512218
v 0.21735134 -0.47542804 -0.19989094
v 0.16722115 -0.50302866 -0.22898846
v -0.11527745 -0.48437273 -0.20031456
v -0.24215604 -0.49154201 -0.17406687
v -0.13450545 -0.48778641 -0.20046646
v 0.24022999 -0.43531231 -0.23732773
v 0.13457911 -0.47842896 -0.25866262
v 0.23117306 -0.45781221 -0.22856468
v 0.23115730 -0.49753993 -0.24446752
v -0.27271037 -0.47946355 -0.29559019
v 0.10981097 -0.47880015 -0.26412916
v -0.25578862 -0.44887046 -0.29348194
v 0.22143126 -0.47986836 -0.34975255
v -0.17086851 -0.48745400 -0.30006428
v 0.16083256 -0.47657984 -0.35809252
v -0.12631560 -0.47296672 -0.39741704
v -0.19173545 -0.46115240 -0.40616288
v 0.02973589 -0.46197914 -0.36672635
v -0.07726690 -0.50237560 -0.38540744
v 0.08980092 -0.45535515 -0.40992903
v -0.13148616 -0.50193212 -0.42338639
v -0.16875884 -0.50075898 -0.44317096
v -0.25201996 -0.51986059 -0.46394628
v -0.04853179 -0.45830345 -0.48957959
v -0.15040734 -0.48584516 -0.52593536
v 0.19205306 -0.48088621 0.53469123
v 0.18017376 -0.50393353 0.51677671
v 0.04040958 -0.47599502 0.46069529
v -0.02114564 -0.45800622 0.40773635
v 0.05485701 -0.49014631 0.43330572
v 0.02806098 -0.49219665 0.32255339
v -0.09999479 -0.50059236 0.34584400
v -0.14742364 -0.48692952 0.29393757
v -0.02172592 -0.50288250 0.29910614
v 0.29702483 -0.40076105 0.23371059
v -0.02995509 -0.51821203 0.28151300
v 0.22771798 -0.44151765 0.23824457
v 0.29729348 -0.47337074 0.18274063
v -0.25841904 -0.47036988 0.22120162
v 0.26237564 -0.49718320 0.18478026
v -0.26697158 -0.48468311 0.17574393
v 0.26321861 -0.50936903 0.16963905
v -0.12282970 -0.45131741 0.16636650
v 0.26958054 -0.50845610 0.14282430
v -0.22186888 -0.43645469 0.10914740
v 0.32408279 -0.47512830 0.12076521
v -0.10824703 -0.45145896 0.14285536
v -0.04506745 -0.42914335 0.12222632
v -0.07263111 -0.44008929 0.13796448
v 0.09242028 -0.51432952 0.09104334
v 0.30945521 -0.51080707 0.07471215
v 0.25588281 -0.51140146 0.05810260
v 0.08609223 -0.45123358 0.07188423
v 0.26995923 -0.50601052 0.03343773
v -0.26676415 -0.43707251 0.07096992
v -0.28863281 -0.43420772 -0.04176106
v -0.10559128 -0.46896679 -0.06933525
v -0.14401698 -0.48102132 -0.07983088
v -0.23395940 -0.45444488 -0.07078897
v -0.14524871 -0.49944581 -0.11117274
v -0.15546809 -0.49810753 -0.13983467
v -0.05537942 -0.46965929 -0.15192066
v -0.20116604 -0.47173059 -0.15398389
v 0.24982704 -0.45285078 -0.12248332
v -0.27647209 -0.47835068 -0.16671736
v 0.15456720 -0.50945609 -0.20711621
v 0.31728466 -0.45809679 -0.21247247
v 0.09796894 -0.46702342 -0.24036497
v -0.26583382 -0.47922537 -0.19430592
v -0.25899132 -0.45694040 -0.22486752
v 0.20975744 -0.46569518 -0.23189596
v -0.09225483 -0.46768086 -0.36490037
v 0.10620171 -0.40046430 -0.32569158
v 0.05092863 -0.46575335 -0.37324510
v 0.16136390 -0.44953904 -0.36844768
v 0.12561463 -0.40868841 -0.34742717
v 0.08813981 -0.43703068 -0.39299696
v -0.10574499 -0.45406752 -0.37213503
v 0.11259507 -0.44354318 -0.41738230
v -0.29851642 -0.50158766 -0.42857106
v -0.22971468 -0.52658337 -0.43523511
v 0.00864807 -0.45325836 -0.46962098
v -0.02880079 -0.45846369 -0.44499675
v -0.23166698 -0.51302084 -0.47809196
v -0.05416495 -0.44193670 -0.47117703
v -0.16420933 -0.46712168 -0.45583600
v -0.14193763 -0.42308968 -0.52019677
v -0.16893397 -0.44756174 -0.53710603
v 0.15817226 -0.47753072 0.48759800
v 0.07182125 -0.43921959 0.48705440
v -0.00425408 -0.44400083 0.46400912
v 0.11293694 -0.42950571 0.36949577
v 0.21503199 -0.44021731 0.36334951
v -0.05068988 -0.47757104 0.37382796
v -0.07561797 -0.48317351 0.36207932
v 0.01987304 -0.46616249 0.30462603
v -0.09233645 -0.46169753 0.34467046
v -0.11482865 -0.49290302 0.24325370
v 0.28732630 -0.42979083 0.28370708
v -0.04238922 -0.47734711 0.19732346
v 0.32480558 -0.49429683 0.21185393
v 0.31020588 -0.46070851 0.19133262
v 0.02596881 -0.43073391 0.19989123
v 0.30721846 -0.44289109 0.15056047
v 0.01207496 -0.46566252 0.13983367
v -0.24919296 -0.44470220 0.14478179
v 0.29383620 -0.44818230 0.10982705
v 0.07282876 -0.45999256 0.09748706
v -0.01537411 -0.45624971 0.13909084
v -0.01334659 -0.42580589 0.11606793
v 0.23452024 -0.47805088 0.02770954
v 0.05075843 -0.44997623 0.08819241
v -0.13565631 -0.44959994 0.02150132
v 0.28980266 -0.49767709 -0.00683590
v 0.22251553 -0.48881495 0.00874647
v 0.19664517 -0.48565288 -0.00152717
v -0.02518705 -0.47391200 -0.05670195
v -0.07174263 -0.47242441 -0.05742000
v -0.28887579 -0.45427504 -0.07024819
v -0.23422634 -0.44709622 -0.14958229
v -0.31974954 -0.45293128 -0.14007146
v 0.31534348 -0.41672832 -0.16243592
v 0.23796840 -0.46851224 -0.22400363
v -0.24504857 -0.45449699 -0.15814132
v 0.24801367 -0.41911901 -0.24659066
v 0.20536481 -0.47076638 -0.24083974
v 0.14484706 -0.42865280 -0.25581441
v -0.08270248 -0.44995895 -0.19426833
v -0.23661387 -0.43801593 -0.23993423
v 0.26246172 -0.43789905 -0.25848618
v 0.15328799 -0.47330570 -0.25978903
v 0.07114897 -0.42359193 -0.29975876
v -0.15447107 -0.45874920 -0.29481776
v 0.13013925 -0.43160376 -0.32792387
v 0.08086468 -0.41976544 -0.36865099
v -0.21103691 -0.45154270 -0.31700681
v 0.14535638 -0.43358136 -0.39682329
v -0.09635494 -0.47329679 -0.37267187
v -0.32181442 -0.45796389 -0.33710439
v -0.11793333 -0.46114661 -0.38807877
v -0.21956436 -0.46894969 -0.40550160
v -0.30397617 -0.47354466 -0.43802348
v 0.08561195 -0.44054995 -0.43094023
v -0.01190353 -0.44188300 -0.44973382
v -0.08173526 -0.44429149 -0.50858942
v -0.18233175 -0.43656718 -0.52517261
v -0.12019564 -0.43348226 -0.51344727
v 0.19455294 -0.41906594 0.52265292
v 0.24625014 -0.45070257 0.48467385
v 0.22394679 -0.43673960 0.43832776
v 0.03440092 -0.44108848 0.47794317
v 0.08851474 -0.43551443 0.47589043
v -0.07586718 -0.45463881 0.34008826
v -0.10298142 -0.44287500 0.18565344
v 0.27283403 -0.40550127 0.24327570
v 0.23204519 -0.38727110 0.19018729
v -0.24939711 -0.44407116 0.22969351
v 0.30980607 -0.41353326 0.17741212
v 0.21579523 -0.40712179 0.20588581
v -0.26815663 -0.46132994 0.17336318
v -0.11336760 -0.40813908 0.17314723
v 0.25637729 -0.43546370 0.11679098
v 0.05602827 -0.43168445 0.12044908
v 0.32747299 -0.48305200 0.06503914
v 0.01790762 -0.43404998 0.11945678
v 0.33004271 -0.47630216 0.04343683
v 0.29394480 -0.47237615 0.01987939
v 0.19039198 -0.44109862 0.02388813
v 0.23326953 -0.49534202 -0.02077377
v 0.31619128 -0.45979847 -0.00718365
v 0.29623336 -0.49119536 -0.03507430
v 0.29956775 -0.45248841 -0.07271703
v 0.23577665 -0.44961692 -0.06210318
v -0.06192812 -0.45002076 -0.09126069
v -0.26667688 -0.43618311 -0.07031780
v 0.23785927 -0.45120550 -0.09228564
v 0.25548212 -0.43224821 -0.12590087
v -0.07731746 -0.47159299 -0.16061451
v -0.17783621 -0.43339212 -0.15211128
v 0.20737766 -0.43540027 -0.20307559
v -0.05245526 -0.46294625 -0.15213550
v 0.21731315 -0.45722378 -0.21578830
v 0.22222510 -0.43470179 -0.22991944
v -0.21026372 -0.47090453 -0.16747286
v -0.26482440 -0.43848917 -0.19843750
v 0.21548336 -0.45754802 -0.22388408
v -0.14424055 -0.45688750 -0.17500177
v 0.20381717 -0.42837765 -0.23408896
v 0.10368269 -0.39908298 -0.23649815
v 0.19178950 -0.45510441 -0.26024435
v 0.24648726 -0.42462780 -0.26893191
v 0.10180160 -0.42352823 -0.32200456
v 0.14541102 -0.45028031 -0.35313471
v -0.17799086 -0.45022653 -0.30218506
v 0.16907453 -0.46085012 -0.37004443
v 0.02359803 -0.39754769 -0.35592514
v -0.10986304 -0.44196197 -0.36525130
v -0.22803145 -0.46656292 -0.33247194
v 0.12257639 -0.40179207 -0.38573474
v 0.02090122 -0.41459298 -0.35887635
v -0.24371384 -0.51719330 -0.32117924
v -0.20785852 -0.48220093 -0.42849089
v -0.11769710 -0.44431030 -0.39555686
v -0.13351109 -0.44425498 -0.44320216
v -0.28969753 -0.44644464 -0.51851562
v -0.24166789 -0.48088142 -0.50770491
v -0.18167485 -0.45049794 -0.46312097
v -0.25102822 -0.43730546 -0.51859193
v -0.18104072 -0.47218664 -0.50264292
v 0.14209578 -0.40401451 0.54677621
v 0.13327673 -0.42951996 0.52523140
v 0.18075532 -0.41839783 0.53975451
v 0.01063934 -0.38896641 0.47385631
v 0.19742104 -0.40891802 0.41796794
v 0.02648885 -0.41686085 0.39217221
v -0.01420760 -0.42236239 0.38728041
v 0.07715951 -0.43514863 0.28940963
v -0.05659307 -0.42521582 0.29845277
v 0.07766563 -0.42859652 0.24055834
v -0.14303879 -0.44815414 0.24577212
v -0.12642125 -0.43902564 0.22242666
v 0.22059585 -0.42368131 0.29238490
v -0.04212722 -0.41767167 0.15302346
v -0.00975661 -0.46249545 0.18714789
v -0.26179703 -0.44050970 0.20825929
v -0.15105968 -0.43289534 0.22933662
v 0.08845194 -0.39422186 0.09332933
v -0.07696796 -0.42750901 0.14345206
v 0.31962504 -0.43016979 0.09967614
v 0.02155662 -0.40742821 0.10022398
v 0.32869817 -0.44346040 0.07197538
v 0.19331694 -0.45346440 0.04793504
v 0.07283212 -0.43762822 0.05928709
v -0.15766895 -0.44695456 0.04046281
v 0.30841842 -0.42838463 0.02785079
v 0.26992794 -0.45600327 0.02717685
v 0.26012418 -0.47337300 0.02408679
v -0.12726627 -0.43482472 0.00339185
v -0.18999922 -0.40063335 -0.03640212
v -0.08073476 -0.47076615 -0.11558591
v -0.03820341 -0.44956954 -0.11751089
v -0.13102906 -0.45029993 -0.18104951
v -0.11572978 -0.44025915 -0.18595495
v 0.27801990 -0.39146432 -0.17232129
v 0.24575257 -0.40532878 -0.25222021
v -0.21310851 -0.43127939 -0.14502607
v 0.19596575 -0.43186936 -0.24071912
v -0.19524002 -0.45105220 -0.17188931
v -0.19803506 -0.42254570 -0.26737089
v -0.20416378 -0.42391791 -0.29063804
v 0.24257074 -0.40955821 -0.25372933
v 0.10291279 -0.43743168 -0.25337651
v -0.16996955 -0.42734892 -0.29223688
v 0.16279613 -0.47027211 -0.27021388
v 0.19644704 -0.40742184 -0.33179578
v 0.17328072 -0.41774116 -0.37048663
v 0.08611576 -0.38388546 -0.35956011
v 0.14096959 -0.40551482 -0.37398869
v 0.07222594 -0.46106624 -0.38640631
v -0.17384821 -0.45964201 -0.41024223
v 0.08538012 -0.41748198 -0.42495445
v 0.03457498 -0.42648965 -0.44922589
v 0.00317069 -0.42255836 -0.44564503
v -0.10152268 -0.42356602 -0.40535915
v -0.05931437 -0.42395994 -0.49050508
v -0.10602821 -0.42048967 -0.41024821
v -0.18588897 -0.46757618 -0.47056920
v -0.15741174 -0.43266360 -0.44345988
v -0.28479840 -0.43049389 -0.51361571
v -0.06993846 -0.43544318 -0.47616603
v -0.18735003 -0.38623273 -0.48848844
v -0.11332677 -0.40811215 -0.48631432
v -0.11047333 -0.42013018 -0.51196842
v -0.02017605 -0.42682848 0.44565343
v 0.12699692 -0.41672048 0.36189235
v -0.13637809 -0.43613961 0.34382771
v 0.04392454 -0.43943834 0.29503380
v -0.14514796 -0.48608532 0.25947777
v 0.00264300 -0.42756525 0.23876078
v 0.20465183 -0.39601703 0.21517125
v -0.05141716 -0.41252040 0.16936492
v -0.22673500 -0.41603980 0.23936955
v -0.25907667 -0.43227153 0.22886115
v 0.28491233 -0.38592568 0.20577313
v 0.00618854 -0.43104773 0.13692606
v 0.30413261 -0.39818547 0.18335963
v -0.14232268 -0.40140310 0.19828589
v 0.25969666 -0.39436341 0.14752907
v 0.19195227 -0.40269243 0.15813040
v -0.16373371 -0.39905497 0.15882691
v -0.18029284 -0.45134603 0.09822010
v 0.24129390 -0.42107778 0.11864088
v -0.16026030 -0.45857104 0.06310978
v 0.08364510 -0.39763045 0.08200190
v 0.31324095 -0.40216371 0.05947160
v 0.06514083 -0.39149425 0.08680724
v 0.21905378 -0.45133490 0.02564654
v 0.04505512 -0.43224303 0.10649928
v 0.00820036 -0.40422295 0.08343345
v 0.32232834 -0.40547719 0.00535152
v 0.29357266 -0.45111151 0.02648616
v 0.30678888 -0.42793785 -0.02645226
v 0.27961704 -0.44900985 -0.09566273
v -0.15793735 -0.41231169 -0.02273153
v 0.29726480 -0.42001231 -0.11120248
v -0.18636985 -0.43206051 -0.03089046
v -0.32006688 -0.44327057 -0.09345019
v -0.05096526 -0.44761861 -0.12855954
v -0.13115010 -0.41457397 -0.17311601
v -0.27047385 -0.41824997 -0.15963302
v -0.29290693 -0.42767796 -0.15993662
v -0.09956298 -0.44028564 -0.18373958
v 0.12250804 -0.38759893 -0.23343858
v -0.12893896 -0.41295336 -0.19071239
v 0.19512043 -0.40594027 -0.23250267
v 0.13176141 -0.43249448 -0.25262033
v 0.07364726 -0.39716612 -0.29257202
v 0.07964174 -0.41506583 -0.30306386
v 0.05924044 -0.37108122 -0.29069448
v -0.13316311 -0.44994034 -0.38745975
v -0.32281969 -0.42939285 -0.40488033
v 0.05698326 -0.43051662 -0.36218118
v -0.15414972 -0.44625852 -0.43458062
v -0.29623964 -0.46922941 -0.46571504
v -0.18745866 -0.39054011 -0.48476899
v -0.22155140 -0.37854959 -0.49782696
v -0.31300234 -0.42199683 -0.48840280
v -0.12937230 -0.41841355 -0.41696986
v -0.24634907 -0.39258840 -0.49771518
v -0.17720577 -0.36789224 -0.50383056
v 0.13380824 -0.41846532 0.38732171
v -0.05621564 -0.42635631 0.37707893
v 0.18682110 -0.40155952 0.34612699
v 0.05436340 -0.42729135 0.30759769
v 0.05578544 -0.42774058 0.27208725
v -0.18370487 -0.43008665 0.27684135
v 0.18897471 -0.38821500 0.30383379
v 0.03288998 -0.43755685 0.26411400
v -0.06577956 -0.42560408 0.29516239
v 0.06490686 -0.41320158 0.21171062
v -0.07902851 -0.42830067 0.16979605
v -0.11669380 -0.41417393 0.22242142
v -0.27093208 -0.42516028 0.21117888
v -0.19199877 -0.38706135 0.23008262
v 0.00998741 -0.43894906 0.16502709
v -0.13456737 -0.39191690 0.17481379
v 0.25813834 -0.38462221 0.17296412
v 0.22165541 -0.36834489 0.15777173
v -0.17931794 -0.39198292 0.18863824
v -0.23426952 -0.43177427 0.15334948
v 0.20071724 -0.37558831 0.15120016
v -0.09295134 -0.38686877 0.15614105
v -0.20416615 -0.42542162 0.11537259
v 0.23470097 -0.36709480 0.14247993
v -0.04173396 -0.38989838 0.13552775
v 0.28471228 -0.43029197 0.12865822
v -0.13301040 -0.39389716 0.09775948
v 0.25745956 -0.44142106 0.02313027
v 0.20762708 -0.44011317 0.02869452
v -0.12997046 -0.43150151 0.01976827
v 0.21865969 -0.44604266 0.02740278
v 0.30639330 -0.43555917 0.02046471
v -0.12312198 -0.39562944 -0.14871564
v -0.32286566 -0.40832777 -0.12302208
v 0.27983009 -0.38485480 -0.13008167
v -0.22056225 -0.41646628 -0.12162293
v -0.24462833 -0.40313623 -0.14493178
v 0.19614636 -0.40307096 -0.23268796
v -0.10703442 -0.41073472 -0.18527921
v 0.14765739 -0.40233985 -0.25263012
v -0.23182558 -0.42049405 -0.22092356
v -0.31007986 -0.45583509 -0.29196115
v 0.20524962 -0.42390226 -0.32016269
v -0.17659417 -0.43401117 -0.29614290
v 0.14142185 -0.40997847 -0.36717124
v 0.09243514 -0.37426174 -0.32892252
v 0.06401818 -0.37113757 -0.34999929
v -0.20397904 -0.42624274 -0.31808172
v -0.10804202 -0.43368969 -0.37932990
v -0.11324039 -0.43698953 -0.38941278
v -0.32289951 -0.41529550 -0.33920303
v 0.01633593 -0.37759992 -0.36836163
v -0.30251097 -0.40222622 -0.41214872
v 0.08832415 -0.41331986 -0.38611100
v -0.12059044 -0.41369274 -0.40752949
v 0.00736046 -0.39808991 -0.46206759
v -0.14675319 -0.40399535 -0.43120175
v -0.30550745 -0.40198776 -0.49062418
v -0.05097849 -0.38987422 -0.49997028
v -0.07086408 -0.38175233 -0.49651130
v 0.11916461 -0.42090998 0.49536347
v 0.12226342 -0.40320506 0.47497013
v 0.28226642 -0.42002832 0.47811313
v 0.29796198 -0.42056933 0.42174387
v -0.00857591 -0.38725856 0.43707068
v 0.05476350 -0.37343500 0.44763108
v 0.00586703 -0.40181764 0.40577620
v 0.29193559 -0.41010403 0.31269632
v 0.08943138 -0.37814205 0.40834250
v 0.05035998 -0.42987442 0.33412497
v -0.01170545 -0.39508132 0.39913363
v 0.11426579 -0.40144303 0.35319555
v 0.07596151 -0.41923676 0.24086356
v 0.06061064 -0.39919934 0.21393842
v -0.09901489 -0.40530190 0.16714783
v -0.24035119 -0.37344928 0.22852035
v -0.02648330 -0.43542237 0.14922724
v -0.27508100 -0.39736700 0.19723413
v -0.00925936 -0.40041084 0.10922624
v 0.07171366 -0.40202812 0.17652697
v -0.25428092 -0.41597622 0.16586529
v 0.17655685 -0.39567584 0.16544401
v -0.26278391 -0.41978934 0.13332093
v -0.18471838 -0.38507629 0.12301934
v -0.20772450 -0.42561483 0.07472285
v 0.23573661 -0.39401294 0.11653964
v -0.11544685 -0.38699889 0.09183343
v -0.17604522 -0.42990554 0.03374180
v 0.04075612 -0.37512696 0.06920447
v 0.32443590 -0.39014809 0.03914379
v -0.10958551 -0.39914563 -0.00279659
v -0.20062893 -0.43595419 -0.00307720
v -0.23545225 -0.40378612 -0.03755655
v 0.31041970 -0.40381866 -0.04899659
v -0.10982989 -0.38163075 -0.03132046
v -0.16225911 -0.37516317 -0.02591077
v -0.24380955 -0.39510755 -0.04575770
v 0.29691154 -0.39225867 -0.11038989
v -0.18152591 -0.40562786 -0.12575812
v -0.10908417 -0.40166552 -0.16960666
v 0.27706796 -0.39141585 -0.19731645
v 0.20645493 -0.39212808 -0.23542925
v -0.27361522 -0.42895826 -0.16164221
v -0.22409228 -0.40594083 -0.14068457
v -0.32202944 -0.43980396 -0.18068761
v -0.34424506 -0.42537784 -0.20423313
v 0.22190156 -0.41575893 -0.23855922
v -0.27779352 -0.45529010 -0.30374159
v -0.29801711 -0.47201137 -0.23852338
v 0.22149692 -0.36093014 -0.25686427
v 0.21746711 -0.38150101 -0.28772929
v 0.12288440 -0.39068957 -0.34787557
v 0.03680814 -0.36190890 -0.31797895
v 0.05327379 -0.35568432 -0.33219955
v 0.09788141 -0.38361231 -0.36318145
v 0.07367955 -0.40179238 -0.36561583
v -0.22818529 -0.36600348 -0.44853267
v -0.20731905 -0.35900788 -0.41626846
v -0.16349321 -0.38745228 -0.43835049
v 0.05217678 -0.39468518 -0.43419218
v -0.17714306 -0.34584075 -0.46341935
v -0.27158438 -0.37529832 -0.48830781
v -0.28746515 -0.39876805 -0.51278289
v -0.12021871 -0.35136652 -0.50500021
v -0.16638285 -0.35909812 -0.50290945
v 0.17705438 -0.40044333 0.55683806
v 0.15695205 -0.37422766 0.56010258
v 0.23180161 -0.40548227 0.53448941
v 0.21272860 -0.41284884 0.52115483
v 0.25971515 -0.42781318 0.48007699
v 0.19197999 -0.40003511 0.48724801
v 0.00220759 -0.37552993 0.45739158
v -0.01179665 -0.38252756 0.41110516
v 0.19207369 -0.38606407 0.35194423
v -0.05322832 -0.40221899 0.33548503
v -0.02430726 -0.37531993 0.36864111
v -0.02919017 -0.38094699 0.27977781
v -0.08261807 -0.37880783 0.31257071
v -0.05982327 -0.38546659 0.29473918
v 0.16761598 -0.37187278 0.25030349
v -0.12315187 -0.38126460 0.18705868
v -0.29811974 -0.39300370 0.18152928
v -0.20414147 -0.35989682 0.14568324
v -0.30072335 -0.40053540 0.14118478
v -0.30770950 -0.41469581 0.06691688
v -0.01870089 -0.33599143 0.12257210
v -0.15169754 -0.37436614 0.08740911
v -0.03048377 -0.41566173 0.08728556
v -0.25164155 -0.42959719 0.05656708
v 0.07148419 -0.41359350 0.08436492
v -0.27690824 -0.42513769 0.03765593
v -0.20176375 -0.43773948 0.01903303
v -0.22272509 -0.41424010 0.05591522
v -0.23944443 -0.42751740 0.01081710
v -0.15252822 -0.42143535 0.00506744
v -0.30808767 -0.40869581 -0.01862797
v 0.32303931 -0.34401120 0.01592853
v -0.17803720 -0.41649251 -0.02705983
v -0.09427632 -0.39056274 -0.01236097
v -0.08383143 -0.36943305 -0.03058851
v -0.27957509 -0.41001653 -0.03157279
v -0.32673482 -0.39252755 -0.10206117
v 0.30825929 -0.36172291 -0.13224816
v -0.31663125 -0.40283199 -0.15067039
v 0.26920656 -0.36662408 -0.17495598
v -0.12839076 -0.39562203 -0.16703761
v -0.32921487 -0.38299099 -0.16833508
v -0.27578289 -0.45294159 -0.18962274
v -0.24801794 -0.41451597 -0.22693210
v -0.34529435 -0.38270615 -0.18569268
v -0.24712779 -0.43773043 -0.26230475
v 0.17035728 -0.38871197 -0.24456696
v 0.08761872 -0.37749535 -0.31777574
v -0.20012450 -0.41573928 -0.28438461
v 0.15141375 -0.40711839 -0.27035343
v -0.17532816 -0.40305111 -0.29639660
v 0.00541095 -0.35360011 -0.30204905
v 0.13651794 -0.35480246 -0.36672184
v -0.00258089 -0.37930418 -0.34415583
v -0.32636143 -0.40057405 -0.33105845
v -0.13651008 -0.39134025 -0.41550872
v -0.20911309 -0.34523842 -0.42685934
v 0.10244319 -0.39192453 -0.40378555
v -0.15403119 -0.36028190 -0.43160762
v -0.21654495 -0.35377114 -0.48322907
v 0.03679086 -0.37507189 -0.44230541
v -0.00678513 -0.35378739 -0.45517820
v -0.16922135 -0.33718801 -0.45079300
v -0.09658287 -0.35762787 -0.50255410
v 0.13719798 -0.37739243 0.53371241
v 0.28371466 -0.38403921 0.48648465
v 0.14247381 -0.37050700 0.47837819
v 0.21147124 -0.39838153 0.47569150
v 0.12136134 -0.40114885 0.42731665
v 0.30179557 -0.40300928 0.37676156
v 0.01628194 -0.34396820 0.40528675
v 0.20887297 -0.38883061 0.38661789
v 0.19691857 -0.39602685 0.40228948
v 0.03033734 -0.35665964 0.43880126
v 0.23391298 -0.41123539 0.42148724
v -0.01225195 -0.36440878 0.39794005
v 0.01843983 -0.33983470 0.35260478
v 0.06049194 -0.36064647 0.36861288
v 0.29928207 -0.37983062 0.34055202
v 0.30496995 -0.37082536 0.30736610
v 0.11381023 -0.36245908 0.33528801
v 0.27557427 -0.39876222 0.28269231
v -0.12385868 -0.41955911 0.34156208
v -0.17798682 -0.41876865 0.31679670
v -0.19707042 -0.38590605 0.29290489
v -0.02862681 -0.36492995 0.26905934
v 0.16325858 -0.35876229 0.24882235
v -0.10331137 -0.39772020 0.24398503
v 0.15417240 -0.35001633 0.22892087
v 0.02976839 -0.39094513 0.20898171
v -0.29764840 -0.35807828 0.17400120
v 0.03922977 -0.40899788 0.11666789
v -0.31833649 -0.37027786 0.16252025
v 0.21500161 -0.35587852 0.14547141
v -0.08138409 -0.35629625 0.13018713
v 0.30416183 -0.38463331 0.07071700
v -0.32242113 -0.34567367 0.06517171
v -0.16673992 -0.35388631 0.08707864
v -0.13602386 -0.37263602 -0.01910301
v 0.30258299 -0.37721070 -0.00714834
v 0.32877320 -0.35220178 -0.03383446
v 0.26812823 -0.34892773 -0.08988773
v -0.10068388 -0.36794752 -0.05218249
v -0.29411545 -0.38557310 -0.07325078
v 0.26095999 -0.34337760 -0.11658765
v -0.20997058 -0.38423746 -0.14086715
v 0.28975925 -0.35570292 -0.14422137
v -0.11703541 -0.38764184 -0.14758321
v -0.11710660 -0.38079738 -0.15440990
v 0.27685786 -0.34168823 -0.15193304
v 0.23343541 -0.36590248 -0.24309511
v -0.18302757 -0.34771444 -0.16247779
v -0.24345999 -0.36138362 -0.17447710
v -0.27690406 -0.36534198 -0.16392346
v -0.24372799 -0.41282824 -0.22000905
v -0.31876549 -0.34877284 -0.19236797
v -0.35602584 -0.35925173 -0.20181974
v -0.17551228 -0.40645556 -0.28872372
v 0.07032590 -0.34860818 -0.30722773
v -0.24585562 -0.41645332 -0.31923130
v 0.17296826 -0.36148224 -0.34118864
v -0.34987996 -0.39438206 -0.36178393
v -0.34618599 -0.36514559 -0.38393203
v -0.28948602 -0.36028798 -0.39472290
v -0.32641476 -0.34926577 -0.39544563
v -0.00155449 -0.36387304 -0.34462462
v 0.01236284 -0.33822589 -0.42507656
v -0.15586341 -0.32866464 -0.44200904
v -0.15159310 -0.35448005 -0.43512476
v -0.33085609 -0.38740323 -0.44786641
v -0.05878242 -0.35613133 -0.48207629
v -0.10512793 -0.32730317 -0.45357518
v -0.13104634 -0.31518431 -0.46078314
v -0.15709506 -0.32802734 -0.48530393
v 0.29477104 -0.35833784 0.48611803
v 0.29472001 -0.35504284 0.40894251
v 0.26077282 -0.34299771 0.34475845
v 0.25518736 -0.42619416 0.34418827
v 0.04057711 -0.34100156 0.36840372
v 0.10513025 -0.37060485 0.34235031
v 0.07688498 -0.35455771 0.30604333
v 0.01689417 -0.34912382 0.27143313
v 0.29293399 -0.37509818 0.26765482
v -0.18925640 -0.37616568 0.24667816
v -0.15697196 -0.38544022 0.23949723
v 0.05008113 -0.37964277 0.18555355
v -0.27697051 -0.35046997 0.18952555
v 0.07949589 -0.38895088 0.13319136
v -0.25536370 -0.33344890 0.18249908
v 0.19610324 -0.37833359 0.16057220
v 0.07225135 -0.38879373 0.13175603
v 0.00001651 -0.36581716 0.09288173
v -0.31369688 -0.35192059 0.13669118
v -0.21893946 -0.33532997 0.14404285
v 0.24112618 -0.38261640 0.12563468
v -0.10745505 -0.36483786 0.11125365
v -0.18541253 -0.33400658 0.11805813
v -0.01677122 -0.35584079 0.08832941
v -0.28923681 -0.32908097 0.03894890
v -0.31604210 -0.33856921 0.05122994
v -0.32736597 -0.36223378 -0.01413394
v -0.26804694 -0.38471677 -0.05205476
v 0.25929036 -0.34779524 -0.05897300
v -0.04320066 -0.34661262 -0.06218851
v 0.32284330 -0.33063724 -0.06628834
v 0.28868465 -0.33427643 -0.07377351
v 0.29229970 -0.34077798 -0.10284886
v 0.31400427 -0.36207179 -0.08410982
v -0.16502715 -0.34428484 -0.04447620
v 0.31072772 -0.36324356 -0.10827423
v 0.26977582 -0.35081572 -0.10550226
v 0.31483488 -0.35169515 -0.11941447
v 0.27212452 -0.33282630 -0.12375754
v -0.23593817 -0.35900000 -0.14722508
v 0.25963719 -0.32347862 -0.16404086
v 0.19115096 -0.37709878 -0.23613912
v -0.26719086 -0.32598942 -0.18412236
v 0.11982599 -0.36756178 -0.25939465
v -0.27730803 -0.32509684 -0.24221282
v -0.30942561 -0.34403331 -0.20852780
v -0.00410966 -0.34100994 -0.28078993
v -0.29465616 -0.41769469 -0.32148150
v -0.34503899 -0.38799884 -0.32428996
v 0.20284827 -0.35601057 -0.31828368
v 0.10852354 -0.34445807 -0.34845170
v -0.22717150 -0.41333977 -0.31615309
v 0.18146496 -0.33976064 -0.33694115
v 0.15659657 -0.33197719 -0.35378245
v -0.08772145 -0.33322220 -0.38833676
v -0.19636096 -0.31650355 -0.43238857
v -0.14271768 -0.32060128 -0.43688028
v 0.11253994 -0.36356092 -0.39158617
v -0.22667278 -0.37256793 -0.42997546
v -0.10695105 -0.30882633 -0.41832402
v -0.03173366 -0.37386893 -0.47599253
v 0.18106693 -0.32923159 0.57260343
v 0.17369465 -0.34927685 0.55545718
v 0.25287178 -0.33704383 0.55429375
v 0.14709339 -0.36088885 0.48540013
v -0.10142370 -0.36684043 0.43023153
v -0.14782901 -0.34168356 0.41153395
v -0.07672283 -0.38893669 0.39851059
v -0.13597980 -0.38377826 0.39491721
v -0.12763043 -0.39109730 0.37089381
v 0.19574909 -0.36752884 0.30874991
v 0.03799719 -0.32809776 0.28736588
v -0.17758360 -0.35682720 0.30529306
v -0.22949423 -0.35304517 0.25361986
v -0.09674208 -0.38574316 0.23241423
v -0.12999765 -0.38462456 0.20823084
v 0.06759365 -0.38339981 0.16140163
v -0.02334796 -0.34324375 0.15916263
v 0.17005322 -0.38488137 0.19157151
v 0.16723563 -0.37409226 0.20381030
v 0.29294344 -0.38380053 0.14153233
v 0.07030847 -0.37746169 0.10068754
v 0.06481429 -0.36627892 0.08483559
v -0.22618324 -0.32263114 0.12852349
v 0.22920331 -0.36422196 0.13374087
v 0.32315659 -0.36036856 0.09051983
v -0.27869596 -0.32414897 0.12477220
v 0.29830747 -0.31987194 0.08321283
v 0.02135120 -0.36820510 0.07254594
v -0.24704082 -0.32229972 0.08517031
v 0.28824308 -0.36031749 0.06333191
v -0.10462999 -0.34690602 -0.00912951
v -0.20018532 -0.39465494 -0.03773404
v -0.05803192 -0.34355189 -0.03253975
v 0.32253275 -0.32226202 -0.04288970
v -0.04511063 -0.33530088 -0.09127566
v -0.27366350 -0.34725300 -0.16952978
v 0.26912738 -0.34521949 -0.15570175
v -0.12923559 -0.36954113 -0.16261133
v -0.30319212 -0.35072322 -0.16982069
v 0.22979209 -0.30638309 -0.21933997
v 0.18879067 -0.34385781 -0.24682426
v -0.20531050 -0.30922984 -0.19625988
v -0.22592338 -0.31398908 -0.19465829
v 0.19398645 -0.33525515 -0.25008019
v 0.03208455 -0.35356621 -0.28519075
v 0.13665432 -0.33315507 -0.27495732
v -0.32448715 -0.40355344 -0.30145902
v 0.20199486 -0.34347110 -0.28306226
v -0.29353914 -0.41001979 -0.32209197
v -0.14837740 -0.32772640 -0.36312129
v -0.15932833 -0.31764352 -0.36147982
v -0.30650017 -0.31567894 -0.38782998
v -0.16686198 -0.32272095 -0.37741323
v 0.08120861 -0.37068135 -0.34806265
v -0.18948915 -0.32408689 -0.39592107
v -0.15859974 -0.30163935 -0.41492301
v -0.19138713 -0.33231777 -0.46660209
v 0.04816478 -0.35288735 -0.43785209
v -0.14056554 -0.31515739 -0.42851630
v -0.13722210 -0.31069917 -0.42881815
v -0.32187018 -0.37432940 -0.40359207
v -0.33022184 -0.39177750 -0.42941721
v -0.09943832 -0.33946932 -0.46065232
v -0.30006407 -0.38169218 -0.47637467
v 0.21845553 -0.34936781 0.57214304
v 0.09911221 -0.35566558 0.52716471
v 0.14797367 -0.34297271 0.53057383
v 0.11694128 -0.35896978 0.48422702
v 0.06735541 -0.35332159 0.51232487
v 0.27247799 -0.32698044 0.49740169
v 0.25822530 -0.32547442 0.47532626
v 0.10868509 -0.35153732 0.44926502
v 0.29247309 -0.32577283 0.47695365
v 0.31850520 -0.32210927 0.41852804
v -0.11575726 -0.33361510 0.43077682
v 0.29107144 -0.36778992 0.37431573
v 0.12722465 -0.36562169 0.35759436
v -0.06761075 -0.37424762 0.33456572
v 0.31435296 -0.32512906 0.30718121
v 0.22150719 -0.37980453 0.25482881
v 0.16673125 -0.35048115 0.23525558
v -0.02774538 -0.36313104 0.30546921
v -0.05923571 -0.37317408 0.30866426
v 0.20294717 -0.36486334 0.23795755
v 0.13596258 -0.32980138 0.20978458
v -0.16058254 -0.37434949 0.21264349
v 0.20154419 -0.37658059 0.21218585
v 0.29266788 -0.37287473 0.19911058
v 0.24384100 -0.37361164 0.21097548
v 0.16794049 -0.35164286 0.20462337
v -0.03229925 -0.37260448 0.16552682
v -0.07995522 -0.37216793 0.15516301
v 0.28498133 -0.37254731 0.16946328
v -0.15296099 -0.37875176 0.16821857
v 0.21736807 -0.38000055 0.17102105
v 0.31259286 -0.35884877 0.16831968
v 0.26682112 -0.37336095 0.14782540
v -0.19204344 -0.36415449 0.18466870
v -0.15786836 -0.37695428 0.12437737
v 0.32293407 -0.36094406 0.12531221
v 0.23151401 -0.35001812 0.12801359
v 0.31287774 -0.31184009 0.10610685
v 0.01071319 -0.36854944 0.08621804
v 0.01421849 -0.37271914 0.07139744
v -0.13799984 -0.37089954 0.09896316
v -0.23339088 -0.33348505 0.04958657
v 0.32448356 -0.31778836 -0.00780283
v -0.32150662 -0.34835653 0.01550530
v 0.29868470 -0.32852193 -0.04090683
v -0.30028578 -0.34138616 -0.06384098
v 0.25087374 -0.33070991 -0.02409710
v 0.27433626 -0.34371165 -0.10085597
v -0.08509494 -0.32074536 -0.09656822
v -0.11510967 -0.34425680 -0.07030562
v -0.18308348 -0.32870358 -0.06558383
v -0.27603494 -0.36637932 -0.07407875
v -0.31350770 -0.34680585 -0.06304441
v 0.25554063 -0.34152759 -0.14716820
v -0.31955041 -0.36078802 -0.16742873
v -0.15368804 -0.36139421 -0.15394536
v -0.20523934 -0.34637370 -0.16659040
v 0.22110691 -0.30493160 -0.18244064
v -0.20786705 -0.32155524 -0.17625085
v -0.17490100 -0.32331303 -0.23007409
v -0.22860342 -0.31851376 -0.21868354
v -0.34596755 -0.35537448 -0.20246933
v -0.35718833 -0.37481037 -0.23126962
v 0.15904666 -0.33440694 -0.25744287
v -0.35294397 -0.35029280 -0.28217513
v 0.19600184 -0.30315357 -0.26291055
v -0.00732582 -0.31399970 -0.28850621
v -0.24281631 -0.31112423 -0.25918030
v -0.35588156 -0.37391443 -0.36209198
v 0.01186421 -0.32764582 -0.29634375
v -0.12413950 -0.30982084 -0.38915394
v 0.01063547 -0.35215015 -0.31784330
v -0.09712493 -0.32025891 -0.37284236
v 0.10224118 -0.30122872 -0.39386260
v 0.08595589 -0.34811575 -0.40686557
v 0.06663988 -0.31767866 -0.42679379
v -0.30182854 -0.32344135 -0.38911464
v -0.08771647 -0.34509469 -0.48197389
v 0.22821008 -0.31427665 0.56599260
v 0.13268959 -0.32360713 0.55058172
v 0.15915629 -0.34676079 0.52854837
v 0.21387586 -0.34239382 0.47461170
v 0.04938503 -0.34329743 0.48853100
v 0.10840908 -0.35031905 0.42158793
v 0.15662334 -0.31361973 0.41706394
v 0.10198675 -0.35117773 0.38195492
v 0.18564077 -0.32219572 0.40489045
v -0.15342261 -0.32750814 0.41719735
v -0.11153797 -0.31091608 0.40698244
v 0.11568155 -0.35400796 0.34508802
v -0.01870265 -0.33729532 0.37160838
v -0.20388016 -0.35264549 0.33609111
v 0.24386500 -0.31169210 0.34124342
v -0.11420500 -0.35293968 0.30852587
v 0.30677019 -0.27406272 0.27087007
v 0.07963570 -0.33536107 0.29639043
v 0.05579377 -0.32743692 0.29740990
v 0.21831848 -0.35905393 0.23563585
v 0.01093199 -0.32956045 0.26990187
v -0.08974478 -0.35515890 0.23278072
v 0.28523962 -0.35888991 0.24102010
v -0.19663125 -0.33519002 0.21243296
v 0.19941485 -0.32641295 0.20516463
v 0.23394717 -0.34551397 0.15450632
v -0.08133243 -0.33081727 0.14035831
v 0.31221075 -0.33255814 0.18468336
v 0.31694691 -0.31660281 0.13083763
v -0.00631115 -0.34499176 0.10007948
v -0.15444319 -0.35861842 0.09948735
v -0.05448924 -0.35052974 0.13674282
v -0.18761471 -0.30116635 0.11167461
v -0.15768798 -0.32030850 0.10732198
v -0.22742815 -0.31439924 0.05699132
v 0.31530557 -0.33462208 0.04779162
v -0.08263422 -0.34055774 -0.01583886
v -0.17150818 -0.35278907 -0.01415883
v 0.30741885 -0.30567100 -0.00420989
v -0.19253195 -0.35256891 -0.01486853
v 0.25331513 -0.32991467 -0.02646655
v 0.26506467 -0.34350214 -0.07473347
v 0.26794900 -0.33120921 -0.11654752
v -0.23117226 -0.34690334 -0.06022006
v 0.26419385 -0.32141764 -0.15619609
v 0.24530051 -0.32923669 -0.16091460
v -0.22759073 -0.33531448 -0.17049553
v -0.15393529 -0.32367127 -0.16631638
v 0.22807903 -0.30137292 -0.22614430
v -0.17372172 -0.30224182 -0.19924237
v 0.19781151 -0.28541140 -0.22862618
v 0.14109681 -0.36206706 -0.24646065
v 0.12253104 -0.34136638 -0.26304591
v -0.32442928 -0.34628571 -0.18836282
v -0.17071955 -0.31722974 -0.23714246
v -0.18941905 -0.33353436 -0.22733670
v -0.21491232 -0.31080055 -0.24585109
v -0.09683242 -0.33050237 -0.37963670
v -0.09419606 -0.32106723 -0.38624144
v 0.09776087 -0.32339584 -0.33798032
v 0.02839511 -0.31789441 -0.30480519
v -0.09693507 -0.31740217 -0.42522633
v 0.04197660 -0.31234272 -0.42639061
v -0.34709713 -0.34560413 -0.46100662
v -0.00467114 -0.31013144 -0.46200548
v -0.08313825 -0.31986775 -0.48486037
v -0.27373011 -0.36055107 -0.51322372
v -0.05385779 -0.32062189 -0.48306180
v 0.15381854 -0.29727185 0.55250589
v 0.23159076 -0.31267939 0.53665538
v 0.12169639 -0.31202211 0.52554155
v 0.07187034 -0.34380709 0.52617511
v 0.14897178 -0.30623853 0.48516094
v 0.04713479 -0.33017810 0.41138074
v -0.04365492 -0.34419586 0.44975767
v -0.07941323 -0.30716471 0.43763858
v 0.21690890 -0.32837950 0.43642151
v -0.10037844 -0.31502789 0.40426832
v 0.28496396 -0.30428459 0.37276640
v 0.06186414 -0.33980961 0.36914773
v 0.08845555 -0.33678217 0.31866539
v -0.12702812 -0.27240226 0.37328802
v -0.11248112 -0.30908621 0.35520887
v 0.01438071 -0.32215971 0.35903170
v -0.13254648 -0.34275105 0.31443853
v -0.18626081 -0.35424152 0.31738446
v -0.22771990 -0.34844291 0.30209775
v 0.29588132 -0.34212828 0.32445441
v -0.19337976 -0.35891405 0.30523863
v 0.18663565 -0.32192393 0.21472115
v 0.01992834 -0.32311220 0.28249301
v -0.12841729 -0.31631155 0.23868148
v 0.23848569 -0.33716061 0.23606547
v -0.11437867 -0.35413225 0.23232805
v -0.20457725 -0.33513032 0.18494360
v 0.16280000 -0.32003051 0.19556789
v -0.05943991 -0.30817169 0.12800639
v -0.17722672 -0.34845303 0.12581750
v 0.17276405 -0.30074793 0.14990028
v -0.00625485 -0.32843098 0.12982555
v -0.12086562 -0.36730802 0.12548427
v -0.08896354 -0.32773127 0.11772485
v -0.06350216 -0.31780301 0.11581445
v -0.20191899 -0.29605122 0.09259631
v 0.31295669 -0.30574003 0.01696387
v -0.14090626 -0.35073818 -0.01686348
v 0.24383680 -0.31331036 -0.00904169
v -0.21238124 -0.34711380 -0.04168136
v -0.25210001 -0.31060522 -0.06238823
v 0.28266026 -0.32879878 -0.03584443
v 0.29624328 -0.33050165 -0.04256592
v 0.29971067 -0.32145079 -0.06922276
v -0.30347321 -0.30059242 -0.06587640
v 0.27628966 -0.33061280 -0.15271929
v -0.14134873 -0.30659462 -0.08130952
v 0.22719961 -0.29306430 -0.18848745
v 0.05255529 -0.31653792 -0.20073320
v 0.07687332 -0.31165272 -0.18823041
v 0.07911507 -0.29323024 -0.20881123
v 0.17686019 -0.30590412 -0.24918842
v 0.05854592 -0.32662011 -0.22307139
v -0.32825413 -0.28684612 -0.19397637
v -0.36267087 -0.34526107 -0.23853653
v 0.17179712 -0.30629424 -0.25599527
v -0.27996872 -0.31703739 -0.24740666
v 0.18902130 -0.29412484 -0.28819696
v -0.35458294 -0.30380446 -0.34745729
v 0.13739607 -0.29976270 -0.35790687
v -0.30886751 -0.28125652 -0.34661187
v 0.06992470 -0.32914739 -0.32963083
v -0.27565813 -0.32969187 -0.38253555
v -0.19174230 -0.31183952 -0.40461213
v -0.27311566 -0.30767520 -0.38854174
v -0.18833393 -0.26890096 -0.40846305
v 0.01136854 -0.31535509 -0.44134628
v -0.31386329 -0.32644153 -0.39404764
v -0.22026505 -0.35160128 -0.44801426
v -0.21660828 -0.35245967 -0.49163224
v -0.06255692 -0.29745487 -0.48309900
v -0.32630564 -0.34450762 -0.48272114
v -0.31091641 -0.35274287 -0.51431977
v 0.18265497 -0.30469981 0.57191141
v 0.18358635 -0.29527279 0.55640467
v 0.08269738 -0.31433792 0.51954961
v 0.11957826 -0.29201022 0.45409746
v 0.05002762 -0.29510577 0.44243460
v 0.31250688 -0.31379896 0.45749163
v 0.29229042 -0.31457613 0.48190708
v -0.03079298 -0.30431892 0.46372152
v -0.06352760 -0.28839620 0.41690713
v -0.00929217 -0.33263727 0.44060748
v 0.29689861 -0.27938395 0.39360737
v -0.13060984 -0.30810275 0.41655451
v -0.08953077 -0.30729060 0.34208448
v 0.13235306 -0.29100100 0.35687270
v 0.23560799 -0.29044249 0.34300180
v -0.22477864 -0.31413454 0.33867004
v 0.04447190 -0.30677510 0.31953457
v 0.04827387 -0.30585202 0.29910811
v 0.26737951 -0.36055347 0.25797465
v 0.22742920 -0.32140665 0.24531995
v 0.20183870 -0.29606632 0.17081596
v -0.00829012 -0.32839163 0.14218789
v 0.30067177 -0.29983720 0.13799032
v 0.15509033 -0.29381212 0.14592620
v 0.29340867 -0.29636965 0.10662341
v 0.31789792 -0.31175482 0.07538679
v 0.32339461 -0.30268751 0.03852147
v -0.28011392 -0.32452165 0.02929600
v 0.28694670 -0.28896642 0.00270610
v -0.31068074 -0.31314534 0.00341440
v -0.03504222 -0.32006273 -0.07736450
v -0.10210108 -0.34480871 -0.05675416
v -0.16915655 -0.33386740 -0.05596123
v -0.07669825 -0.33190588 -0.06264621
v -0.09139102 -0.30742492 -0.07862563
v -0.04886235 -0.27965877 -0.09270144
v 0.30688284 -0.31442643 -0.04034409
v -0.04432646 -0.29190900 -0.09802691
v 0.30141417 -0.34416095 -0.10330235
v -0.35610531 -0.34027673 -0.14325764
v -0.11001998 -0.28207107 -0.08270211
v -0.18359511 -0.29595706 -0.08523560
v -0.28382340 -0.31730634 -0.16677732
v -0.31574777 -0.30606442 -0.17425184
v -0.18126734 -0.31226161 -0.17907085
v 0.24923678 -0.30626045 -0.17911480
v 0.18513214 -0.28260670 -0.17870426
v 0.11424049 -0.26471433 -0.17800109
v 0.19265837 -0.27571708 -0.20027352
v -0.17476580 -0.31479876 -0.22627490
v 0.08362443 -0.26667650 -0.18357576
v 0.04621823 -0.27444094 -0.23006828
v -0.37538836 -0.32181841 -0.24773132
v 0.03431631 -0.32584567 -0.30267310
v 0.09287459 -0.31557062 -0.33493779
v -0.34534243 -0.29472782 -0.35445949
v 0.05463578 -0.28755672 -0.32963587
v -0.17672626 -0.29759150 -0.38660201
v 0.11195425 -0.29527663 -0.36457641
v -0.34679564 -0.31208619 -0.41841300
v -0.22856945 -0.32517359 -0.51734654
v 0.26207011 -0.32054949 0.48429993
v 0.04476717 -0.28369616 0.50024854
v 0.24566200 -0.31859012 0.46614783
v 0.21190529 -0.31645660 0.43948943
v 0.32019102 -0.30149191 0.41318788
v 0.13179012 -0.27130090 0.35364973
v 0.12450226 -0.29422403 0.36933848
v 0.03644607 -0.30927626 0.35186536
v -0.11678063 -0.28428136 0.33044037
v 0.28813501 -0.27321462 0.33358863
v -0.23690163 -0.34893364 0.27692538
v -0.06511254 -0.27224946 0.24901805
v 0.04670199 -0.31881837 0.28889808
v 0.28934804 -0.28984727 0.25874201
v 0.22493665 -0.28958934 0.22958069
v -0.15360136 -0.28674217 0.22510126
v 0.19729783 -0.30103273 0.19917992
v 0.13730187 -0.31137656 0.21190425
v -0.09590609 -0.30630877 0.20904694
v 0.27894865 -0.33833503 0.24734280
v 0.25238108 -0.28243011 0.23252419
v 0.31596978 -0.30681700 0.21291728
v -0.17542705 -0.29951705 0.21316711
v -0.20943995 -0.30352042 0.17739661
v -0.18249777 -0.31340356 0.14595803
v 0.28819074 -0.28499765 0.10835402
v -0.14877310 -0.30227502 0.10737644
v 0.29075138 -0.27721346 0.01556658
v -0.32711410 -0.33838468 -0.03565840
v 0.29757926 -0.31501969 -0.02970955
v -0.15604231 -0.30281206 -0.08146543
v -0.24293208 -0.25688649 -0.08465157
v -0.19372816 -0.29240393 -0.08502145
v -0.05000520 -0.25424714 -0.08464408
v -0.32527436 -0.31107527 -0.06418526
v 0.29029264 -0.29583815 -0.11967810
v -0.21027207 -0.29108612 -0.08611148
v -0.09307362 -0.28097638 -0.09651428
v 0.13436387 -0.26268602 -0.17682638
v -0.21715602 -0.30044483 -0.16894289
v 0.17439743 -0.28438683 -0.17902999
v 0.12508590 -0.25882622 -0.17995398
v 0.08320536 -0.28606066 -0.15643387
v 0.08584632 -0.28743155 -0.19915713
v 0.00699308 -0.28917810 -0.24021708
v 0.03888834 -0.26102919 -0.22906486
v 0.16356831 -0.30487089 -0.25869950
v 0.00180632 -0.29671427 -0.30267112
v 0.18470796 -0.28629878 -0.28270012
v 0.07981437 -0.29160600 -0.31214256
v -0.20734921 -0.29948416 -0.26569371
v -0.28191028 -0.28489204 -0.23152429
v -0.32180343 -0.26919030 -0.33462120
v -0.27201894 -0.28566495 -0.33154486
v -0.02769300 -0.27410782 -0.31853830
v 0.02435100 -0.28899058 -0.33477642
v -0.00545008 -0.28205725 -0.35201545
v 0.06077045 -0.28112498 -0.41893985
v 0.03289827 -0.29567855 -0.43864836
v -0.09327567 -0.29099295 -0.44815130
v 0.01333899 -0.27344200 -0.44494149
v -0.32058863 -0.29215080 -0.48022816
v 0.18252779 -0.29665280 0.47372640
v 0.03379457 -0.28009623 0.47183202
v 0.32406393 -0.27909424 0.45629754
v 0.02006221 -0.26361056 0.48405312
v -0.16890767 -0.28507004 0.40246093
v -0.20298601 -0.31125809 0.35942221
v -0.23108552 -0.29396208 0.35680162
v 0.10868020 -0.26116936 0.34727343
v -0.23661693 -0.27820633 0.30637180
v -0.14026734 -0.26758121 0.31486348
v -0.04944297 -0.29207744 0.28922872
v 0.17921217 -0.27281986 0.15841559
v 0.15104462 -0.30335908 0.18301939
v -0.20230332 -0.29216918 0.20002304
v 0.23059567 -0.29792285 0.20335706
v -0.20320700 -0.31082027 0.16156173
v 0.17287134 -0.28540823 0.14634210
v -0.03266138 -0.31485221 0.14221298
v 0.31613346 -0.28806627 0.08187665
v 0.29756932 -0.25832630 0.03920906
v -0.23483254 -0.28536096 0.07381478
v -0.17626801 -0.27370199 -0.00099868
v 0.24537702 -0.29661669 0.00617487
v -0.00516381 -0.27508375 -0.03122746
v -0.01360992 -0.27179577 -0.01407579
v -0.04968981 -0.26006685 -0.01964229
v -0.17596926 -0.26273395 -0.02342099
v 0.28529682 -0.31260156 -0.01378692
v -0.20885642 -0.24275099 -0.04976339
v -0.07885666 -0.24626836 -0.04806524
v -0.16396944 -0.25514453 -0.08700015
v 0.31730263 -0.28110414 -0.05394494
v 0.29094967 -0.29897926 -0.07893796
v -0.13440072 -0.26492863 -0.08342265
v -0.24603831 -0.29795998 -0.09632916
v 0.27277051 -0.28894907 -0.18121451
v 0.32335014 -0.29229833 -0.11380696
v -0.26557792 -0.30572949 -0.16963353
v 0.23698327 -0.29035215 -0.16970742
v 0.20177016 -0.28528839 -0.17771658
v 0.17466462 -0.25721183 -0.16147297
v 0.14189768 -0.25328348 -0.16804397
v 0.10079862 -0.28191187 -0.15437013
v 0.02247049 -0.28699412 -0.21986893
v -0.36467947 -0.31864183 -0.20060473
v 0.17692871 -0.29076287 -0.26643565
v 0.01867298 -0.32703136 -0.28547896
v -0.35092441 -0.26253967 -0.30677326
v 0.05399857 -0.30128640 -0.32131863
v -0.16883363 -0.27320020 -0.25178359
v -0.21623227 -0.27959702 -0.25014127
v -0.26052341 -0.29878383 -0.36427394
v -0.16338810 -0.30439935 -0.39603676
v -0.09827871 -0.27739423 -0.40584796
v 0.01212552 -0.27527997 -0.35923375
v -0.01922518 -0.25523741 -0.33442673
v -0.27072365 -0.28717288 -0.37880653
v 0.08276655 -0.24904431 -0.40277633
v -0.03911837 -0.28870920 -0.46925127
v -0.07215519 -0.27801198 -0.45499733
v -0.20335528 -0.30499139 -0.49160945
v -0.26728205 -0.32154835 -0.50794670
v -0.11331827 -0.30726793 -0.50340641
v -0.15436873 -0.31768403 -0.50969140
v -0.24775431 -0.31016655 -0.52034489
v 0.30453985 -0.27301613 0.50700981
v 0.03630971 -0.25850980 0.49098384
v 0.08019144 -0.26775087 0.48702378
v 0.30941568 -0.25628546 0.43171267
v 0.17747057 -0.30227017 0.38924601
v 0.00794021 -0.24927223 0.38677503
v -0.15765237 -0.26276372 0.40334868
v 0.23482525 -0.27416366 0.35228136
v -0.03587243 -0.28581762 0.34455979
v -0.23347338 -0.30063403 0.27098249
v 0.23343101 -0.27309127 0.26055800
v 0.23513452 -0.29021662 0.26263672
v 0.20395030 -0.25657861 0.23912289
v -0.01044256 -0.27245072 0.26355792
v -0.11746198 -0.28620875 0.19663711
v 0.31498512 -0.25831595 0.18729835
v 0.32015070 -0.26929883 0.15020766
v -0.18827801 -0.25811609 0.18720198
v -0.21876358 -0.29207585 0.17208029
v 0.30702822 -0.26733523 0.10653753
v -0.25225073 -0.30720192 0.15494499
v -0.14178083 -0.29741159 0.11876803
v -0.22188850 -0.31584108 0.12340808
v 0.31820185 -0.27547577 0.08964869
v -0.17084960 -0.27822128 0.08179381
v 0.27020599 -0.25984096 0.02523250
v -0.28543667 -0.30025454 0.06954408
v -0.27081153 -0.31507910 0.05178787
v -0.30249153 -0.30224646 0.02343777
v -0.19414425 -0.26528857 -0.00036179
v -0.14177574 -0.24303071 -0.00846555
v 0.29277601 -0.27678965 -0.00953457
v -0.09662824 -0.25382168 -0.06382258
v -0.15618254 -0.22411614 -0.05539231
v -0.25066643 -0.23753947 -0.03549766
v -0.31384769 -0.26679365 -0.06755693
v 0.30328479 -0.28495293 -0.04489101
v -0.22703703 -0.23893290 -0.06546985
v -0.18339536 -0.23393740 -0.07922755
v -0.28037491 -0.24926578 -0.07352622
v -0.02903063 -0.26378820 -0.10019915
v -0.35843054 -0.28854654 -0.08215667
v -0.04475648 -0.29190739 -0.10684371
v -0.27202915 -0.24509426 -0.08329151
v -0.16462001 -0.26643584 -0.08636668
v -0.24101902 -0.26673888 -0.10316767
v -0.36261099 -0.29442873 -0.14086919
v -0.08721315 -0.25390496 -0.10888274
v 0.29017922 -0.27099283 -0.14716158
v 0.26023220 -0.27389985 -0.16944654
v -0.17082881 -0.29399636 -0.18622197
v -0.30663989 -0.30146937 -0.20060313
v 0.15888953 -0.25633215 -0.17041981
v -0.17478099 -0.29483122 -0.25189766
v -0.19182493 -0.31216915 -0.23247787
v -0.24879578 -0.30792923 -0.22384988
v -0.18891040 -0.30308918 -0.24986893
v -0.21690746 -0.28779297 -0.25197291
v 0.19587119 -0.28793836 -0.26945152
v 0.02278590 -0.29409378 -0.32530895
v -0.29028903 -0.27437672 -0.32127216
v 0.10470915 -0.24843822 -0.37463928
v -0.17804494 -0.28737172 -0.38965842
v -0.13699403 -0.30782555 -0.41273881
v -0.02099214 -0.26865827 -0.46518717
v -0.34587103 -0.26826872 -0.36520974
v -0.35260354 -0.27491684 -0.41138278
v -0.13592374 -0.31727541 -0.45569907
v -0.15399558 -0.29607940 -0.52010548
v 0.02984427 -0.24829536 0.47300330
v 0.29188647 -0.22758265 0.48887163
v 0.04480254 -0.24567447 0.47180281
v -0.18884677 -0.25354831 0.39683296
v 0.09792983 -0.25262557 0.33533098
v -0.24634539 -0.27929119 0.34889106
v -0.08099018 -0.27698197 0.32064493
v -0.03731170 -0.26932298 0.29585338
v 0.30692103 -0.23163099 0.27995021
v -0.03344084 -0.27404318 0.24998574
v -0.11833104 -0.25025432 0.17314499
v 0.28123163 -0.25151084 0.23557335
v 0.20461180 -0.27347073 0.19112729
v 0.18099926 -0.24706427 0.15820931
v 0.17871590 -0.25939675 0.15420690
v -0.29473342 -0.30405636 0.14260451
v -0.32407492 -0.28964563 0.11136948
v -0.16412468 -0.28833443 0.10189900
v -0.17739590 -0.26920722 0.08950828
v -0.22256925 -0.29038282 0.09192490
v -0.27924802 -0.29925336 0.08481004
v 0.31237827 -0.21819682 0.07041086
v -0.19131260 -0.28258712 0.07010485
v -0.14369054 -0.23752205 0.01846481
v -0.21814392 -0.25624993 -0.02214644
v 0.25276906 -0.28349259 0.01198158
v -0.00483180 -0.24948983 -0.00557440
v -0.11633313 -0.22231655 -0.03306146
v -0.24500758 -0.24636370 -0.01933410
v -0.33338045 -0.26109716 -0.02690662
v -0.25227559 -0.23504536 -0.05099806
v -0.32262419 -0.27632692 -0.06366277
v 0.32399917 -0.27350388 -0.11043974
v -0.21429400 -0.25419618 -0.11456993
v 0.07965723 -0.25467149 -0.14390942
v -0.34829792 -0.25431678 -0.17894055
v -0.10998016 -0.23946335 -0.12377487
v -0.14571782 -0.23372572 -0.10593526
v -0.32409029 -0.28656317 -0.18647516
v 0.24206491 -0.23496269 -0.16113937
v 0.06546762 -0.26125930 -0.15304023
v -0.21847840 -0.29058356 -0.17928370
v -0.19690846 -0.30887576 -0.21356180
v -0.25768351 -0.30823328 -0.20224440
v 0.03939779 -0.29124891 -0.19524079
v 0.12275641 -0.24952135 -0.18047757
v -0.17535926 -0.26912306 -0.25008822
v -0.34399671 -0.24953505 -0.17620909
v 0.18880517 -0.27864969 -0.24226254
v 0.18577768 -0.24641452 -0.28968024
v -0.37462261 -0.27751712 -0.28692486
v -0.01567787 -0.28672213 -0.29801797
v 0.09789581 -0.27103197 -0.33546328
v 0.13744992 -0.27497526 -0.35850780
v 0.05973118 -0.27197314 -0.34061314
v -0.03682633 -0.25744485 -0.32103910
v -0.27081844 -0.27271432 -0.34173432
v 0.08090714 -0.25675685 -0.34916573
v -0.31239292 -0.29934623 -0.38072678
v 0.01757900 -0.24448061 -0.35256920
v 0.09963662 -0.23917535 -0.38739583
v 0.05441733 -0.23695954 -0.42592533
v -0.19189639 -0.27138880 -0.42678285
v -0.12017347 -0.30247041 -0.40570296
v -0.15140942 -0.30937977 -0.42413058
v -0.08199954 -0.28913590 -0.47457401
v -0.10006725 -0.28459003 -0.49936751
v -0.14116790 -0.26402682 -0.51413995
v -0.30492751 -0.26403541 -0.50441455
v -0.28255830 -0.27804315 -0.51928852
v 0.27463586 -0.28062055 0.53032937
v -0.08115749 -0.26280760 0.42026566
v 0.26407454 -0.24556892 0.40277870
v 0.01246038 -0.23370912 0.32818367
v 0.26739224 -0.27087286 0.34680320
v 0.11436772 -0.23854668 0.33555810
v 0.06547867 -0.24982631 0.31151068
v -0.19643527 -0.28532573 0.24162880
v -0.02416519 -0.26412336 0.27006715
v 0.25188826 -0.24443513 0.23682965
v -0.06798635 -0.25418865 0.25426262
v -0.25108248 -0.28795696 0.24002814
v -0.30981305 -0.28743308 0.23013574
v -0.26146689 -0.28802954 0.19159748
v -0.33496160 -0.25983070 0.21319904
v -0.33621560 -0.27083771 0.12723685
v -0.30749856 -0.29436806 0.05708874
v -0.32774256 -0.28416738 0.05438219
v 0.01211858 -0.23313547 0.01090902
v -0.04639936 -0.21704591 0.00582788
v -0.06806504 -0.24128319 -0.01101400
v -0.10458917 -0.22936250 -0.00046029
v -0.22721284 -0.24832698 -0.03636267
v -0.28341083 -0.20620872 -0.05658667
v 0.31294020 -0.25633268 -0.00156538
v -0.34247958 -0.25155637 -0.07840264
v -0.08332987 -0.23995008 -0.13728264
v -0.33151652 -0.23982064 -0.18609695
v -0.30181588 -0.24820012 -0.19521740
v 0.04595641 -0.25835843 -0.18965087
v -0.23008335 -0.26376279 -0.24142602
v 0.09722742 -0.24439896 -0.19557472
v 0.18615029 -0.24239918 -0.22509076
v -0.00973966 -0.24955118 -0.24767637
v -0.16051892 -0.25668641 -0.23965610
v -0.26102930 -0.24353788 -0.24290161
v 0.05235938 -0.24485239 -0.23639828
v -0.36927141 -0.24355625 -0.31242235
v -0.21860120 -0.25493144 -0.24722138
v 0.14875787 -0.23966406 -0.34293236
v 0.03254144 -0.27722520 -0.34174011
v -0.32182542 -0.27233983 -0.35082200
v 0.05504011 -0.23823940 -0.35815944
v -0.09765879 -0.26562625 -0.40913890
v -0.34747811 -0.26099046 -0.44164113
v -0.17404102 -0.28390667 -0.40747830
v -0.08108143 -0.25278252 -0.42157616
v 0.05742520 -0.25645566 -0.42571693
v -0.19732339 -0.29313927 -0.47871898
v -0.29135984 -0.26917402 -0.47294021
v -0.20491268 -0.26802332 -0.46666606
v -0.21059512 -0.29805592 -0.50855938
v -0.23132314 -0.28309311 -0.52149902
v -0.17805273 -0.30144072 -0.52612271
v 0.24965447 -0.29546479 0.52305647
v 0.22358978 -0.27554813 0.53772334
v 0.28317626 -0.24384162 0.54691782
v 0.16490966 -0.26604361 0.50497729
v 0.26856325 -0.22252023 0.45226444
v -0.11726290 -0.26023023 0.39049831
v 0.13512956 -0.27089951 0.38772939
v -0.05493256 -0.25918225 0.40152448
v -0.22536512 -0.25328501 0.37883254
v 0.29953978 -0.23160507 0.33813978
v -0.15551742 -0.22275917 0.32488845
v -0.19826232 -0.24852073 0.26224868
v -0.10673990 -0.26181102 0.31369695
v 0.07067137 -0.24105578 0.30592736
v -0.09093948 -0.23778145 0.25738389
v -0.01092033 -0.25485640 0.27480549
v -0.26601969 -0.24981778 0.30163826
v -0.00280464 -0.24618686 0.27229005
v 0.18628205 -0.24890406 0.22798158
v -0.32714262 -0.25782074 0.22618881
v -0.22566686 -0.26418141 0.25913415
v -0.20394867 -0.27086293 0.21420513
v -0.20852177 -0.25338625 0.16673426
v -0.26790613 -0.27159189 0.16382889
v -0.33330393 -0.26779797 0.17883831
v -0.30871016 -0.28703226 0.18930670
v 0.31524153 -0.22431309 0.14619949
v 0.32250751 -0.24953906 0.12832868
v -0.27532027 -0.27802184 0.16072993
v -0.33359712 -0.27145895 0.09703127
v 0.28475215 -0.24279517 0.03189369
v -0.09765106 -0.22046511 0.00783457
v 0.25191220 -0.25286039 0.04659505
v 0.01512865 -0.22896495 0.00356528
v -0.25074009 -0.21347236 -0.02773512
v -0.30028795 -0.20622293 -0.06037639
v -0.01387486 -0.24839908 -0.08147201
v -0.32141459 -0.23467892 -0.07629716
v -0.35921369 -0.22585853 -0.14188112
v 0.31589130 -0.22556030 -0.12745603
v 0.16729918 -0.25140548 -0.14475200
v -0.16817799 -0.21647569 -0.11198704
v 0.31227484 -0.25249652 -0.14778718
v 0.05623346 -0.23481578 -0.18004715
v -0.28966448 -0.27214412 -0.22294846
v -0.19261999 -0.22964888 -0.22085891
v 0.15661890 -0.22896321 -0.20920274
v -0.02407499 -0.24019417 -0.24943202
v -0.18921794 -0.25035818 -0.24381159
v 0.12600819 -0.23622350 -0.33406276
v -0.03376748 -0.21762239 -0.33475224
v -0.33847541 -0.25624122 -0.33973971
v -0.36265922 -0.24454711 -0.36153025
v 0.06549192 -0.21345940 -0.38002859
v -0.28730758 -0.21371846 -0.40901514
v -0.33947420 -0.21119685 -0.42062386
v 0.07734266 -0.21357569 -0.39604389
v -0.30213768 -0.21731355 -0.43546795
v 0.00111689 -0.22979613 -0.44778884
v -0.12175560 -0.25799223 -0.51056824
v -0.15306035 -0.22158049 -0.52766352
v -0.22939750 -0.25012299 -0.49613768
v -0.25602128 -0.25135032 -0.53819973
v 0.22952620 -0.24234198 0.58895761
v 0.16902925 -0.23868882 0.57044540
v 0.12678983 -0.23518418 0.53900346
v 0.12460788 -0.24150428 0.44822530
v -0.10983411 -0.21876316 0.47068024
v -0.22960741 -0.24263707 0.35545012
v -0.12931961 -0.23657458 0.27944875
v -0.27794031 -0.26511693 0.26621441
v 0.26517370 -0.20917209 0.23422263
v 0.00674116 -0.22927923 0.27462184
v -0.15762880 -0.26597147 0.21550752
v -0.31120175 -0.25449094 0.25619202
v -0.10018967 -0.22243202 0.24740535
v -0.32831339 -0.24255703 0.24759717
v 0.16610747 -0.22305617 0.20813020
v -0.09685293 -0.22312488 0.24734417
v -0.31052713 -0.24603723 0.22216569
v -0.16777733 -0.24920632 0.21172979
v 0.30112666 -0.23847008 0.18455295
v 0.20421106 -0.26404697 0.19676614
v 0.16037108 -0.20641417 0.17938790
v -0.16576652 -0.24106717 0.15822979
v -0.33996207 -0.24009278 0.19815441
v -0.31564058 -0.26317049 0.15618714
v -0.23891834 -0.25834811 0.15622168
v -0.32837009 -0.24121983 0.13528606
v 0.31893904 -0.22943163 0.11282446
v 0.27055334 -0.21322502 0.05172108
v -0.35209032 -0.22575755 0.04514515
v -0.12897535 -0.21801960 0.03294820
v -0.33293059 -0.22429801 -0.02007194
v 0.28986114 -0.19619336 0.03830068
v -0.19127427 -0.25060929 -0.02171416
v -0.21822354 -0.23501908 -0.04767456
v -0.32923064 -0.22584591 -0.03175848
v 0.00593662 -0.22020959 -0.00572655
v -0.02576715 -0.25849243 -0.04506468
v -0.04394045 -0.25767769 -0.04992191
v -0.02575218 -0.25405549 -0.06438977
v 0.20180866 -0.23189014 -0.11164355
v -0.01753682 -0.24494733 -0.09828980
v 0.30842444 -0.21969721 -0.11701946
v -0.05559363 -0.25418725 -0.12469646
v -0.19981555 -0.20701393 -0.08951369
v 0.29293465 -0.21703849 -0.13020398
v 0.15385336 -0.23936123 -0.15644109
v -0.15651503 -0.23588013 -0.22772812
v -0.38833306 -0.25643738 -0.20203506
v 0.02231863 -0.21735561 -0.20229706
v 0.13511098 -0.23001673 -0.21750494
v 0.09529961 -0.23137298 -0.20318238
v 0.18300627 -0.23330047 -0.26790998
v 0.07818673 -0.22470511 -0.22829586
v -0.23928078 -0.22854558 -0.23160754
v -0.02361634 -0.25544649 -0.33314434
v 0.01777724 -0.25158293 -0.35321895
v 0.09528577 -0.22928017 -0.38563371
v 0.08061234 -0.24843877 -0.35529062
v 0.02555839 -0.23625134 -0.35794736
v -0.35704508 -0.21200306 -0.34768475
v -0.36470568 -0.21788342 -0.36448346
v -0.23663950 -0.20411112 -0.36868145
v -0.25997087 -0.21973099 -0.39265548
v -0.29492228 -0.18602169 -0.37829124
v -0.34077369 -0.19514589 -0.36525382
v 0.05490746 -0.18528989 -0.39181378
v -0.02157246 -0.21318047 -0.34712156
v -0.08282329 -0.23845321 -0.42395428
v -0.07234263 -0.25486061 -0.44330514
v -0.14319967 -0.24039302 -0.48975150
v -0.15607355 -0.19844199 -0.45596715
v -0.07356104 -0.23371208 -0.48143673
v -0.12814383 -0.23670747 -0.50729504
v -0.31430204 -0.26184902 -0.54110377
v 0.19730282 -0.21010452 0.59802323
v 0.27502817 -0.20983692 0.58666298
v 0.29790271 -0.22491066 0.51630493
v -0.07422258 -0.24727518 0.46532307
v -0.13853829 -0.23139712 0.43686149
v 0.28518669 -0.24530914 0.37578563
v -0.01557505 -0.23185762 0.40771603
v -0.20407908 -0.21561244 0.40606061
v -0.23464178 -0.19543142 0.37495162
v -0.22075380 -0.21058954 0.33659396
v 0.09369040 -0.23443055 0.32678911
v 0.28003285 -0.20103482 0.31428622
v 0.28007652 -0.20023225 0.27490416
v -0.23811210 -0.22019028 0.31911930
v -0.00339610 -0.22660659 0.28871459
v 0.03328470 -0.22229382 0.28738545
v -0.19615691 -0.24051844 0.25476219
v -0.30401055 -0.22791098 0.26539017
v -0.09692790 -0.19977963 0.24303630
v 0.23687210 -0.19953394 0.22685676
v 0.20786914 -0.21525669 0.20801875
v -0.29383588 -0.20442684 0.19715120
v 0.25295438 -0.23439258 0.23456620
v -0.14632245 -0.24046775 0.19247926
v -0.12015638 -0.24141457 0.17532960
v -0.32461731 -0.22307562 0.20155519
v -0.13207530 -0.24013781 0.16811961
v -0.33605813 -0.20005687 0.18169696
v -0.33793758 -0.23323475 0.15556882
v -0.32552091 -0.22802277 0.10514106
v -0.33997125 -0.24835371 0.08856769
v -0.25307455 -0.20166173 0.04857126
v -0.27719820 -0.19089052 0.03036867
v 0.27756296 -0.24232309 0.02193089
v 0.25146075 -0.22365260 0.05073630
v -0.24532981 -0.17583184 0.01133105
v -0.17359170 -0.23965578 -0.02439698
v -0.32037733 -0.17226384 -0.02026017
v -0.02905940 -0.23824417 -0.02066566
v -0.04145693 -0.25530926 -0.06906955
v -0.06621886 -0.24657841 -0.07646143
v -0.09936209 -0.25107009 -0.10941401
v -0.26096413 -0.19007362 -0.07394223
v -0.35606363 -0.21067259 -0.11131793
v 0.17030195 -0.22577934 -0.12841682
v -0.18807558 -0.20380116 -0.10739171
v -0.29977161 -0.21449104 -0.17646238
v 0.19865785 -0.22305800 -0.17001139
v -0.13814724 -0.21570563 -0.14567686
v -0.27037232 -0.22804782 -0.21302481
v -0.24830808 -0.20847746 -0.22455150
v 0.18888137 -0.21872377 -0.19832779
v 0.07917667 -0.22723823 -0.20667832
v -0.37959032 -0.25162294 -0.18293662
v 0.16591907 -0.19380239 -0.27128076
v -0.03860348 -0.21616458 -0.26416865
v 0.04479596 -0.19524602 -0.26148034
v 0.00270055 -0.22261449 -0.26463860
v -0.36692477 -0.21354826 -0.34342845
v 0.12073739 -0.23824732 -0.37185564
v 0.04671805 -0.21181256 -0.35929121
v -0.28340571 -0.18918639 -0.34070812
v 0.03704526 -0.20411212 -0.36826959
v 0.02274354 -0.18872104 -0.38720937
v -0.00981546 -0.19151464 -0.37173863
v 0.04387588 -0.20489923 -0.44543210
v -0.03965513 -0.21002216 -0.46637617
v -0.19595803 -0.24130729 -0.44935404
v -0.28458497 -0.21874064 -0.45216685
v -0.15706505 -0.20286086 -0.51561221
v -0.23702146 -0.26977000 -0.52398594
v -0.33000578 -0.25712225 -0.53129367
v -0.33166242 -0.22079809 -0.53183854
v -0.25103625 -0.23821968 -0.57559766
v -0.23737190 -0.26035439 -0.55848528
v 0.30186112 -0.18682984 0.55293665
v 0.10455273 -0.22777527 0.42179933
v -0.09674965 -0.20984627 0.49521334
v -0.12020310 -0.20214075 0.45010227
v 0.29010460 -0.21408343 0.43504904
v -0.01185932 -0.23086493 0.45271518
v -0.14110495 -0.19747988 0.43230495
v -0.20021868 -0.17902323 0.40837543
v -0.17906131 -0.19668785 0.39799813
v -0.14397912 -0.20456994 0.35849089
v 0.22728471 -0.19805984 0.30211398
v 0.21790265 -0.18813646 0.32170611
v 0.05865670 -0.22925761 0.34148345
v -0.25571179 -0.20693970 0.33795690
v -0.27391350 -0.21304679 0.33444915
v 0.00533480 -0.21846256 0.27570571
v -0.13789486 -0.19169311 0.26292808
v -0.32843930 -0.21199814 0.25535152
v 0.17134208 -0.19684351 0.20205800
v -0.20529015 -0.23781642 0.25439202
v -0.31014525 -0.21753723 0.23976069
v -0.09808014 -0.19388247 0.22576324
v -0.25805473 -0.19972970 0.19210607
v 0.29181794 -0.24160983 0.22738102
v 0.31407267 -0.21362810 0.21002127
v 0.27372636 -0.22259095 0.23655418
v 0.19172944 -0.20359325 0.17504091
v -0.30530906 -0.17099499 0.17202096
v -0.32652666 -0.18367079 0.14309020
v -0.23476776 -0.19783527 0.06804699
v -0.30289479 -0.16193750 0.05456724
v -0.22488013 -0.19777054 0.05279660
v -0.12374694 -0.21238450 0.02490488
v -0.34020979 -0.18135594 -0.00439954
v -0.00449154 -0.22168777 -0.00058055
v -0.32124995 -0.16132595 0.03022355
v -0.25355040 -0.18457428 -0.01433663
v -0.28468886 -0.16959536 -0.01711073
v -0.18322898 -0.23167398 -0.05979815
v -0.01707877 -0.19709751 -0.02057856
v 0.24851573 -0.21195510 -0.07428446
v 0.23417397 -0.19457141 -0.07645946
v -0.35215228 -0.21275096 -0.09074989
v 0.24066565 -0.21541791 -0.12308961
v 0.23889898 -0.17647964 -0.14086148
v -0.16163547 -0.19270258 -0.14101973
v 0.05565862 -0.20297102 -0.23241720
v -0.35173075 -0.18853158 -0.17599768
v -0.16722625 -0.20140791 -0.22969518
v -0.29972217 -0.24629961 -0.21977224
v -0.28795192 -0.17612542 -0.21587025
v -0.30826091 -0.18334467 -0.33275322
v -0.24766660 -0.19895240 -0.30919512
v 0.14993767 -0.22928369 -0.33235649
v -0.01113638 -0.19668470 -0.34307695
v -0.24116911 -0.19804420 -0.34886971
v 0.04539509 -0.16482588 -0.42854139
v -0.06069368 -0.23750433 -0.43631013
v 0.00348116 -0.19542868 -0.45600125
v -0.06245663 -0.22880812 -0.45314868
v -0.15591105 -0.20090990 -0.49344103
v -0.15259988 -0.15198134 -0.48636565
v -0.09120907 -0.21585195 -0.48549461
v -0.15256488 -0.19834882 -0.53605242
v -0.32509814 -0.21981885 -0.49117381
v -0.31250411 -0.22159985 -0.56258442
v 0.23266167 -0.20028907 0.60524476
v 0.17386462 -0.18048835 0.57481915
v 0.08313907 -0.19250100 0.55780244
v 0.31104565 -0.18761633 0.48286244
v 0.06660948 -0.21833691 0.40511082
v 0.29614643 -0.20675704 0.46122114
v 0.30805826 -0.20029284 0.40579468
v -0.10550360 -0.18002760 0.47147852
v 0.28050718 -0.16604304 0.37144586
v 0.00327288 -0.21285944 0.35047241
v -0.27208992 -0.20377945 0.36008199
v 0.03223607 -0.21030545 0.29217588
v -0.00996807 -0.21608384 0.35495617
v -0.29603994 -0.21554406 0.33233285
v -0.16259569 -0.16578568 0.29140312
v 0.31085412 -0.15410130 0.23418661
v 0.28964295 -0.16336468 0.24329789
v -0.20851707 -0.17620345 0.17609310
v 0.21568062 -0.20050242 0.19094316
v 0.16477545 -0.18349144 0.18567040
v 0.18321582 -0.22092711 0.15604561
v -0.26054457 -0.15620596 0.14588978
v 0.29503858 -0.15830579 0.12227393
v 0.31500510 -0.17660248 0.10689805
v -0.33530077 -0.17478846 0.09524030
v 0.25567383 -0.19526001 0.06258562
v -0.23544333 -0.16430199 0.07051785
v -0.34967475 -0.17594275 0.06470323
v -0.23578732 -0.18846012 0.03765154
v -0.07651594 -0.22100323 0.01052341
v 0.24264024 -0.23070949 0.05850557
v -0.10940686 -0.22264868 -0.01238636
v -0.23461442 -0.18353882 -0.01127037
v 0.30219664 -0.19748947 0.01991601
v -0.00409396 -0.19469746 -0.02479283
v 0.01893223 -0.20060084 -0.01733593
v -0.15260585 -0.22926206 -0.03741499
v -0.08964928 -0.20718398 -0.04281829
v 0.29111245 -0.19929305 -0.06362881
v -0.14874781 -0.21802882 -0.09634914
v -0.10128125 -0.23772104 -0.13165198
v -0.19165067 -0.17812142 -0.13738602
v 0.03472810 -0.18824071 -0.22084757
v -0.17699027 -0.14562830 -0.22779887
v -0.38886963 -0.21547044 -0.27772230
v 0.11573361 -0.21659514 -0.25663855
v -0.38486680 -0.14942216 -0.26401852
v 0.07424464 -0.17976733 -0.25351617
v -0.34958622 -0.16773090 -0.31503994
v -0.37269780 -0.19763536 -0.32371995
v -0.01169899 -0.19467422 -0.28800195
v -0.26313240 -0.18049664 -0.29566345
v 0.06788957 -0.16661830 -0.25796982
v 0.01337780 -0.18371470 -0.27804394
v -0.03970522 -0.20957397 -0.33318332
v -0.22561044 -0.18467039 -0.34921424
v 0.11301058 -0.22073714 -0.38714285
v -0.06161337 -0.19831379 -0.36821152
v 0.00896992 -0.15887536 -0.40207609
v -0.03858058 -0.17886432 -0.39646959
v -0.15047829 -0.17380850 -0.42728799
v -0.00392562 -0.15582140 -0.46363768
v -0.12073894 -0.21505642 -0.51842264
v -0.15713123 -0.16870563 -0.53492196
v -0.27871228 -0.20557101 -0.57567525
v 0.19918493 -0.17395620 0.55237362
v 0.03842877 -0.19618128 0.53277661
v 0.20934102 -0.17597523 0.49540307
v 0.06964746 -0.21933089 0.52785197
v 0.02202326 -0.20152466 0.48807748
v 0.01356936 -0.20005355 0.49010588
v 0.30905977 -0.16475520 0.41812044
v 0.03989288 -0.19915727 0.42781589
v -0.10825974 -0.18291908 0.42459231
v -0.07873116 -0.16400837 0.39674942
v 0.02653452 -0.21871684 0.38801188
v -0.11445181 -0.17913541 0.41860059
v -0.14493411 -0.23101576 0.40790475
v -0.20829165 -0.17803519 0.40568462
v 0.22393974 -0.17453561 0.35028985
v -0.13016859 -0.19036386 0.29236383
v -0.18146606 -0.12383602 0.35273366
v -0.22806483 -0.20544546 0.34110935
v -0.28808117 -0.19617481 0.34843955
v -0.21147675 -0.21527775 0.29204876
v -0.30150111 -0.17501506 0.33006394
v 0.24134524 -0.18462059 0.26130262
v 0.22223565 -0.17508301 0.19919731
v -0.08325659 -0.17690492 0.24043448
v -0.08664537 -0.18309468 0.22986704
v 0.25855228 -0.20131435 0.23417181
v 0.22482616 -0.15342701 0.20017193
v -0.20861496 -0.17460387 0.15321090
v 0.18871343 -0.17148780 0.18987563
v -0.31096980 -0.14348101 0.11565023
v -0.22804993 -0.13844215 0.08285171
v -0.29996284 -0.14190946 0.08815702
v -0.04641061 -0.19684002 -0.01952894
v -0.08470325 -0.20438002 -0.03209152
v -0.16052175 -0.17034372 -0.05798352
v -0.19697811 -0.18938654 -0.07598552
v 0.03188161 -0.18431997 -0.02854655
v 0.29708275 -0.19585502 -0.04447638
v 0.25684341 -0.18611543 -0.05509504
v -0.12505424 -0.22671118 -0.07696951
v -0.13264582 -0.19775216 -0.07347690
v -0.13846653 -0.22836010 -0.11723897
v -0.09510646 -0.22127327 -0.14866818
v -0.22888869 -0.17629604 -0.10507150
v -0.25914648 -0.17692271 -0.08024253
v -0.28436913 -0.19314637 -0.19954512
v -0.21247689 -0.18773687 -0.22401881
v 0.22679960 -0.18940068 -0.17668849
v 0.02116018 -0.17195982 -0.23126110
v 0.14367149 -0.19912072 -0.23243029
v 0.11821082 -0.16292945 -0.25299857
v -0.00566812 -0.18781985 -0.23581040
v -0.04484719 -0.16902641 -0.25845082
v -0.30077427 -0.17290949 -0.28298575
v 0.11557878 -0.18454819 -0.27400841
v -0.05370272 -0.17782792 -0.27482012
v -0.04534014 -0.19512200 -0.34010848
v 0.13509447 -0.18280240 -0.37013872
v 0.06846099 -0.19447165 -0.38912058
v -0.00028299 -0.19906042 -0.36528655
v -0.06586170 -0.16833774 -0.37410699
v -0.05476295 -0.17834726 -0.48838962
v -0.07699875 -0.17115891 -0.49964351
v -0.32969502 -0.20790391 -0.46912813
v -0.23328311 -0.14890602 -0.49787233
v -0.25541087 -0.16643171 -0.56327490
v -0.23624221 -0.19955011 -0.58663303
v -0.29510946 -0.19108772 -0.55075715
v 0.27800604 -0.15473236 0.57802141
v 0.26539160 -0.14183712 0.56355966
v 0.13121316 -0.17815848 0.56804051
v -0.00478461 -0.16876992 0.51538017
v 0.13008435 -0.14987379 0.53492090
v -0.07100620 -0.17989374 0.49798716
v 0.17196527 -0.15149118 0.46825859
v 0.18924232 -0.17170107 0.48720609
v 0.15093016 -0.14667856 0.45432978
v -0.21974044 -0.15992242 0.39408299
v -0.26904186 -0.16652767 0.37637875
v -0.11095058 -0.14224066 0.29564484
v -0.05229459 -0.16726617 0.24480291
v -0.33562549 -0.17065551 0.25929232
v -0.09193807 -0.15661517 0.24921642
v -0.29762688 -0.19878465 0.19824096
v -0.13339918 -0.16166344 0.18012568
v -0.27867279 -0.13825905 0.12125808
v 0.28341224 -0.13008201 0.07670997
v 0.28144879 -0.16293213 0.06070295
v -0.06326860 -0.19415727 -0.02385082
v -0.01576524 -0.17400613 -0.03020234
v -0.10659155 -0.17013865 -0.04117005
v -0.15804451 -0.19464650 -0.06473477
v -0.22137486 -0.20213472 -0.06303204
v -0.23209416 -0.18088296 -0.05470226
v 0.26357274 -0.15619249 -0.02633272
v -0.06397422 -0.18223577 -0.02872425
v -0.03506774 -0.16593565 -0.03290252
v -0.16812886 -0.19204408 -0.06398771
v -0.32725744 -0.17940746 -0.06438416
v 0.23467255 -0.16529506 -0.10297879
v -0.17783461 -0.20635635 -0.11615808
v -0.14077107 -0.17167008 -0.15693446
v -0.34155602 -0.20190056 -0.14724636
v -0.22449903 -0.16890321 -0.13864351
v -0.23947207 -0.17663699 -0.20253917
v -0.39062112 -0.17493892 -0.20581607
v -0.30879245 -0.16940747 -0.19980876
v -0.24668959 -0.16717004 -0.21403379
v -0.32923920 -0.14826894 -0.28278985
v 0.03042138 -0.17566342 -0.25538451
v -0.19321450 -0.19259682 -0.22704844
v -0.07255939 -0.16885117 -0.30128191
v 0.16524654 -0.18319357 -0.30238730
v 0.03612318 -0.13541239 -0.28871686
v 0.13231607 -0.15020922 -0.35517095
v -0.06166780 -0.17440116 -0.37872342
v -0.09064733 -0.15660739 -0.36231937
v 0.09200172 -0.19273947 -0.39402070
v -0.23265392 -0.19714290 -0.38814842
v -0.07279279 -0.15223958 -0.39893925
v -0.25423256 -0.19857298 -0.40511038
v 0.01398443 -0.14776603 -0.43100778
v -0.00861587 -0.13094874 -0.41476298
v -0.01403484 -0.15782784 -0.39697245
v -0.15469186 -0.15849448 -0.48315155
v -0.16576091 -0.15406164 -0.41471569
v 0.00115120 -0.13346958 -0.46155919
v -0.17614767 -0.14804487 -0.43787660
v -0.03018093 -0.18022351 -0.48720118
v -0.26874432 -0.15671340 -0.50800328
v 0.08331866 -0.15220157 0.54790331
v 0.04330221 -0.16724640 0.54995920
v 0.30192598 -0.13545835 0.49051816
v 0.08787275 -0.12744025 0.51078503
v -0.09789617 -0.17339816 0.49068649
v 0.21778953 -0.15946289 0.36354226
v 0.23462543 -0.17532352 0.33966234
v -0.28354804 -0.14490486 0.34425932
v -0.26482474 -0.15950215 0.31359934
v -0.04034480 -0.16241325 0.23048895
v -0.16646361 -0.15332206 0.21503441
v -0.10312820 -0.13161976 0.24524015
v -0.20532503 -0.14088488 0.24240944
v -0.34163595 -0.14733748 0.22035987
v -0.30569417 -0.15721979 0.20238357
v 0.15356941 -0.16803504 0.19919892
v -0.05351779 -0.13950433 0.21504703
v -0.16776164 -0.15416308 0.19938299
v 0.15714641 -0.14944279 0.18156976
v -0.22567962 -0.13242731 0.11330328
v -0.24659198 -0.13544457 0.10651668
v 0.28135247 -0.17401374 0.07349449
v -0.01343313 -0.14592341 -0.02080235
v -0.03587037 -0.12686476 0.01727464
v -0.20574398 -0.14061309 -0.06093137
v -0.21358783 -0.15461085 -0.06805219
v 0.23846718 -0.14990313 -0.07734371
v -0.00531097 -0.14879532 -0.05878789
v -0.10882591 -0.17468834 -0.07579870
v -0.15580415 -0.17879869 -0.05802610
v -0.20060056 -0.16196181 -0.07680129
v -0.21651300 -0.18170659 -0.10367923
v -0.02049513 -0.12519402 -0.10313415
v -0.13341345 -0.15366842 -0.06920523
v -0.35336167 -0.18174219 -0.09718146
v -0.11371447 -0.19369425 -0.15598305
v -0.33059533 -0.18854006 -0.18626506
v -0.26586943 -0.16239042 -0.19168014
v -0.18556135 -0.16587800 -0.22327457
v -0.26524651 -0.13774673 -0.21922532
v -0.31192287 -0.15762548 -0.27997193
v 0.14625732 -0.15129673 -0.27249212
v 0.08415167 -0.14395646 -0.27482049
v -0.02991126 -0.13459504 -0.29953885
v -0.00981049 -0.15835265 -0.28741847
v 0.01637852 -0.14887053 -0.29650563
v -0.07128542 -0.17865447 -0.36151051
v -0.23068874 -0.17924351 -0.33242509
v 0.02655417 -0.18290984 -0.38705348
v 0.04938932 -0.17879547 -0.39172002
v -0.23525853 -0.17888585 -0.36473508
v -0.28703666 -0.19519833 -0.38705690
v -0.03586022 -0.13394854 -0.39999483
v -0.05990971 -0.13022133 -0.40654752
v -0.27297397 -0.18862859 -0.43720167
v -0.32053150 -0.20453025 -0.44568274
v -0.32943091 -0.19911084 -0.43358352
v -0.16680118 -0.12862236 -0.50182098
v -0.11894386 -0.16090469 -0.52368989
v -0.20296470 -0.13663847 -0.52337092
v -0.31334102 -0.16965503 -0.51272978
v 0.23449191 -0.16106059 0.51801959
v 0.02533615 -0.13345950 0.52845164
v 0.20837714 -0.15984571 0.49448278
v -0.06358323 -0.13722576 0.49459661
v -0.08796799 -0.15143684 0.44665185
v 0.12370243 -0.12690764 0.41119636
v -0.15742887 -0.18468248 0.42521952
v 0.10355781 -0.12485642 0.39337227
v -0.03100658 -0.13996074 0.38021299
v 0.21500528 -0.11385799 0.37326321
v -0.03217074 -0.12882379 0.35432383
v -0.08499133 -0.15761193 0.39312484
v -0.19988478 -0.12210328 0.37168851
v -0.23791829 -0.12572784 0.34979230
v -0.04214585 -0.15427835 0.24116724
v -0.30356058 -0.12268745 0.31569004
v 0.26476153 -0.16309526 0.25416827
v -0.33334725 -0.12882371 0.25917692
v -0.33228427 -0.17923587 0.24015740
v -0.23822116 -0.15160844 0.19687402
v -0.03628972 -0.14054314 0.21691715
v -0.07153001 -0.13620833 0.20739482
v 0.31111355 -0.15356466 0.14394570
v -0.09427237 -0.15320543 0.16194940
v -0.08028415 -0.09607591 0.00006953
v -0.03428913 -0.13968327 -0.03051165
v -0.10855927 -0.15288621 -0.03060395
v -0.23351542 -0.18016281 0.00649381
v -0.07250203 -0.14982867 -0.04102631
v -0.15340758 -0.14507128 -0.03616796
v 0.24876030 -0.16231225 -0.06025653
v -0.03253245 -0.12136861 -0.06254733
v -0.06350240 -0.15177458 -0.03712173
v -0.11355966 -0.13310467 -0.09039781
v -0.30442915 -0.14012206 -0.07149961
v -0.36403314 -0.15298141 -0.09038884
v -0.23306310 -0.12687504 -0.12791249
v -0.19182955 -0.13235285 -0.14640600
v -0.29005854 -0.13113711 -0.20560309
v -0.22935305 -0.12162931 -0.22017039
v -0.38221329 -0.11246066 -0.26819058
v -0.18398669 -0.13177853 -0.23580025
v -0.05731063 -0.12007811 -0.26340377
v -0.06144592 -0.16411776 -0.27516364
v -0.07710331 -0.14562493 -0.31255608
v -0.25101690 -0.17592463 -0.34852151
v 0.14833240 -0.14102778 -0.32382858
v -0.07148692 -0.15995039 -0.37444953
v -0.02437682 -0.16301589 -0.39329844
v 0.09305456 -0.18506398 -0.39684253
v 0.07362111 -0.14746283 -0.41646012
v -0.04668429 -0.16631175 -0.39230175
v -0.07069439 -0.13955047 -0.37448897
v 0.07387655 -0.17389148 -0.41853558
v -0.14862469 -0.12459211 -0.46224265
v -0.05295001 -0.11380427 -0.41707519
v -0.33185319 -0.19074682 -0.41395807
v -0.05688621 -0.09643911 -0.42597460
v -0.34959165 -0.17677548 -0.44622983
v -0.25214233 -0.13267007 -0.48207923
v -0.01317714 -0.10130273 -0.46974718
v -0.05125516 -0.10190776 -0.49793352
v -0.33040266 -0.13637560 -0.47541177
v 0.29538604 -0.12485754 0.55449205
v 0.03047844 -0.10698471 0.49716387
v 0.28583400 -0.12280833 0.41926052
v 0.09903126 -0.13513993 0.40801873
v 0.08216434 -0.11806992 0.38933606
v -0.15714186 -0.15663319 0.35971324
v -0.24607553 -0.14131773 0.38052019
v -0.00263865 -0.11248811 0.31812277
v -0.24331813 -0.12221053 0.32311700
v 0.30105414 -0.15205505 0.29358143
v -0.15373749 -0.13614360 0.29813865
v 0.25952061 -0.15298225 0.24443580
v -0.13611511 -0.12518917 0.23188596
v -0.23442743 -0.15418740 0.18062210
v 0.31834045 -0.12266951 0.21898966
v 0.25596600 -0.14397526 0.22992228
v 0.30982156 -0.15625452 0.17896828
v -0.07391228 -0.14901970 0.16728725
v 0.30130768 -0.15626565 0.02961050
v -0.25631263 -0.16732449 0.00263789
v -0.01426385 -0.14183015 -0.00876238
v -0.08917307 -0.13870857 -0.03464244
v -0.26220903 -0.17256964 -0.01978265
v 0.28727711 -0.15653748 -0.01879845
v -0.26796958 -0.16442121 -0.04819191
v -0.23962382 -0.15036020 -0.06509642
v 0.23850571 -0.11690964 -0.03011128
v 0.00550388 -0.16361241 -0.05289386
v -0.18594353 -0.12965506 -0.07268574
v -0.15459751 -0.12079827 -0.08419838
v -0.22277996 -0.16585435 -0.10856678
v -0.20084564 -0.18011478 -0.12408204
v -0.14369072 -0.17866806 -0.15351454
v -0.25969152 -0.14512736 -0.10500913
v -0.24992712 -0.10798699 -0.20662312
v 0.21826608 -0.15070262 -0.20395056
v -0.19798696 -0.13461721 -0.23348164
v -0.38282753 -0.14511824 -0.19089509
v 0.17908087 -0.13144269 -0.23568572
v 0.01037373 -0.13216342 -0.24953831
v -0.39587401 -0.10603229 -0.25328412
v 0.02697361 -0.13798274 -0.27148238
v 0.09638465 -0.13002534 -0.26400111
v -0.30786283 -0.15337158 -0.28617751
v 0.09222043 -0.13816054 -0.29886169
v -0.28330182 -0.18331613 -0.32353251
v -0.30001106 -0.17658795 -0.33411430
v 0.01102791 -0.11925975 -0.29376169
v 0.04337230 -0.14451252 -0.42275796
v -0.33012893 -0.16453111 -0.37626054
v -0.13630959 -0.16011548 -0.52316721
v -0.08530181 -0.07745779 -0.48204056
v -0.34340547 -0.15943837 -0.47300126
v -0.20716327 -0.12599824 -0.49547148
v 0.27041673 -0.09475518 0.55108322
v 0.23456051 -0.14383716 0.54243163
v 0.24205247 -0.09114734 0.43591624
v 0.04605923 -0.10026878 0.46252173
v -0.11362632 -0.14690886 0.43132614
v -0.07125666 -0.11992859 0.42028934
v -0.00252124 -0.12108309 0.34017712
v 0.01176320 -0.10892511 0.32067908
v 0.28452373 -0.17281262 0.31231571
v -0.15164453 -0.10009134 0.32696278
v -0.21813600 -0.10896767 0.34716546
v -0.18436329 -0.10778001 0.32854415
v -0.20083548 -0.10213891 0.32195952
v -0.18720552 -0.11723293 0.26512631
v -0.23655430 -0.10880354 0.26678198
v -0.22499280 -0.10444127 0.31686664
v 0.23987832 -0.11163828 0.24623399
v -0.33886104 -0.11273292 0.22473318
v -0.26757394 -0.09224369 0.27747126
v 0.22765947 -0.11993217 0.22081963
v -0.22093944 -0.11436991 0.23478252
v -0.24706618 -0.12318002 0.19921874
v -0.18405111 -0.11728649 0.18561066
v -0.21335217 -0.16188809 0.14080306
v -0.20984189 -0.15481710 0.13352680
v -0.22009070 -0.12966929 0.10679170
v 0.30635230 -0.10328485 0.12986950
v 0.28555136 -0.12654660 0.09131197
v 0.28676264 -0.14765500 0.09084752
v -0.25165550 -0.15990508 0.07157582
v -0.28607196 -0.16009197 0.02211881
v -0.30792984 -0.14527084 -0.02954475
v -0.18565973 -0.12302280 -0.04274832
v -0.23227577 -0.12210059 -0.05374820
v -0.25733015 -0.12542156 -0.05836982
v -0.22251184 -0.14661209 -0.06204480
v 0.24912800 -0.11514880 -0.15645631
v -0.03365311 -0.12701792 -0.12857445
v -0.38047407 -0.15865141 -0.13910151
v -0.35701766 -0.13537777 -0.18663222
v -0.16569663 -0.12764320 -0.15325515
v -0.32335808 -0.12710236 -0.19323442
v -0.22738691 -0.14758014 -0.21822538
v -0.35296451 -0.12155173 -0.19061036
v -0.01336591 -0.12063426 -0.25215950
v 0.11011303 -0.10056723 -0.29320035
v 0.11441547 -0.13464635 -0.28165401
v -0.22695928 -0.09415114 -0.24856558
v -0.09081884 -0.11604678 -0.29797735
v -0.33536237 -0.15177540 -0.29338176
v 0.06772051 -0.12815202 -0.28920776
v -0.01933395 -0.12514420 -0.31058666
v -0.34820904 -0.17165191 -0.34149448
v -0.37638151 -0.17314335 -0.35308140
v -0.01289907 -0.10352468 -0.31266384
v -0.40553979 -0.11977706 -0.36241571
v -0.05284780 -0.11546574 -0.40113825
v -0.04321322 -0.12500275 -0.40649767
v 0.12852784 -0.13534017 -0.38578708
v 0.00278236 -0.14923960 -0.39580263
v -0.29767254 -0.14363435 -0.36388927
v -0.16178680 -0.09667171 -0.42577424
v -0.35341971 -0.12526712 -0.39279648
v -0.17128431 -0.10074857 -0.42259105
v -0.09605572 -0.06091889 -0.46195033
v -0.05036147 -0.08755928 -0.48920925
v -0.16788343 -0.11300954 -0.46474086
v -0.17798327 -0.10827249 -0.49067254
v 0.17412151 -0.13925572 0.57877465
v 0.24411115 -0.12016654 0.56435633
v 0.22554686 -0.14058234 0.56425175
v 0.15470235 -0.12775679 0.51964792
v -0.03769730 -0.10710735 0.48532136
v 0.00221838 -0.07811060 0.46816211
v -0.04062260 -0.09558390 0.45493540
v 0.15927102 -0.13912754 0.46277036
v 0.03813821 -0.05889873 0.41790089
v -0.09630058 -0.08009224 0.45237823
v -0.16683177 -0.12150752 0.39393086
v 0.30749363 -0.12791865 0.35399407
v 0.22687907 -0.13530431 0.35947941
v -0.01358773 -0.10803695 0.33271866
v 0.01679115 -0.08047135 0.30601980
v -0.09245642 -0.11182105 0.24851407
v -0.30250233 -0.10269813 0.29867428
v -0.30118925 -0.10476216 0.21462461
v 0.29893682 -0.12137046 0.24647866
v -0.21145467 -0.10652059 0.19930017
v -0.26109717 -0.14790852 0.16389073
v -0.30284106 -0.12154240 0.19176712
v -0.32540090 -0.12757915 0.16649019
v -0.14488932 -0.12237367 0.14565841
v -0.27673048 -0.16261825 0.06263278
v -0.07139584 -0.10372067 0.02540811
v 0.29119629 -0.06376856 0.01324470
v -0.32386562 -0.14856167 0.01443520
v -0.23481625 -0.10030232 -0.02726434
v -0.29562897 -0.11182863 -0.02575834
v -0.07977470 -0.11766478 -0.02888093
v -0.10438663 -0.10252518 -0.05403465
v 0.25715470 -0.13356487 -0.03600727
v -0.00214173 -0.14650090 -0.02057662
v -0.00438204 -0.13502782 -0.07426051
v 0.23868150 -0.12730985 -0.06239882
v -0.24664103 -0.14338788 -0.11609985
v -0.05799299 -0.09746383 -0.07214920
v -0.19686485 -0.11891399 -0.14198238
v -0.37722055 -0.10635217 -0.12552549
v -0.06222516 -0.10180446 -0.15487011
v -0.22042559 -0.10999109 -0.13437658
v -0.08022469 -0.09456831 -0.16204480
v -0.20793364 -0.10592020 -0.22113279
v 0.18781230 -0.11706690 -0.20272381
v -0.17447332 -0.13025145 -0.22817239
v -0.17278651 -0.10802277 -0.26737066
v -0.38923249 -0.07605800 -0.23942257
v -0.31377657 -0.08022572 -0.22765584
v 0.04398944 -0.10943311 -0.28693201
v -0.19073974 -0.09798092 -0.27753810
v -0.26600883 -0.07889429 -0.26316381
v -0.01577495 -0.10129164 -0.31930833
v -0.05768374 -0.10130715 -0.38397598
v -0.29094175 -0.16173574 -0.36009462
v -0.05216173 -0.10689248 -0.40367306
v -0.34076956 -0.14013197 -0.38475085
v -0.39143923 -0.10049982 -0.39164104
v 0.03756057 -0.13316323 -0.44122944
v 0.01115685 -0.13197108 -0.41535799
v -0.11241028 -0.06026218 -0.46587536
v -0.37425434 -0.13624434 -0.44540251
v 0.25392125 -0.08735020 0.54285055
v 0.14769397 -0.13220392 0.43279112
v -0.00043104 -0.06569328 0.43748706
v 0.22932553 -0.10407435 0.40344285
v -0.01783497 -0.08507282 0.41034700
v 0.09727044 -0.11264987 0.39580164
v -0.16141991 -0.13557212 0.42451217
v -0.06032197 -0.07334659 0.43441773
v 0.25829662 -0.09120176 0.26035151
v -0.32298416 -0.09405856 0.26464756
v -0.03776496 -0.11602800 0.19607888
v -0.24179656 -0.07719826 0.23912138
v 0.23716993 -0.12086844 0.22246114
v -0.10013893 -0.13106825 0.18536462
v -0.31787828 -0.09466273 0.19805639
v 0.29827087 -0.11400302 0.17230422
v -0.11548745 -0.09153054 0.14374191
v -0.32051123 -0.12307636 0.11563384
v -0.16672212 -0.07796883 0.12981539
v -0.27532719 -0.13181963 0.13456249
v 0.28275944 -0.08147469 0.10922322
v -0.22056948 -0.13347341 0.07328493
v -0.27838290 -0.12195159 0.09083715
v -0.14663353 -0.11770402 -0.07233426
v -0.17874447 -0.11229040 -0.06561481
v 0.26759131 -0.11289242 -0.02409218
v -0.02721172 -0.13617751 -0.02311313
v -0.11065460 -0.11883554 -0.06121194
v -0.26501585 -0.13320944 -0.07211123
v -0.25309047 -0.12207613 -0.05563377
v -0.27156424 -0.12391194 -0.08956784
v 0.26360906 -0.08158941 -0.09430853
v -0.14562385 -0.09698146 -0.07019647
v -0.24290769 -0.09999947 -0.12561403
v 0.27960873 -0.06810080 -0.13118303
v -0.03040402 -0.11262306 -0.11341472
v -0.33685059 -0.12520702 -0.08126427
v -0.28932393 -0.10479690 -0.12456495
v -0.26547903 -0.08505997 -0.13457146
v -0.37505531 -0.09576476 -0.18005617
v -0.17826369 -0.10310358 -0.23171263
v 0.02478212 -0.10175341 -0.26684159
v 0.11914448 -0.11926585 -0.25262058
v -0.26958343 -0.10520346 -0.22880826
v 0.03800958 -0.07894536 -0.29207976
v -0.08124325 -0.10229145 -0.29520723
v -0.25814130 -0.06141330 -0.29132535
v -0.03217372 -0.10312583 -0.29782711
v -0.36297618 -0.10945682 -0.29355812
v -0.03230103 -0.10861833 -0.31093424
v -0.20777283 -0.08475384 -0.29801188
v 0.04519379 -0.10068013 -0.30735413
v -0.38149961 -0.14345028 -0.30688792
v 0.01602260 -0.11829274 -0.44981759
v -0.33341659 -0.11401201 -0.38970738
v -0.36861595 -0.14091588 -0.41079592
v -0.16855932 -0.06838178 -0.43999119
v 0.18541900 -0.11993756 0.60883622
v 0.14116040 -0.09997224 0.58895662
v 0.21049600 -0.12477863 0.59165977
v 0.22571837 -0.11055525 0.57795706
v 0.22168010 -0.08874649 0.55175967
v 0.28509057 -0.09290678 0.52594406
v 0.20717038 -0.07192908 0.48049683
v -0.15782616 -0.08706524 0.38504884
v 0.26900504 -0.12600975 0.38327967
v 0.06434369 -0.06355255 0.37422120
v 0.01118564 -0.06707326 0.36762119
v 0.21363894 -0.10429278 0.36372973
v 0.08903582 -0.07425568 0.37436742
v -0.00350814 -0.06447697 0.33649533
v 0.00481854 -0.08168961 0.32190321
v -0.26465071 -0.05880478 0.24220742
v -0.28507345 -0.06095213 0.23516495
v 0.31576258 -0.08739457 0.23368276
v -0.07373606 -0.11026476 0.22231223
v -0.17778283 -0.11030321 0.22963944
v -0.14412311 -0.12563051 0.18157104
v 0.30377406 -0.08815402 0.20462867
v -0.06705324 -0.13049034 0.18692245
v -0.28762005 -0.08388752 0.21225711
v 0.17570576 -0.10856309 0.19751471
v -0.20945158 -0.08222515 0.17008298
v 0.19843788 -0.11942506 0.18148167
v -0.10520030 -0.11752555 0.15580415
v -0.23227475 -0.11219112 0.10871418
v -0.21528269 -0.11552852 0.09645629
v -0.05768117 -0.07514627 0.02563641
v -0.31742659 -0.13538767 0.06396807
v -0.34645117 -0.12597954 0.02447311
v -0.08059596 -0.07374726 0.00309370
v -0.12513615 -0.06863272 -0.02037757
v -0.04523019 -0.12260353 -0.00993308
v -0.13814922 -0.08897121 -0.06969644
v 0.24709441 -0.08320387 -0.02874580
v 0.23519390 -0.08897006 -0.03409520
v -0.01498368 -0.13231518 -0.05863924
v -0.30358031 -0.09965224 -0.07532534
v -0.22481805 -0.07924071 -0.06884182
v -0.08592209 -0.07554079 -0.10291486
v -0.10532133 -0.10676573 -0.08792644
v -0.07331087 -0.07141227 -0.12348078
v -0.07187658 -0.10476998 -0.17125259
v -0.20990997 -0.07683606 -0.14905399
v -0.27746574 -0.13567618 -0.19381831
v -0.32929556 -0.09232371 -0.20855296
v 0.27030611 -0.08728425 -0.17689300
v 0.23908457 -0.10067177 -0.18047080
v -0.36803647 -0.09804657 -0.20530232
v 0.16000311 -0.10935978 -0.25644984
v -0.37480174 -0.05873237 -0.24644013
v -0.07017297 -0.07075589 -0.27822614
v 0.08931599 -0.07284245 -0.26581383
v -0.34115371 -0.04215415 -0.25315499
v -0.37527706 -0.09728690 -0.27580676
v -0.07858530 -0.07661452 -0.29557919
v -0.35913410 -0.06542512 -0.30534365
v 0.01047730 -0.06072824 -0.31848808
v 0.12167957 -0.05728144 -0.37828524
v -0.13502302 -0.05460869 -0.42357257
v -0.01888923 -0.12026858 -0.42786816
v -0.18097535 -0.08148233 -0.39939501
v 0.06937554 -0.09450924 -0.44129255
v -0.06662371 -0.07623463 -0.41545536
v -0.11388570 -0.05046471 -0.43002777
v -0.35929986 -0.07765017 -0.40913713
v -0.22996956 -0.11827727 -0.48726292
v 0.11367089 -0.09033758 0.54705356
v 0.12986892 -0.10379194 0.48409094
v 0.19535262 -0.06738834 0.41870126
v 0.31663081 -0.10303023 0.35810573
v 0.30624706 -0.05852483 0.34864167
v 0.31029636 -0.10251613 0.28410421
v 0.03172506 -0.06042390 0.33262139
v 0.27975391 -0.06876933 0.25922105
v -0.06482350 -0.10220416 0.22548725
v 0.19560461 -0.09569374 0.21385115
v -0.26152862 -0.05609577 0.22290753
v 0.29972482 -0.06623408 0.24604308
v -0.04778117 -0.11278494 0.19519388
v -0.33751507 -0.10071205 0.16174589
v -0.29644636 -0.06828224 0.15436366
v -0.25833632 -0.07461588 0.13720323
v 0.28002526 -0.06389478 0.11683020
v -0.32348967 -0.11038317 0.09125470
v -0.34171343 -0.09852744 0.12507089
v -0.24866991 -0.10872320 0.09525635
v -0.08843204 -0.05853320 0.00280173
v -0.03966740 -0.10326980 0.01190357
v -0.21522426 -0.08696597 -0.05762415
v -0.31875858 -0.11310602 -0.02080203
v -0.02450672 -0.10333889 -0.07667825
v -0.03652985 -0.08306214 -0.10817756
v -0.19281888 -0.09503099 -0.06385761
v -0.30658689 -0.09550251 -0.09849200
v -0.12763912 -0.05209539 -0.10436437
v -0.04228761 -0.07596578 -0.13428897
v -0.07639827 -0.08423654 -0.18522858
v -0.12220757 -0.06257005 -0.18339611
v 0.17859714 -0.08472657 -0.21402515
v 0.13946812 -0.06895034 -0.25629956
v 0.12283011 -0.07387576 -0.25904320
v 0.00564527 -0.07616020 -0.25617788
v -0.37643764 -0.06154229 -0.27567059
v -0.03084843 -0.06925201 -0.31286768
v -0.30310015 -0.04813474 -0.31442089
v -0.35635450 -0.04396387 -0.27586612
v -0.01754074 -0.07335747 -0.31031620
v 0.12416412 -0.07376497 -0.34385386
v 0.06452530 -0.05752960 -0.30883467
v -0.39030114 -0.09447670 -0.30993160
v -0.40532834 -0.10110321 -0.32356706
v 0.00227034 -0.06560644 -0.32262116
v -0.28586777 -0.08711315 -0.39423119
v -0.31743155 -0.10642148 -0.38076464
v -0.35126662 -0.10578119 -0.39539845
v 0.11792273 -0.10495949 -0.40264624
v -0.08591331 -0.05226074 -0.40604602
v 0.09228534 -0.09283925 -0.43942040
v 0.00156390 -0.11541604 -0.46291579
v -0.29411451 -0.08829754 -0.40676774
v 0.03836760 -0.10300697 -0.44864751
v -0.33932250 -0.08646658 -0.47734227
v 0.08802494 -0.08220680 0.51076576
v 0.19406876 -0.06351181 0.50530211
v -0.09194532 -0.05012373 0.45202225
v -0.11495818 -0.06924045 0.44720254
v -0.12441910 -0.06177202 0.42745729
v -0.03447103 -0.05292666 0.38598993
v 0.20393969 -0.07756704 0.39461798
v 0.31212756 -0.08320741 0.32025955
v -0.11607323 -0.07471970 0.28093895
v 0.02514751 -0.07095612 0.29232383
v 0.04635547 -0.05220931 0.26930176
v -0.19878348 -0.10555192 0.23810508
v -0.22775723 -0.09354042 0.24333640
v -0.22169759 -0.08346428 0.22168304
v -0.07978829 -0.08834218 0.23640297
v 0.27270374 -0.09012113 0.25189108
v -0.17062711 -0.10637314 0.16970564
v -0.30502034 -0.06077418 0.19766281
v 0.22886559 -0.08985783 0.21029871
v -0.26067072 -0.05246714 0.19348723
v 0.30438119 -0.06435777 0.17398980
v -0.31468706 -0.07259778 0.16013132
v -0.36342253 -0.07393677 0.11655185
v 0.29182623 -0.04289166 0.10647765
v -0.21993068 -0.07465271 0.14683244
v -0.35864912 -0.09825116 0.06998368
v -0.09276831 -0.05068328 0.03763922
v -0.37193655 -0.07487913 0.04209132
v -0.11969270 -0.04958752 0.01851419
v -0.05890506 -0.06797270 0.02792477
v 0.28497891 -0.06341947 0.00424233
v -0.26142633 -0.09158366 -0.01477053
v 0.27016966 -0.05975718 -0.00784647
v -0.18125600 -0.08236526 -0.07083717
v -0.33836640 -0.07945899 -0.05542907
v 0.26325488 -0.07009782 -0.05120697
v -0.28334665 -0.07738955 -0.05515901
v 0.27068424 -0.04776029 -0.09997470
v -0.14990549 -0.06056254 -0.08739704
v -0.23655493 -0.09613951 -0.13253433
v -0.07467644 -0.06811499 -0.14736611
v -0.36668627 -0.09351582 -0.11601538
v -0.23298686 -0.05951477 -0.15360410
v -0.36952890 -0.04609862 -0.19480675
v -0.35330544 -0.08799218 -0.21021594
v 0.25556804 -0.07762905 -0.20456194
v 0.19870841 -0.07216339 -0.22924689
v -0.26500306 -0.07548335 -0.22715339
v -0.10143970 -0.07033443 -0.19959605
v -0.20278951 -0.09009624 -0.22919327
v 0.17322810 -0.05741417 -0.23126071
v 0.25145003 -0.06802750 -0.27190636
v -0.18989919 -0.09412122 -0.26948842
v 0.04590024 -0.07449696 -0.27129604
v -0.03797098 -0.08426470 -0.30488178
v -0.19150499 -0.07807381 -0.29276379
v 0.09829724 -0.06134049 -0.32091699
v 0.06299797 -0.09296328 -0.30355724
v 0.04329496 -0.06296251 -0.31088334
v -0.05865510 -0.07513503 -0.39203501
v -0.29153734 -0.06845883 -0.40785997
v -0.35821021 -0.05963848 -0.41722021
v -0.03758949 -0.10333028 -0.43141497
v -0.31533193 -0.05108161 -0.41686815
v -0.27429737 -0.10596289 -0.47776986
v -0.38715874 -0.08907674 -0.43524401
v -0.18257061 -0.06342513 -0.46361522
v -0.25424172 -0.07616562 -0.47750384
v 0.23095574 -0.06202960 0.61668581
v 0.17588937 -0.08772926 0.61854120
v 0.20463253 -0.06356424 0.53357609
v 0.19626340 -0.04898995 0.46899010
v 0.27957236 -0.07738525 0.40433990
v 0.08559665 -0.04848871 0.34790955
v 0.26548975 -0.05813529 0.25969241
v -0.09684962 -0.07052653 0.26460574
v -0.21624852 -0.08209728 0.30385994
v -0.17060554 -0.08113621 0.30691864
v -0.10951713 -0.08365528 0.25056448
v 0.25766268 -0.07489803 0.24320110
v 0.31708311 -0.07055814 0.20623063
v 0.24227233 -0.05815238 0.25336770
v 0.19264397 -0.09712654 0.19789740
v -0.15469857 -0.08675786 0.14785266
v -0.27390611 -0.04804853 0.12394339
v -0.17971571 -0.05451980 0.09970257
v -0.20923008 -0.04961382 0.09454910
v -0.23459160 -0.04528878 0.11117363
v -0.36626038 -0.04929854 0.10631444
v 0.29727770 -0.02713975 0.08147151
v -0.25628368 -0.08291745 -0.03740109
v -0.35536415 -0.10314252 -0.01299322
v -0.09235315 -0.05962786 -0.00286680
v -0.25163834 -0.06566297 -0.05500261
v -0.07090058 -0.09534993 -0.06752523
v -0.07111917 -0.08089184 -0.08889281
v -0.20151698 -0.03292266 -0.09364600
v -0.27195316 -0.08319686 -0.12880468
v -0.13834941 -0.02002136 -0.12490871
v -0.20123781 -0.08438901 -0.14890980
v -0.30673017 -0.04960142 -0.15369041
v -0.33801131 -0.05314590 -0.13752754
v -0.34745777 -0.06762235 -0.22573657
v 0.26880217 -0.06131197 -0.18471028
v -0.13952423 -0.03542958 -0.19692692
v -0.21365701 -0.09334079 -0.26069287
v -0.07845039 -0.06091851 -0.31786123
v -0.33400423 -0.05251252 -0.33296037
v 0.12295482 -0.03118181 -0.37608942
v 0.02480536 -0.03964566 -0.32793353
v 0.08647634 -0.06633191 -0.43114871
v -0.18019225 -0.05589638 -0.39461742
v 0.02029161 -0.07938670 -0.47263354
v -0.03081345 -0.09099321 -0.48410090
v -0.38200105 -0.04564815 -0.45343871
v -0.34150503 -0.05021268 -0.48126739
v 0.22381406 -0.09229311 0.59573671
v 0.13749717 -0.05628452 0.58491466
v -0.09458807 -0.01564840 0.43043773
v 0.24179236 -0.09197024 0.40166147
v 0.20390232 -0.06043388 0.41830959
v 0.28705745 -0.04713586 0.38535510
v -0.10664076 -0.06117783 0.33920200
v 0.30548850 -0.03042101 0.34006342
v 0.30120637 -0.03754409 0.29219361
v 0.21660296 -0.06046456 0.27722775
v -0.11179708 -0.07432643 0.27433887
v 0.02645024 -0.03568027 0.27468980
v -0.25022838 -0.04099589 0.24560296
v 0.20227352 -0.06499620 0.23930245
v -0.17539393 -0.06286916 0.14894138
v -0.14136001 -0.05403807 0.12653988
v 0.27596041 -0.08304708 0.09963344
v -0.30948771 -0.02305619 0.12753356
v -0.27609763 -0.04251518 0.10287556
v -0.36756845 -0.01422245 0.02090374
v -0.06158424 -0.04832081 0.04521183
v -0.30027158 -0.04527328 0.04444669
v -0.31385014 -0.02392024 0.06891012
v -0.28590756 -0.04221449 0.03102956
v -0.15519263 -0.05173686 -0.01658942
v 0.24863999 -0.05153373 -0.01333170
v -0.33730150 -0.05317367 -0.14057958
v -0.24380550 -0.04561321 -0.15438700
v -0.11628735 -0.02139772 -0.16540534
v -0.25034001 -0.05094564 -0.16440233
v -0.33828712 -0.02268440 -0.17041606
v 0.27092728 -0.04111632 -0.15813144
v -0.34504418 -0.04350752 -0.24543651
v -0.26309560 -0.06073817 -0.26631198
v 0.28099001 -0.05872866 -0.22089031
v -0.19782419 -0.06245343 -0.28040302
v -0.02118893 -0.04579780 -0.26448457
v 0.27036791 -0.05740092 -0.27562927
v 0.15463162 -0.03885405 -0.31335360
v 0.10503994 -0.04183267 -0.27988047
v -0.21768195 -0.05546996 -0.27723478
v -0.09040548 -0.05056939 -0.30363358
v -0.12586932 -0.03244292 -0.40474959
v -0.36971871 -0.06077819 -0.30111207
v -0.04981452 -0.07372071 -0.40645934
v -0.17790625 -0.03966995 -0.41140536
v -0.00291628 -0.05981608 -0.49967233
v -0.29581267 -0.06406649 -0.48248777
v 0.26226671 -0.04194701 0.59641770
v 0.24593138 -0.06099103 0.53156384
v 0.09204503 -0.06234015 0.53761545
v 0.06123404 -0.03456392 0.51273747
v 0.28518533 -0.05744149 0.41294982
v 0.25091113 -0.07559740 0.42308837
v -0.13377663 -0.05209576 0.41012528
v -0.06701878 -0.03565095 0.42938702
v 0.27252084 -0.02399600 0.37589139
v 0.07588137 -0.03790674 0.31118658
v -0.03689946 -0.02759250 0.33435178
v -0.15611397 -0.05896953 0.34068728
v -0.08724489 -0.06421099 0.25410197
v 0.00452863 -0.03718808 0.29616398
v -0.21234357 -0.01119463 0.27417997
v -0.23738753 -0.03939291 0.27456049
v 0.19487819 -0.05532254 0.25251724
v -0.09685742 -0.05647256 0.26485102
v -0.19675402 -0.05636910 0.18903930
v 0.30475093 -0.03664761 0.24984104
v 0.29820325 -0.04417288 0.16305557
v -0.22619437 -0.05980001 0.14040384
v -0.33352637 -0.03664977 0.13925155
v -0.13175326 -0.04674141 0.00096106
v -0.30145544 -0.01932334 0.00754950
v 0.26231240 -0.04168545 -0.00375146
v -0.18191242 -0.04763564 -0.04728195
v -0.10685869 -0.03651970 -0.03497456
v -0.34169084 -0.06726525 -0.10124567
v -0.04526413 -0.06061071 -0.11553771
v -0.29539200 -0.05824618 -0.14436364
v -0.13615277 -0.00166738 -0.15171596
v -0.13924505 -0.00477323 -0.17186422
v -0.15709551 -0.00512998 -0.18712905
v -0.34208029 -0.01251978 -0.24558855
v -0.35803056 -0.00849473 -0.22536955
v 0.16803136 -0.05142201 -0.23549422
v -0.23503385 -0.00994003 -0.26827238
v -0.06824586 -0.03420788 -0.28289105
v 0.28187273 -0.01083478 -0.33379348
v 0.19184445 -0.01831252 -0.30092438
v 0.18088397 -0.03975151 -0.27553436
v 0.13765273 -0.03754406 -0.31720178
v -0.33148944 -0.03764428 -0.33231964
v -0.40051220 -0.06398146 -0.29936725
v -0.04500599 -0.04392656 -0.31852469
v -0.10379537 -0.03042490 -0.38924902
v 0.06856050 -0.03316315 -0.32214060
v -0.01495494 -0.04841022 -0.34293804
v -0.28117180 -0.02595713 -0.40329191
v -0.31411591 0.00154482 -0.40900925
v 0.11413334 -0.03750656 -0.41495824
v -0.05842913 -0.06541992 -0.39682076
v -0.16196554 -0.03440796 -0.39461516
v -0.06475023 -0.07448806 -0.42196522
v 0.02611097 -0.05477840 -0.47045608
v -0.30109752 -0.02933175 -0.41528793
v -0.36206947 -0.02688558 -0.42711914
v 0.18980983 -0.00291009 0.60763308
v 0.28737767 -0.00235656 0.55782235
v 0.10658500 -0.04240533 0.54684103
v 0.28648710 -0.04333733 0.52066709
v 0.24993590 -0.05705748 0.46437694
v 0.06925809 -0.05594450 0.43766142
v 0.28465717 -0.04997294 0.45261999
v 0.29418215 -0.00241135 0.44579759
v 0.11265128 -0.01571209 0.37285577
v -0.18725696 -0.03902439 0.39494836
v -0.19836869 -0.00028770 0.39363465
v 0.28962996 0.02858801 0.36491181
v -0.10155418 -0.04855765 0.30921344
v -0.23252189 -0.05897068 0.30983517
v -0.02987858 0.00749251 0.28583252
v 0.28305855 -0.04468039 0.26612821
v 0.29906859 -0.00933162 0.20243000
v -0.20680548 -0.05874088 0.11313013
v 0.27763735 -0.02818198 0.11592189
v -0.35435638 -0.02133865 0.09782585
v -0.04608304 -0.00864226 0.00353285
v -0.34930719 0.00672288 0.00784111
v -0.27664941 -0.02915826 0.03329144
v -0.33622773 -0.01019850 0.06158644
v -0.05388102 -0.00660792 -0.00895232
v -0.25650220 -0.02914214 -0.05204651
v -0.08733479 -0.01681034 -0.02635475
v -0.32806520 -0.04063283 -0.06849033
v -0.10631154 -0.05552254 -0.07256664
v -0.07749177 -0.02959359 -0.11124678
v -0.27860689 -0.01488174 -0.08574518
v -0.17113952 -0.01936848 -0.11178565
v -0.29189780 -0.03524671 -0.17326596
v -0.08535853 -0.05326102 -0.14234423
v -0.26590155 -0.03962417 -0.16701004
v -0.07654722 -0.07801374 -0.15755284
v -0.11676444 -0.02303388 -0.20274864
v -0.29265020 -0.01043470 -0.26691302
v -0.19820219 -0.02621068 -0.26827339
v 0.00235385 -0.03014416 -0.27190802
v 0.03500720 -0.01676840 -0.28693581
v -0.24468277 -0.04060735 -0.28297189
v -0.08191249 -0.03463856 -0.32277579
v -0.27755687 -0.03989742 -0.29599774
v -0.41556380 -0.03225216 -0.30105705
v -0.41789554 -0.00002690 -0.30332115
v 0.10842099 -0.02556559 -0.34270062
v 0.09172978 -0.02880857 -0.32961751
v -0.07335222 -0.04467977 -0.38764001
v -0.40679412 -0.04615860 -0.39579203
v 0.02678346 -0.01408777 -0.34219883
v -0.02000727 -0.01607218 -0.34236238
v -0.28150674 -0.03703031 -0.41003954
v 0.00094139 -0.00575510 -0.48273680
v -0.05425967 -0.07713087 -0.49780351
v -0.33309140 -0.03033130 -0.50178421
v -0.23575956 -0.04423325 -0.47043941
v -0.24124694 -0.01825097 -0.48660574
v 0.16810925 -0.00215750 0.55523859
v 0.29278866 -0.03635700 0.49125262
v 0.09425403 -0.04311835 0.39329252
v 0.12115218 0.00385293 0.44628940
v 0.28066423 -0.00713602 0.39621567
v -0.11770592 -0.03074829 0.43772433
v -0.16953465 0.00551378 0.40643953
v 0.02455375 -0.04363563 0.39416851
v 0.26725047 -0.00668595 0.37220264
v -0.21627565 -0.04602520 0.34805232
v 0.28303948 -0.03129723 0.26508405
v 0.23716420 0.00478996 0.25449135
v -0.20738134 0.03239262 0.25989802
v -0.24485182 -0.01398051 0.22337473
v 0.25205298 -0.03332373 0.26152858
v 0.20704141 -0.03638561 0.24162008
v 0.20411963 0.02431505 0.21397695
v -0.18298966 -0.05538265 0.14417096
v -0.20135786 -0.04915849 0.16690712
v -0.15028704 -0.04521312 0.12747723
v 0.24572339 0.00396007 0.13515631
v -0.21894849 -0.04658263 0.09472123
v -0.05987410 -0.02806491 0.02005455
v -0.09728577 -0.03149467 0.00610824
v -0.04631073 0.00424223 -0.00250636
v -0.33106540 0.01266278 0.01332851
v -0.35811280 0.00694668 -0.04691060
v -0.30286156 -0.01231778 -0.07368992
v 0.27047095 -0.04694851 -0.08340319
v -0.33713499 -0.03977699 -0.07497584
v -0.08362644 -0.03183926 -0.12857987
v -0.19780000 -0.01645798 -0.11597867
v -0.31852231 0.03955479 -0.19765145
v -0.35934320 -0.00648967 -0.20102366
v 0.05225666 -0.02315589 -0.27643509
v 0.04002297 0.00727631 -0.30849562
v 0.20493799 -0.00591194 -0.34595569
v -0.05605622 -0.02076009 -0.30676833
v 0.08656125 -0.00697756 -0.33095203
v 0.04227695 -0.00408481 -0.32835785
v -0.27365586 0.00211548 -0.37828960
v -0.00129867 -0.00717734 -0.34604365
v -0.39203731 -0.02385276 -0.41266935
v -0.38464007 0.00621774 -0.40144211
v -0.09291716 -0.06542231 -0.46285092
v -0.11038429 -0.05135674 -0.43378583
v 0.05142337 -0.00783775 -0.46367569
v -0.08199209 -0.04695759 -0.48260515
v -0.37868525 -0.00694605 -0.43546953
v -0.35804034 0.00128926 -0.50290502
v 0.22115513 -0.04094435 0.62206519
v 0.07227392 0.00856416 0.50769170
v 0.06802741 -0.03877133 0.40026035
v 0.06899120 -0.04488513 0.37347367
v -0.13624768 0.01170629 0.38931310
v 0.09427158 -0.03020215 0.33996479
v -0.23943993 0.00187232 0.32692242
v -0.23090029 -0.02730214 0.29261373
v 0.06356527 -0.03482484 0.26805233
v -0.27653697 -0.02066133 0.21289170
v 0.30194283 0.00860622 0.16069665
v -0.29923404 -0.03315612 0.17820751
v 0.28796261 -0.02680418 0.13145148
v -0.30618789 -0.01463423 0.13607447
v -0.18681433 -0.04252422 0.09352797
v -0.20900521 -0.03875357 0.07725346
v -0.31020983 -0.02509584 0.08289626
v -0.33668642 -0.00996291 0.07159093
v -0.25111508 -0.02664717 0.06798946
v -0.31001060 -0.01798222 0.03461281
v -0.11696499 -0.03809557 -0.02187449
v -0.14256605 -0.03775213 -0.07549399
v -0.24539596 -0.01557643 -0.07650815
v -0.11982141 -0.03170560 -0.05721127
v -0.21037782 -0.03294595 -0.08977394
v -0.20501674 -0.00331098 -0.11388953
v -0.10317127 0.01593636 -0.05352115
v -0.12320380 -0.01420849 -0.05802296
v -0.11726833 0.00643807 -0.07893564
v -0.16264411 0.00352146 -0.12044970
v 0.26563152 0.02618539 -0.07874421
v -0.31501238 -0.01052360 -0.07489864
v -0.36622667 -0.00082563 -0.14004665
v -0.22209453 0.01274834 -0.12438284
v -0.32881610 -0.02897768 -0.15952461
v -0.16636661 0.02076931 -0.12479146
v -0.12848925 -0.01633278 -0.16848271
v -0.13200979 0.04812647 -0.23779515
v 0.09178453 -0.01103297 -0.27300069
v -0.03468775 -0.02267755 -0.32761524
v -0.02631970 0.03967169 -0.34356282
v -0.05205392 -0.00332144 -0.31794277
v -0.07905479 -0.01657787 -0.29190223
v -0.20942998 0.00107298 -0.27407514
v 0.28687573 -0.00811720 -0.30614266
v -0.24526263 0.00918034 -0.26866418
v -0.28352566 -0.02280474 -0.27826303
v -0.33511465 -0.02551482 -0.29425379
v -0.08115223 -0.00475324 -0.31875842
v -0.37469269 -0.03425085 -0.27680107
v 0.26114330 0.00351565 -0.34765561
v 0.06600728 -0.01097484 -0.31405371
v 0.13182271 0.00730135 -0.39062934
v -0.15497855 0.00566324 -0.40140650
v -0.11382750 -0.02977985 -0.46112209
v -0.16256021 -0.01691922 -0.46228688
v -0.34329869 0.03309019 -0.42217381
v -0.28224320 -0.02812117 -0.50000766
v 0.25711764 0.01357685 0.59561260
v 0.22061722 0.02485611 0.59544262
v 0.20323018 0.01994531 0.53950947
v 0.08937824 -0.00347857 0.55209058
v 0.15212332 -0.00780930 0.55314373
v 0.16158431 0.04070847 0.58750414
v 0.28548368 0.00647957 0.50266908
v 0.18928101 0.02167949 0.53603976
v 0.10789476 0.03902874 0.49048252
v -0.02420981 -0.03490689 0.43572700
v 0.00889583 -0.03347461 0.42971091
v 0.26974257 0.02277401 0.41529246
v 0.00344409 0.00519225 0.45243047
v 0.08941659 -0.02849867 0.37972588
v 0.03234023 -0.02054560 0.41033143
v -0.00196655 -0.04552601 0.36490753
v -0.14580300 0.02292114 0.33168771
v 0.02554428 -0.03698807 0.30382837
v -0.19273581 0.03841333 0.36631683
v 0.05141355 -0.03179609 0.28927667
v -0.07399643 0.01722951 0.32826060
v -0.03859706 0.02553824 0.28801341
v -0.18049877 0.00878091 0.25847154
v 0.01691055 -0.02204291 0.28043377
v -0.24140736 0.01609202 0.25317008
v 0.26526225 0.01984188 0.25394235
v 0.22189696 -0.00230863 0.21998611
v -0.14499426 0.01978630 0.23397908
v -0.24920159 0.02286150 0.22913010
v -0.32819865 0.00802600 0.13069224
v 0.26672379 0.02402422 0.13243640
v -0.25923347 -0.01968588 0.10811481
v -0.35486614 0.01386878 0.07702860
v -0.33720747 0.00804460 0.02673406
v -0.31200765 -0.00409214 0.01409279
v 0.26387324 0.00848128 -0.01433647
v -0.12518665 -0.00155919 -0.04823983
v -0.19167624 -0.04153588 -0.05854958
v -0.23582045 -0.03298012 -0.05571574
v 0.26998626 0.00878855 -0.04634260
v -0.24588834 0.01824237 -0.09797885
v -0.26653862 0.00385015 -0.08820291
v -0.06180695 0.00132525 -0.03499956
v -0.31253721 0.03161333 -0.07775408
v -0.12970793 0.00418836 -0.09285750
v -0.11722606 -0.00308187 -0.09039776
v -0.36869817 0.00343866 -0.11038942
v -0.31172834 -0.01537148 -0.17340163
v -0.30059151 0.05078246 -0.22016449
v -0.33249600 0.03311195 -0.22397066
v -0.10590657 0.00754300 -0.21310324
v -0.28972429 0.03075022 -0.25990547
v -0.24421369 0.02060718 -0.26345998
v -0.19886316 0.01556416 -0.27492733
v 0.00916210 0.00429014 -0.27628143
v -0.01003269 0.01467198 -0.34776943
v 0.01043351 0.01661014 -0.27478875
v -0.37466568 0.02997269 -0.24005677
v -0.39461282 -0.04229119 -0.28164081
v -0.31942583 -0.00816944 -0.27666183
v -0.04979054 0.02281109 -0.33018220
v -0.13048524 -0.00826077 -0.36430541
v 0.16209354 0.00312130 -0.35878818
v 0.12918840 0.00722592 -0.35132886
v 0.11433322 -0.00462333 -0.32886656
v -0.12062205 -0.04073178 -0.40891447
v 0.03230464 0.00577575 -0.33532120
v 0.00673667 0.02355183 -0.33766782
v -0.27772445 0.00520788 -0.38103071
v -0.15018502 -0.01691807 -0.41393974
v -0.30548882 0.01424388 -0.39711365
v -0.08848176 0.00168481 -0.46727835
v -0.12031989 -0.01099674 -0.45800223
v -0.17951262 0.00945966 -0.42445622
v -0.03584262 0.01265333 -0.49396998
v -0.36412146 0.04605328 -0.45518641
v -0.15637896 -0.00612342 -0.43958585
v -0.38241701 -0.00319593 -0.46750531
v -0.28189065 -0.00199820 -0.51813485
v 0.08567537 0.02683853 0.54231296
v 0.17446557 0.03158622 0.57166934
v 0.20537998 0.02914012 0.50586625
v -0.04026365 0.01491026 0.50236571
v -0.05233746 -0.01170980 0.47752744
v 0.24368773 0.04089390 0.43016001
v 0.05946104 0.00847106 0.46499798
v -0.06968147 -0.00391434 0.42659611
v 0.10696994 0.01162211 0.35455159
v 0.04006905 -0.00815886 0.40316111
v -0.03012033 -0.01531182 0.35297295
v 0.23115036 0.01810284 0.37596437
v 0.27619513 0.07664340 0.35713136
v -0.21201010 0.05769371 0.35562017
v -0.23665547 0.03776429 0.28983759
v -0.10545106 0.02904597 0.32261609
v 0.26389690 0.04282131 0.24401076
v 0.19548744 0.02095512 0.23652342
v -0.10692821 0.02593240 0.21513574
v -0.22077022 0.03819654 0.25098215
v 0.28106116 0.03434684 0.24802123
v -0.20899217 0.05120331 0.23773020
v 0.29574475 0.05413541 0.20990726
v -0.27973798 0.00656645 0.22743431
v -0.05608763 0.00249774 -0.01740723
v -0.03790507 0.03063649 -0.00508063
v -0.10446977 0.00042942 -0.01963002
v -0.35680822 0.02873121 -0.02614413
v 0.27948887 0.04246448 -0.03280818
v -0.06953701 0.04661901 -0.05224409
v -0.20864311 0.03712402 -0.10226971
v -0.24778480 0.03510256 -0.09915607
v -0.27175721 0.05380018 -0.08145484
v -0.12721527 0.03797553 -0.11541954
v -0.09840917 0.01247676 -0.13678819
v -0.35727855 0.02845726 -0.13069183
v -0.34707876 0.01526108 -0.15861971
v -0.22815999 0.03982269 -0.11763575
v -0.31258319 0.04097072 -0.18642197
v -0.12411332 -0.00018863 -0.19517282
v -0.16279197 0.03610026 -0.18615056
v 0.27842949 0.05808977 -0.24708840
v -0.11454530 0.01494504 -0.22673452
v 0.11209019 0.06428196 -0.26743571
v 0.06030107 0.03849114 -0.26894042
v -0.40426482 0.00516668 -0.26194689
v -0.33164746 0.02218277 -0.26636302
v 0.28507848 0.01683807 -0.27695735
v -0.06955118 0.02428358 -0.30968624
v -0.30098238 0.04204970 -0.25675845
v -0.39964361 0.05562123 -0.29196067
v -0.40028173 0.03202626 -0.34144576
v -0.31637228 0.03462717 -0.36598712
v -0.05981629 0.00649345 -0.32043164
v -0.25986635 0.01967473 -0.36984374
v -0.04284684 0.04010733 -0.33725885
v -0.12623144 -0.00331311 -0.37475275
v 0.02523971 0.02626817 -0.32924875
v 0.01612770 0.03108758 -0.36605744
v -0.14698228 -0.00387498 -0.45116662
v -0.01636137 0.03450221 -0.35231326
v 0.05900211 0.03401335 -0.46923017
v -0.15212109 0.00355648 -0.47319608
v 0.19292887 0.03188394 0.49301802
v -0.01688218 0.02380544 0.49296414
v 0.05255159 -0.03184840 0.40551334
v 0.03819144 0.03752399 0.37091766
v 0.08887252 -0.01240488 0.31521689
v -0.24213553 0.05609169 0.32503540
v 0.29719092 0.06287234 0.33195823
v 0.29599486 0.03426159 0.28475269
v -0.00457231 0.01010887 0.28920088
v -0.18556668 0.04718796 0.16096938
v -0.24670732 0.04109166 0.21502146
v 0.28558964 0.02912011 0.14987077
v 0.26341859 0.01670389 0.15384106
v 0.29801520 0.06696636 0.11253981
v -0.04205230 0.02689146 0.00023586
v -0.23671622 0.04713699 0.00379008
v -0.27754263 0.06091052 0.00313010
v -0.06369721 0.05289592 -0.01025353
v -0.24133699 0.04059377 -0.00953296
v 0.28617214 0.03126847 -0.00158082
v -0.21541596 0.06321810 -0.03434211
v -0.24854821 0.05454430 -0.02747611
v -0.07563836 0.02616532 -0.03365492
v -0.30030994 0.05853350 -0.04813294
v -0.33353357 0.06246012 -0.03402697
v -0.22012250 0.05686407 -0.07741641
v -0.07688151 0.04634038 -0.06871157
v -0.20018449 0.03739523 -0.12095371
v -0.27240392 0.04815773 -0.20634229
v -0.27479572 0.05749983 -0.18421021
v -0.13076398 0.00838323 -0.17316274
v -0.21436550 0.03569272 -0.25289150
v 0.04657185 0.01360160 -0.30024688
v -0.05682113 0.03130492 -0.32644896
v -0.25926237 0.04604317 -0.27002394
v -0.09069674 0.00651213 -0.31687339
v 0.15193431 0.00612828 -0.34816851
v -0.31448579 0.03775934 -0.36390695
v -0.14763985 0.01891901 -0.37919515
v 0.10774888 0.02292420 -0.34341047
v 0.13985761 0.05272937 -0.36890118
v -0.03763959 0.04966231 -0.32439584
v 0.13502039 0.05649119 -0.39595865
v 0.00431813 0.03166364 -0.36092860
v 0.02374792 0.05238951 -0.49317062
v -0.03228176 0.04950812 -0.49139512
v -0.14095851 0.01229641 -0.46446686
v 0.21015461 0.05360130 0.56156621
v 0.28674380 0.04387142 0.47386220
v -0.08875471 0.01393179 0.48038355
v -0.10514136 0.01351823 0.41870348
v 0.09580067 0.00052700 0.43126043
v 0.04320742 0.02308623 0.39446431
v -0.03601709 0.02653231 0.30262456
v -0.14112207 0.03415805 0.34075850
v 0.29663714 0.05748741 0.31625051
v -0.09109499 0.04145319 0.32286115
v -0.21036388 0.07512414 0.28762128
v -0.18851269 0.02502021 0.25429731
v 0.23365366 0.06548772 0.24864806
v -0.11367469 0.04703299 0.22794607
v 0.24327958 0.02925027 0.24007677
v -0.31210290 0.00513003 0.20543711
v -0.27745321 0.04825272 0.22570882
v -0.23529465 0.05386499 0.19097760
v -0.31856254 0.03064357 0.15663554
v 0.24280987 0.06334039 0.14766352
v -0.34562586 0.02759001 0.09700483
v -0.25985700 0.06569443 0.04886457
v -0.30620843 0.06685728 0.04832788
v -0.32313494 0.07047445 -0.00738207
v -0.34020306 0.05939849 0.00123762
v -0.10355051 0.05382429 -0.05613452
v -0.11741568 0.03529938 -0.07677640
v -0.13350696 0.04961289 -0.11540410
v -0.11981390 0.04848436 -0.08338214
v 0.27423047 0.05802201 -0.15580817
v 0.02353588 0.05673570 -0.25451511
v 0.05793719 0.04298774 -0.26423758
v -0.40247454 0.05402505 -0.24910770
v -0.01205997 0.05243209 -0.27653615
v -0.04277988 0.05587339 -0.30468501
v -0.36979850 0.05593245 -0.32521003
v 0.25887212 0.05784135 -0.30716697
v -0.05929247 0.03872446 -0.32387693
v -0.07685607 0.03221277 -0.33914186
v 0.09546777 0.06750506 -0.34256647
v 0.07197670 0.04742460 -0.32838377
v -0.22451766 0.08318778 -0.39658535
v -0.00299432 0.05255011 -0.34963720
v -0.15811325 0.03445601 -0.40614259
v 0.10773420 0.01200459 -0.42542055
v 0.02445710 0.05612904 -0.35830950
v -0.11207517 0.01063636 -0.47722599
v -0.28241796 0.04101065 -0.39515508
v -0.34138504 0.07719195 -0.47973479
v -0.33469295 0.07533438 -0.52088956
v -0.23194495 0.03376246 -0.50429628
v -0.30476218 0.03771737 -0.53717829
v 0.13449815 0.03798127 0.58425982
v 0.18119564 0.06796403 0.56148994
v 0.13185676 0.03339437 0.42005539
v 0.27408037 0.05567914 0.43293161
v -0.12497026 0.05363144 0.46275771
v -0.00865302 0.04663274 0.46451143
v -0.09652659 0.00223037 0.45400328
v 0.11400449 0.03983149 0.42155794
v 0.22065348 0.05077210 0.40619769
v -0.04960117 0.03336114 0.32647262
v 0.02242323 0.06669735 0.35863390
v 0.01470503 0.05310511 0.36447724
v 0.25412922 0.06441587 0.36394775
v 0.22119852 0.03945904 0.35907988
v 0.18876292 0.06803379 0.33799207
v -0.23754058 0.02649231 0.34489705
v 0.20043848 0.05206541 0.34107985
v 0.19348399 0.04935937 0.22090313
v -0.21652347 0.05729591 0.15767285
v -0.34675637 0.03757540 0.07800004
v -0.08630227 0.05453327 0.03639665
v -0.03759066 0.04616093 0.00900012
v -0.22802992 0.05658068 -0.01859694
v -0.13088111 0.07407081 -0.01476348
v -0.12219727 0.07550354 -0.03462764
v 0.27896837 0.08806130 -0.04326585
v -0.34571338 0.03182335 -0.08889677
v -0.12690289 0.05388494 -0.12700777
v -0.36212875 0.05236034 -0.16909677
v -0.11660123 0.05253234 -0.16491564
v 0.27145861 0.07571048 -0.20908723
v 0.08442421 0.04760534 -0.25749977
v -0.12143064 0.05191248 -0.23461511
v -0.33789829 0.05849586 -0.24413439
v -0.02682328 0.06782874 -0.30818172
v 0.24448500 0.06504164 -0.34642859
v 0.24796109 0.03884599 -0.34395745
v -0.08681198 0.06078599 -0.35458698
v 0.09213697 0.05672315 -0.32480746
v -0.15767653 0.01889748 -0.43239202
v -0.05792106 0.04971194 -0.43672831
v -0.06246772 0.03593495 -0.46104578
v 0.09255276 0.07876283 -0.45737287
v -0.10357266 0.00995838 -0.49138344
v -0.14937873 0.02671542 -0.44586351
v -0.26499179 0.06340745 -0.54596377
v -0.31619138 0.07192063 -0.53755843
v 0.23488116 0.08076896 0.57031907
v 0.10709166 0.06383839 0.50503634
v 0.19474930 0.06510138 0.48283870
v 0.03323943 0.02775146 0.47600175
v 0.04988111 0.05149329 0.52496365
v -0.06475246 0.06677475 0.51744632
v 0.06555768 0.04041913 0.50406235
v -0.01657581 0.06475848 0.42668174
v -0.15765310 0.04932398 0.42659063
v -0.17359010 0.04644900 0.39747324
v 0.11103419 0.03099121 0.38240346
v 0.02381774 0.04578708 0.42280863
v -0.09407930 0.03509793 0.37018562
v -0.14676496 0.03365712 0.37114516
v -0.18650884 0.05352276 0.35880040
v -0.06568271 0.04292122 0.31791318
v -0.22872608 0.07990318 0.30915860
v -0.14795972 0.06304501 0.26356426
v 0.27538711 0.08544497 0.26265215
v 0.25493651 0.06530530 0.24787100
v -0.12996604 0.03578727 0.20165938
v -0.15194475 0.04356563 0.19343474
v -0.27320130 0.10239216 0.21828252
v 0.29488849 0.08238395 0.19171885
v -0.16280508 0.05164233 0.16669681
v -0.30521272 0.07593697 0.14291098
v 0.27153638 0.03760956 0.13435418
v -0.07231894 0.05742712 0.02002404
v -0.10295165 0.07395615 0.02158142
v 0.29279671 0.06387573 0.05077082
v -0.07363454 0.06927488 -0.08644491
v -0.17811238 0.06188711 -0.13120318
v -0.31984810 0.03759066 -0.07647574
v -0.26735463 0.04962284 -0.08574289
v -0.19749261 0.03560084 -0.12252415
v -0.23132009 0.09329387 -0.12828898
v -0.17206406 0.08124942 -0.15957017
v -0.14053467 0.06732507 -0.18549208
v -0.24497129 0.04063286 -0.24540422
v 0.03242599 0.06710777 -0.29425958
v -0.14301667 0.07624571 -0.23601501
v 0.14954554 0.06046050 -0.30133688
v -0.07989092 0.08203532 -0.32940270
v -0.21926269 0.06329225 -0.30299581
v 0.21624656 0.06733716 -0.35831382
v -0.06094716 0.06698800 -0.36880743
v -0.25653629 0.02974932 -0.37585797
v -0.15114191 0.04974939 -0.40972506
v -0.03498969 0.06440791 -0.32786235
v -0.02137516 0.07847130 -0.32415646
v -0.15745081 0.03823390 -0.39360221
v 0.02266204 0.05029476 -0.34604853
v 0.02001267 0.08294372 -0.34040292
v -0.23767308 0.07236195 -0.40043427
v -0.06960628 0.01704133 -0.48263727
v -0.12907044 0.03927883 -0.51138787
v -0.12062655 0.03413103 -0.48230942
v -0.29492227 0.11551977 -0.52025559
v -0.28602817 0.11280794 -0.53501859
v 0.17264587 0.09485997 0.57082398
v 0.12379968 0.06749322 0.56977302
v 0.28688169 0.06593246 0.54527939
v 0.18084085 0.08758131 0.52013161
v 0.03419594 0.06282438 0.52148202
v 0.28819437 0.08484413 0.49356581
v 0.29303257 0.06531683 0.47393423
v 0.17728566 0.09456953 0.48100127
v -0.09635759 0.07412451 0.47558591
v -0.21008322 0.08270073 0.35919465
v 0.19312175 0.10886204 0.33488447
v 0.00643580 0.07322909 0.34571006
v 0.19438939 0.11078512 0.31907540
v 0.24169853 0.08713508 0.25204726
v -0.12003955 0.07947707 0.25779303
v 0.27642182 0.07469172 0.24964891
v 0.23812488 0.08271508 0.22910882
v 0.28982035 0.05970491 0.23366398
v -0.16297316 0.04725305 0.20516043
v -0.23046401 0.08233339 0.17224109
v -0.34634842 0.08051287 0.10994909
v -0.32289904 0.11515764 0.05226324
v -0.27300019 0.07400723 0.05695658
v -0.08173307 0.08166866 0.02974893
v -0.06067665 0.04992256 -0.02581782
v -0.21682577 0.07450841 -0.07817223
v -0.12954987 0.12176840 -0.09167891
v -0.13517543 0.09994350 -0.10765941
v -0.33117728 0.03723151 -0.18884575
v -0.36243982 0.07139293 -0.16088613
v -0.27578740 0.06426398 -0.22155603
v -0.13725118 0.04236661 -0.21322564
v 0.27373919 0.08026553 -0.25656860
v 0.24898879 0.09201578 -0.28922937
v -0.20022550 0.04230636 -0.28817003
v -0.38431497 0.11469870 -0.27230076
v -0.00190232 0.07063798 -0.28864478
v -0.30044428 0.08490496 -0.27179532
v 0.19856950 0.06612287 -0.35702344
v 0.14325442 0.08910417 -0.36430948
v 0.02984833 0.07743404 -0.33719502
v 0.02641964 0.07996821 -0.35975044
v 0.07755886 0.06352993 -0.48956238
v -0.15162820 0.08039430 -0.45356670
v 0.08108390 0.09289050 -0.48885088
v -0.16776227 0.05246897 -0.45073754
v -0.26662277 0.08372198 -0.46171946
v -0.28547463 0.10764089 -0.48336011
v -0.18884271 0.06702660 -0.54504243
v 0.15322773 0.09403740 0.58204600
v 0.21131960 0.08743548 0.55606830
v 0.01856975 0.05182779 0.46372929
v -0.07158792 0.08160451 0.50263680
v 0.10668057 0.05902496 0.45811870
v -0.00077020 0.09896367 0.49397860
v 0.22660353 0.08259588 0.37786078
v -0.16686351 0.08322524 0.41787986
v 0.02486879 0.09272311 0.33935949
v -0.20318521 0.11274766 0.35316970
v -0.01539014 0.10673603 0.39995258
v 0.29613620 0.11938862 0.33230452
v 0.30104240 0.09324504 0.31005099
v -0.15098326 0.10662677 0.30109561
v -0.15118474 0.05820979 0.23854394
v -0.21322395 0.05571044 0.21034070
v -0.31623800 0.07574879 0.21022640
v -0.18649040 0.06418399 0.16419259
v -0.17532932 0.11151201 0.10597234
v -0.29781991 0.09380552 0.03652850
v -0.09134657 0.08543833 0.01489341
v -0.27448979 0.06626374 0.00781082
v -0.13795844 0.09348315 -0.04039764
v -0.07660029 0.07391353 -0.07937491
v -0.15518520 0.08643618 -0.12193641
v -0.12696744 0.09880104 -0.16907678
v -0.31329004 0.04936205 -0.20158736
v -0.34574310 0.06112338 -0.20783687
v -0.28058490 0.06475204 -0.18670883
v 0.06766826 0.10863653 -0.24200261
v -0.12329686 0.08669313 -0.24266728
v -0.22471087 0.07900394 -0.30015814
v -0.39635518 0.08438603 -0.29434559
v -0.25554436 0.09905901 -0.31180045
v -0.38332519 0.06933023 -0.39504332
v -0.36989574 0.05214836 -0.37793309
v -0.29344373 0.05462185 -0.40499241
v -0.35010799 0.05365095 -0.41599849
v 0.15074319 0.09095316 -0.40465682
v -0.00688561 0.09223644 -0.33832853
v 0.12537013 0.10357322 -0.42908471
v -0.01433406 0.07813898 -0.48218024
v -0.25182817 0.10613995 -0.46881301
v -0.06711839 0.03801039 -0.50967207
v -0.12782972 0.06583681 -0.46775767
v -0.15509883 0.07516010 -0.56132416
v 0.08372805 0.09619539 0.57207630
v 0.26300902 0.08942409 0.55807670
v 0.16358391 0.11508058 0.54504253
v 0.09157822 0.06831044 0.55004609
v 0.04471887 0.11245507 0.53698149
v 0.15185315 0.12760071 0.46116622
v -0.02464113 0.10030910 0.51986659
v -0.10438024 0.10597614 0.43666282
v -0.11956440 0.10095386 0.42443636
v 0.07953744 0.12926075 0.41462593
v 0.23039535 0.09354246 0.37052919
v -0.12158119 0.11475135 0.38175708
v 0.02470938 0.10068633 0.38100842
v -0.18500380 0.11818294 0.37077881
v -0.12095718 0.10968352 0.30262267
v 0.27330987 0.13005317 0.34992742
v 0.01772443 0.10006858 0.32576245
v 0.18434550 0.10984290 0.23154967
v -0.14875584 0.07905300 0.25499507
v -0.20452901 0.05662127 0.25921939
v -0.23885290 0.07074613 0.23981769
v 0.19554361 0.09317122 0.22001800
v -0.24409645 0.09814154 0.19996733
v -0.30892327 0.11278067 0.16301054
v -0.17376034 0.14840131 0.12866017
v -0.21926561 0.11292682 0.09568746
v -0.32020558 0.12851112 0.10682844
v -0.16027304 0.10795847 0.09456426
v -0.18255714 0.11758334 0.07487307
v -0.27664145 0.07830167 0.02878636
v -0.07906014 0.11065279 0.02995857
v -0.11269230 0.09868488 -0.01357542
v -0.10567360 0.09194311 -0.00804389
v -0.13058198 0.11985477 -0.03140198
v -0.27106018 0.07317162 -0.02477841
v -0.10045713 0.07069309 -0.02515643
v -0.23063973 0.07987716 -0.04548015
v 0.27647791 0.10048811 -0.07995104
v -0.22113812 0.12240184 -0.15082681
v -0.30013512 0.10252839 -0.09394659
v -0.35198979 0.08551808 -0.11930331
v -0.36213127 0.10363018 -0.22044182
v -0.30218500 0.07056572 -0.22529523
v -0.15103743 0.08374354 -0.21800978
v 0.04608082 0.07227908 -0.30031648
v -0.14662659 0.10000392 -0.25803694
v 0.28425440 0.09810023 -0.24310231
v 0.01104485 0.08380786 -0.29666116
v -0.13116155 0.08693188 -0.25455045
v -0.35099695 0.10396239 -0.24569034
v 0.23192374 0.10339305 -0.29316708
v -0.33549726 0.13216983 -0.27183227
v -0.01976712 0.09183597 -0.30450806
v -0.04155315 0.10067819 -0.36877079
v -0.09078234 0.08352550 -0.34883661
v 0.08166503 0.08391578 -0.35178056
v 0.04636546 0.09631907 -0.34389618
v -0.32792394 0.06451547 -0.42994520
v -0.04396049 0.08663899 -0.44912094
v -0.05924658 0.10280218 -0.42240641
v -0.13522090 0.08513305 -0.44596662
v -0.23001642 0.12011607 -0.42804464
v -0.13330242 0.05963231 -0.46435722
v -0.05239116 0.05716508 -0.45450838
v -0.10021836 0.03946593 -0.49706595
v 0.04054785 0.10931641 -0.50086669
v -0.00825453 0.05925583 -0.51036947
v -0.23076583 0.10668388 -0.54756829
v -0.10111607 0.08529988 -0.57230757
v 0.23828806 0.11444562 0.55522791
v 0.26546313 0.13078046 0.52764992
v 0.13034717 0.13221768 0.54903543
v 0.03758916 0.10332761 0.48210371
v 0.15255857 0.13118659 0.50598064
v 0.26043062 0.13114658 0.45268062
v 0.26971792 0.07900800 0.40032517
v 0.06053492 0.11285292 0.32158924
v -0.11545206 0.09472401 0.27267584
v -0.24400511 0.09034507 0.27628751
v -0.24542965 0.09764319 0.24000209
v -0.23838772 0.09532098 0.20680221
v 0.29810596 0.11661138 0.18581094
v -0.14026258 0.13602305 0.14261701
v -0.20117942 0.12776895 0.11658966
v -0.31875359 0.12998790 0.12907156
v 0.28610800 0.11138492 0.11861357
v 0.28558938 0.11873987 0.07653279
v -0.09482544 0.11237004 0.01347541
v -0.31702903 0.09142877 -0.02253451
v -0.29940091 0.08507741 -0.05215207
v -0.09966084 0.07654122 -0.06727581
v -0.09651366 0.07927664 -0.09987246
v -0.18989570 0.08407908 -0.11968633
v -0.09937742 0.08732884 -0.10451605
v -0.17423921 0.12065248 -0.12738573
v 0.27857342 0.12173320 -0.07221806
v -0.33984988 0.11973322 -0.12747771
v -0.34282589 0.08931822 -0.24712155
v -0.14934462 0.10163230 -0.21824686
v -0.18259106 0.09114621 -0.18181358
v -0.28842958 0.07887435 -0.24956208
v 0.06300669 0.09667935 -0.29085146
v -0.13386926 0.11679064 -0.25314239
v 0.09200063 0.09207175 -0.24503957
v 0.26601476 0.11435428 -0.28646742
v 0.02649251 0.09360295 -0.32471051
v 0.00239120 0.10509415 -0.32918451
v -0.00240602 0.11252771 -0.33684485
v -0.37714667 0.13290259 -0.29216698
v -0.34962838 0.14719384 -0.28308473
v -0.06783712 0.12006222 -0.35031152
v -0.31056288 0.13234908 -0.31077088
v 0.14254872 0.11611195 -0.34461289
v 0.09936056 0.10891004 -0.34479979
v -0.20881562 0.12259009 -0.40668914
v -0.02258970 0.11635407 -0.38191632
v -0.37344536 0.10114291 -0.42267873
v 0.15568566 0.13866146 -0.42394376
v 0.02260866 0.09267108 -0.34257088
v 0.02728820 0.11069244 -0.35133708
v 0.01605452 0.11493230 -0.34521620
v -0.02743998 0.12659179 -0.44639913
v 0.00839398 0.06454745 -0.47844976
v -0.04881386 0.10584640 -0.44318984
v -0.12601456 0.08311746 -0.47110974
v -0.12920956 0.10832798 -0.47337037
v -0.24408392 0.14584054 -0.50454933
v -0.07047104 0.08394835 -0.52919467
v -0.21651847 0.14894901 -0.52144869
v 0.11132983 0.11512686 0.57193812
v 0.06772267 0.15266763 0.48594768
v 0.27101489 0.12744493 0.49962123
v 0.18115958 0.12290538 0.49120090
v 0.28052740 0.10933770 0.39968934
v 0.28115937 0.13334627 0.26200674
v 0.22566448 0.13270734 0.24269861
v 0.23555570 0.12830294 0.23682362
v -0.23384373 0.12315109 0.22465304
v -0.30947526 0.13782975 0.19412087
v 0.23412697 0.14701788 0.14569961
v -0.13395108 0.12879485 0.13504858
v -0.15216763 0.11372430 0.11715051
v -0.31779191 0.14433127 0.07940899
v -0.29232282 0.16368743 0.09640162
v -0.27487007 0.16050151 0.10671944
v -0.30910962 0.15499713 0.03988070
v -0.07105402 0.13699906 0.02011040
v -0.30840773 0.11053251 0.01534316
v 0.29052056 0.14058257 -0.00653244
v -0.12040539 0.11714727 -0.02903882
v -0.33474183 0.10601062 -0.04556978
v -0.15962525 0.14294723 -0.07657815
v -0.12482877 0.10832665 -0.06207546
v 0.26096519 0.14111794 -0.07774727
v -0.12044745 0.09548112 -0.08316754
v -0.11942717 0.09880921 -0.13402048
v -0.29212768 0.12607753 -0.10050507
v -0.35302190 0.15311223 -0.20404981
v 0.16705191 0.10554514 -0.28310816
v 0.04765886 0.09135284 -0.30683043
v -0.24287116 0.11013504 -0.30150637
v -0.04058829 0.11544170 -0.33765691
v 0.06749275 0.10625199 -0.32987399
v -0.00307818 0.12948432 -0.39214146
v -0.25428987 0.08463301 -0.40939933
v -0.28840303 0.10836868 -0.47984975
v 0.10455625 0.13361967 -0.46299079
v 0.10253177 0.11257614 -0.48891158
v -0.12631830 0.10508894 -0.45792813
v -0.22296231 0.13514207 -0.48096811
v -0.19908346 0.17361742 -0.51676788
v -0.00848458 0.08402857 -0.48161989
v -0.10207407 0.05590130 -0.49827851
v -0.09536131 0.07282254 -0.52141064
v -0.14065082 0.09003647 -0.57055660
v 0.19728801 0.14267129 0.54496093
v 0.16437443 0.12431573 0.45959757
v -0.05613819 0.12598909 0.50993980
v -0.08748791 0.12764615 0.48754901
v -0.12397669 0.11737782 0.39542945
v 0.00548903 0.11332700 0.35468626
v -0.11554682 0.12776499 0.35847373
v 0.08412508 0.15427397 0.31938001
v -0.11789003 0.11982887 0.31342955
v 0.19124931 0.14158236 0.31937453
v 0.18251469 0.14133327 0.22577130
v -0.24035811 0.15058694 0.22989663
v -0.11232803 0.17133359 0.15877465
v -0.28448309 0.14102104 0.22290679
v -0.15288009 0.18757653 0.16095356
v -0.25292429 0.16531671 0.13757625
v -0.29011751 0.17932669 0.16450265
v -0.17857423 0.13023875 0.07327570
v -0.07360061 0.13623532 0.03834242
v -0.23156358 0.15626814 0.05009861
v -0.10239828 0.11076692 0.00673676
v -0.12809039 0.14267125 -0.00900074
v -0.33032124 0.12149123 -0.00679525
v -0.14637464 0.15064171 -0.04495047
v -0.12906761 0.12346355 -0.07222069
v -0.21329186 0.12556622 -0.11958373
v -0.22946390 0.10875721 -0.09925597
v -0.30465300 0.12560388 -0.09455866
v -0.15607900 0.15079888 -0.10326740
v -0.32650061 0.11631810 -0.10776927
v -0.26497050 0.13495350 -0.11357672
v -0.35651799 0.16156357 -0.22819293
v -0.21803488 0.12145148 -0.19329086
v -0.18809819 0.14446035 -0.20577315
v 0.27170090 0.14348915 -0.24922071
v 0.07450438 0.14090239 -0.24573301
v -0.34182538 0.13175384 -0.26889009
v 0.11940656 0.15250189 -0.29148895
v 0.08952127 0.11588706 -0.30529774
v 0.25426368 0.14599022 -0.26756341
v 0.15714412 0.12619343 -0.27398175
v -0.31634224 0.17389996 -0.31381089
v -0.38645326 0.13653186 -0.36857628
v 0.09021227 0.13340987 -0.31980568
v 0.07059715 0.13724110 -0.32293760
v 0.19443317 0.15159315 -0.34932563
v 0.04064505 0.13298329 -0.34801721
v -0.01399556 0.13821664 -0.38195620
v 0.20736904 0.16690269 -0.37662621
v 0.02726842 0.15040578 -0.35850703
v 0.14628410 0.16662941 -0.43803077
v -0.02658072 0.15505322 -0.45931092
v -0.20487725 0.15407463 -0.44209731
v -0.22652117 0.11056731 -0.41145521
v -0.33869438 0.10437822 -0.47524583
v -0.19456657 0.14987268 -0.47910315
v 0.03145103 0.13571815 -0.49401133
v -0.03101658 0.09305543 -0.45781104
v -0.10123138 0.10395392 -0.49007117
v -0.21097161 0.16100494 -0.51713706
v -0.01104998 0.10624444 -0.54311149
v 0.01429092 0.09589928 -0.51264556
v -0.07036622 0.13083124 -0.59355907
v 0.09563728 0.14649136 0.56344209
v 0.00166328 0.13093476 0.51042295
v 0.16942525 0.15342758 0.45087896
v 0.09934699 0.19048697 0.38682941
v -0.15540086 0.16023900 0.41882103
v 0.28043450 0.14671780 0.40174207
v 0.01592611 0.13231949 0.43851771
v 0.26354513 0.13166143 0.37451634
v 0.04606652 0.12029367 0.33032002
v 0.18194647 0.16235688 0.32488707
v -0.19291386 0.11919564 0.30913853
v -0.21161378 0.12592850 0.31418408
v -0.23485317 0.12167599 0.30057596
v -0.25043884 0.14868839 0.26164331
v -0.09723566 0.17855260 0.23053727
v -0.21765528 0.16252326 0.22078506
v -0.06539617 0.16742447 0.21250266
v 0.28153139 0.10868020 0.23433193
v 0.18485990 0.13868868 0.21160711
v -0.27559431 0.17816358 0.21638008
v -0.31210471 0.16492957 0.16240470
v 0.28935275 0.14657105 0.18234884
v -0.13692687 0.12956123 0.13234645
v -0.29423220 0.15590196 0.01799307
v -0.10306262 0.15538937 0.01988335
v -0.03525027 0.15063031 0.01461024
v -0.23808480 0.17270023 0.01084348
v -0.28434364 0.17152490 0.05129661
v -0.28262236 0.16613963 0.00754034
v -0.05563336 0.15278459 -0.00570679
v -0.34353136 0.15057978 -0.04298071
v -0.11091844 0.14825817 -0.02248881
v -0.16613002 0.14021838 -0.11632376
v -0.21631632 0.15662206 -0.12086302
v 0.25671477 0.16013424 -0.11111131
v -0.35650672 0.13457364 -0.16348255
v 0.26022682 0.12765133 -0.18618759
v -0.20588348 0.15998302 -0.15116433
v 0.21257063 0.14007323 -0.25923092
v 0.08029161 0.17312242 -0.33260126
v -0.17145749 0.17172126 -0.24028125
v 0.00944940 0.13538418 -0.32724947
v -0.31514489 0.15559469 -0.29703946
v 0.05452575 0.14497127 -0.34145765
v 0.01798369 0.12918336 -0.34143192
v -0.16442979 0.20513379 -0.28189595
v -0.15980803 0.18846366 -0.29990670
v 0.12313797 0.14750454 -0.32522565
v -0.35673905 0.20742589 -0.35007334
v -0.03319034 0.12675198 -0.37366683
v -0.35656262 0.19453078 -0.37588504
v 0.11317449 0.16584913 -0.31206469
v -0.36384245 0.14873996 -0.40737828
v -0.35598803 0.17221152 -0.42053965
v 0.12064222 0.18630788 -0.44294105
v -0.23603009 0.12911163 -0.45663894
v -0.30960179 0.13808390 -0.50084411
v 0.06589288 0.15300339 -0.52390493
v 0.00204484 0.12433148 -0.48796378
v -0.04850807 0.14014069 -0.45963740
v -0.00400169 0.14610751 -0.49238615
v -0.17044902 0.13647143 -0.54514075
v 0.02014100 0.13536386 -0.55009030
v -0.07685144 0.07693402 -0.55645922
v 0.15181293 0.16359600 0.55852791
v -0.02827067 0.11714812 0.52185936
v -0.10587932 0.17679960 0.46817725
v 0.17734763 0.18166775 0.46031417
v 0.26992740 0.17509928 0.37955827
v 0.08598758 0.13939207 0.34433610
v 0.21448140 0.16496184 0.35154414
v -0.16745171 0.13540646 0.32764925
v -0.19658318 0.15467989 0.34130892
v 0.28479279 0.17511270 0.32600091
v -0.04563249 0.17260132 0.27983869
v -0.06156373 0.16774825 0.29611036
v -0.21718684 0.16560098 0.31972389
v 0.07117008 0.15487670 0.32690225
v -0.19344892 0.18147483 0.25714581
v -0.02131189 0.18002622 0.22189297
v -0.16465929 0.21314332 0.28535091
v -0.23085145 0.17097369 0.25839019
v -0.15666381 0.19519414 0.22446889
v 0.20995536 0.17454413 0.21137160
v 0.18902697 0.17398757 0.21734586
v -0.13439105 0.19884024 0.18586697
v -0.08531753 0.19440924 0.19000985
v -0.19244756 0.19646735 0.16445849
v -0.26157393 0.18833570 0.19519830
v 0.27879312 0.20008252 0.11571339
v -0.17521454 0.14095782 0.12869875
v -0.19121010 0.13348507 0.10472255
v -0.03779417 0.14958460 0.03049023
v -0.32360009 0.16134359 -0.02787964
v -0.10030967 0.19007449 -0.09134291
v -0.11778043 0.17864500 -0.06811614
v 0.28004274 0.15716040 -0.08316301
v -0.25120842 0.16091298 -0.12632633
v -0.15728749 0.13183344 -0.12265190
v -0.34281791 0.16993900 -0.15718248
v -0.31355411 0.17276794 -0.19938836
v -0.19477718 0.17813758 -0.17400264
v -0.26732834 0.18081435 -0.24396246
v -0.14436113 0.14342644 -0.22344490
v -0.33730561 0.17914453 -0.25645466
v 0.10739458 0.18229285 -0.30277104
v -0.26088933 0.20787402 -0.27189041
v 0.04612378 0.19714375 -0.33458842
v -0.14006862 0.16518635 -0.28646482
v -0.25983034 0.13019381 -0.31804499
v 0.02175906 0.15685451 -0.33841651
v 0.07305377 0.16658637 -0.34489265
v -0.06764306 0.14958329 -0.34843842
v 0.00292782 0.11703414 -0.35154523
v 0.16233696 0.19310197 -0.40088875
v 0.11723571 0.22160720 -0.39334149
v 0.10263638 0.17800226 -0.45278769
v 0.09095020 0.17078541 -0.48938797
v -0.27576668 0.14052590 -0.50811584
v -0.18737022 0.16595118 -0.47448573
v -0.08872103 0.08644152 -0.51356006
v -0.01003632 0.14296574 -0.47360926
v -0.06232868 0.09068421 -0.53139832
v 0.02477966 0.16337009 -0.59391563
v -0.03580385 0.12257590 -0.57457447
v -0.04746150 0.19218083 -0.60653486
v 0.07581715 0.15982499 0.54830624
v 0.21653230 0.15833916 0.55457585
v 0.26448654 0.19797476 0.52958590
v 0.16597824 0.15098742 0.51046812
v 0.28019800 0.15684234 0.48558666
v 0.00072306 0.19070720 0.51227032
v -0.16425514 0.14727173 0.38608618
v -0.19582857 0.18910236 0.35531561
v 0.05606254 0.14595719 0.37552474
v -0.08274646 0.18826335 0.34606774
v -0.20818187 0.19748297 0.30522765
v -0.10338905 0.20323639 0.28648568
v -0.06514548 0.18690856 0.23758742
v -0.16976838 0.19561283 0.19577528
v 0.28489724 0.15527375 0.21006897
v -0.03444969 0.17085016 0.18819463
v 0.26260744 0.15484884 0.12747878
v -0.14962577 0.16821112 0.13702581
v -0.18336110 0.16488071 0.04102962
v -0.20720564 0.17549844 0.01427085
v -0.14685853 0.16490372 -0.03633956
v 0.28893361 0.18559603 -0.06977392
v -0.34163456 0.14739056 -0.07354780
v -0.29772176 0.16044991 -0.11123557
v -0.15994141 0.14971882 -0.14950689
v -0.34521031 0.17259520 -0.13099476
v -0.28387589 0.17402314 -0.21206759
v -0.12530354 0.17116340 -0.22363869
v -0.26737629 0.18234455 -0.22823419
v -0.18056322 0.17604687 -0.20793880
v 0.12614479 0.14235588 -0.25231743
v 0.10418345 0.17151347 -0.26276234
v 0.03530101 0.20275729 -0.27077330
v 0.26631530 0.17158033 -0.26377999
v 0.17406352 0.16485207 -0.28360682
v 0.08434437 0.19980806 -0.29183866
v 0.05536213 0.21543001 -0.31269442
v -0.33704839 0.16715109 -0.27669128
v -0.31172276 0.20278536 -0.31737104
v -0.27856992 0.23119549 -0.29727419
v -0.30600973 0.18463646 -0.32046389
v -0.00620410 0.16057021 -0.31232235
v 0.00842656 0.16426074 -0.32862225
v 0.00122178 0.12451313 -0.32891116
v -0.28813969 0.14939367 -0.33431687
v 0.01265661 0.13441876 -0.33380530
v -0.36758811 0.17551167 -0.31301871
v 0.11569132 0.18765099 -0.32308812
v 0.18268269 0.18471630 -0.34738327
v -0.30553799 0.19665752 -0.39018551
v 0.14706488 0.21288522 -0.35513523
v -0.06340510 0.15744394 -0.43006256
v -0.19948160 0.15222262 -0.41860293
v 0.10217844 0.20573411 -0.38782687
v 0.04865144 0.15987535 -0.35546796
v -0.06556232 0.14423940 -0.42118165
v -0.06164864 0.16988585 -0.42955681
v -0.34545454 0.20669968 -0.42365017
v -0.23265591 0.14564993 -0.48950313
v -0.00673714 0.17230135 -0.48712040
v 0.06256737 0.17609194 -0.51191363
v -0.03745659 0.17365062 -0.45786048
v 0.03714468 0.19042930 -0.48913141
v 0.02296793 0.13387453 -0.50679873
v 0.00240215 0.19030709 -0.50333472
v -0.11137241 0.16369428 -0.58622571
v -0.09215402 0.18067922 -0.59759345
v -0.01848535 0.17803035 -0.59221250
v 0.08827197 0.20853616 0.51644800
v 0.18109207 0.16573129 0.45448873
v 0.02159915 0.19755294 0.48838474
v -0.06796191 0.17778177 0.48968875
v -0.05482275 0.19522610 0.48767557
v 0.27877668 0.17519529 0.42749671
v -0.08178619 0.19295981 0.46268441
v -0.15808043 0.19468028 0.41400120
v -0.12998646 0.21715342 0.39382028
v 0.06461109 0.17823324 0.38008430
v -0.16980973 0.21209185 0.36717469
v -0.14409193 0.21494169 0.34587594
v -0.04553006 0.18491348 0.25942164
v -0.11924286 0.19989803 0.25240205
v 0.26345604 0.16759342 0.25192846
v 0.21898390 0.17242642 0.24309304
v 0.19514893 0.18969054 0.19729458
v 0.29167416 0.18344198 0.16690094
v -0.20254585 0.15794310 0.12140470
v -0.17864296 0.16874622 0.04580350
v -0.12643434 0.18214193 -0.01928388
v -0.06559803 0.16743888 -0.03037238
v -0.21623033 0.17465930 -0.11159919
v -0.25097774 0.17248709 -0.03962046
v -0.30826441 0.19036255 -0.05293423
v -0.30392678 0.19667618 -0.11293627
v -0.24733861 0.20074372 -0.12425030
v 0.27248789 0.18399068 -0.14221321
v -0.14387634 0.18784882 -0.11204727
v 0.04253202 0.18651278 -0.26195247
v 0.28039215 0.18208701 -0.29318234
v -0.13782942 0.18737232 -0.28617629
v -0.23828293 0.20700800 -0.32255301
v -0.31360254 0.21471560 -0.27067529
v -0.30288392 0.21931179 -0.30942046
v -0.00179212 0.19873611 -0.29793942
v -0.25442789 0.22014370 -0.34928262
v -0.30915111 0.20934572 -0.32267723
v 0.10079046 0.18608486 -0.34271026
v -0.06147175 0.16745814 -0.42778465
v -0.18902577 0.16340144 -0.42867540
v 0.06651486 0.16969776 -0.34264809
v 0.06978471 0.19190368 -0.48209391
v -0.04604196 0.19352976 -0.43951745
v -0.03972116 0.21065775 -0.46444406
v 0.03409202 0.18957851 -0.57083267
v -0.00191050 0.21256727 -0.55129302
v -0.02554757 0.21750816 -0.58224604
v -0.00310942 0.20407504 -0.58963483
v 0.01426957 0.18063564 -0.60373153
v 0.10131467 0.20063175 0.54655579
v 0.17196847 0.21395882 0.53611530
v -0.03784213 0.16903111 0.51211431
v -0.05710626 0.19867025 0.39835601
v 0.03382849 0.17469786 0.43260901
v -0.13232357 0.21177823 0.41508059
v -0.05818316 0.19103833 0.33111521
v 0.24202532 0.17700858 0.33803735
v -0.14494744 0.21848527 0.29986116
v -0.17884868 0.22192532 0.34243033
v 0.19492308 0.21803899 0.29464643
v 0.18685488 0.18390207 0.31588691
v 0.06901123 0.17996830 0.31390775
v 0.27848716 0.25069128 0.19734595
v -0.04658958 0.19295561 0.17385670
v 0.28768575 0.19086951 0.09749166
v -0.21321418 0.15324990 0.06854375
v -0.08772826 0.17830206 -0.02459276
v -0.13443486 0.18724103 -0.03621665
v -0.07492268 0.18794670 -0.06204292
v -0.21931357 0.19505758 -0.12095573
v -0.33044748 0.18589913 -0.07195713
v 0.28365598 0.19661244 -0.12293366
v -0.31447092 0.17021790 -0.11036419
v -0.32361554 0.19411499 -0.12232659
v -0.30617865 0.19124725 -0.19407300
v 0.26402366 0.20184390 -0.23116281
v -0.26937487 0.21180423 -0.26492106
v 0.05141842 0.18992282 -0.25322929
v 0.10028648 0.20220537 -0.25884615
v 0.17207078 0.19772672 -0.26387950
v 0.25223949 0.17316170 -0.27481835
v 0.18941006 0.19784247 -0.29273813
v 0.03039468 0.22622797 -0.30042189
v 0.01745882 0.16342746 -0.34140190
v 0.02949595 0.17669521 -0.33771379
v -0.29973650 0.22860247 -0.35560003
v 0.03892883 0.20345337 -0.33041879
v 0.11081597 0.20508448 -0.36080493
v 0.11913572 0.23752461 -0.38634023
v -0.05658365 0.17852412 -0.43150622
v -0.05717794 0.17660992 -0.43070170
v -0.27100791 0.19731553 -0.38506448
v 0.12796314 0.20861517 -0.42058260
v -0.03261834 0.17943212 -0.45458860
v -0.19448743 0.18563617 -0.43929891
v -0.35083406 0.14445866 -0.46044266
v -0.10317173 0.23994389 -0.49664761
v -0.04180022 0.23726786 -0.50344090
v -0.07491548 0.22951678 -0.52887188
v -0.06903923 0.23626476 -0.56102976
v 0.14613164 0.21546494 0.55631022
v 0.22561176 0.20465720 0.53341461
v 0.08560267 0.21181022 0.46752313
v -0.02914798 0.24153459 0.49874177
v 0.24898503 0.21596354 0.35841743
v 0.08653190 0.18741100 0.34424575
v 0.24465359 0.20507825 0.22758705
v -0.00931615 0.19582454 0.22224304
v 0.26039726 0.20016995 0.21882866
v -0.03298903 0.18907830 0.19560859
v -0.04155930 0.17696413 0.01794802
v 0.28041407 0.23966238 0.04626845
v -0.05121867 0.18313500 0.00016063
v -0.23802861 0.18882862 -0.02362833
v -0.16801479 0.18302438 -0.08631224
v -0.07463759 0.24974171 -0.05668479
v -0.17764414 0.18069955 -0.06640211
v -0.15005904 0.18408029 -0.18969430
v -0.13624379 0.22168055 -0.22340206
v -0.23521250 0.20805154 -0.14336275
v 0.27498891 0.19761834 -0.18037177
v -0.21487393 0.24706994 -0.16058513
v 0.01766279 0.21524302 -0.29524836
v -0.17616579 0.21408581 -0.24059510
v 0.20422065 0.21056957 -0.30336155
v 0.05649287 0.20502767 -0.33683505
v 0.12297498 0.23777028 -0.35437300
v 0.12015902 0.24173707 -0.42997864
v -0.05191038 0.18743799 -0.43429506
v -0.05318815 0.18511398 -0.43353574
v -0.18499818 0.19179576 -0.43898131
v 0.05981714 0.22043151 -0.47287408
v -0.18941487 0.19920473 -0.45154278
v -0.28820645 0.21557329 -0.50360901
v -0.21412498 0.19196633 -0.51283732
v -0.09071245 0.25289491 -0.53652155
v 0.28103770 0.18971614 0.50908059
v 0.17659689 0.20867574 0.48565147
v 0.19520584 0.21184719 0.44788556
v -0.07110812 0.22691257 0.46014876
v 0.27872005 0.22432834 0.40874911
v 0.18163826 0.22123956 0.44899415
v -0.05945377 0.21271880 0.38221161
v 0.05617622 0.22151661 0.40669472
v 0.21338144 0.21564622 0.33475893
v 0.04161935 0.22459827 0.32763669
v -0.05242423 0.18579039 0.29221706
v 0.08696468 0.18225743 0.30951561
v -0.05020780 0.20580646 0.25391959
v 0.28841869 0.21007634 0.28909087
v 0.04063894 0.23091753 0.29879851
v -0.05957065 0.19533704 0.16481073
v 0.27955023 0.18031472 0.14783845
v -0.19934968 0.18902591 0.03957505
v -0.21113190 0.19181256 0.00736465
v -0.06571952 0.18961387 -0.02523937
v -0.12178679 0.18642649 -0.06860728
v -0.19743230 0.18450903 -0.10471391
v -0.17884203 0.20707062 -0.12629621
v 0.26784740 0.22934672 -0.13248456
v -0.14747365 0.22622827 -0.16635677
v -0.27576628 0.19654092 -0.12943803
v -0.32869112 0.22265893 -0.18372170
v -0.19591948 0.22523039 -0.21904405
v 0.25229844 0.21204044 -0.23854387
v 0.19780429 0.21667091 -0.25740900
v 0.15239923 0.22707870 -0.27298247
v 0.02988471 0.23069746 -0.28375193
v -0.00972411 0.23113097 -0.28882618
v -0.19386371 0.23593860 -0.24207064
v 0.24854886 0.22059810 -0.27994370
v 0.23693895 0.20447258 -0.29100223
v -0.15112766 0.22235127 -0.28505002
v 0.01308747 0.20263271 -0.31449991
v -0.23102700 0.20487402 -0.35937016
v 0.03645876 0.22607558 -0.30218858
v 0.13397290 0.20006564 -0.33374788
v 0.10899895 0.19513923 -0.33236075
v 0.09834744 0.20182363 -0.31751729
v 0.06588253 0.23039281 -0.31372240
v 0.06239385 0.24912181 -0.44526619
v -0.09664718 0.22021945 -0.58694047
v 0.11065987 0.22456932 0.54944805
v 0.25228012 0.24988209 0.54914679
v 0.27717602 0.28852443 0.51425257
v 0.20266954 0.21560728 0.49694195
v 0.00488681 0.25663421 0.47964773
v 0.10869358 0.22349011 0.41047839
v -0.06167705 0.20566253 0.33539880
v -0.09208802 0.20647846 0.28809733
v 0.22966495 0.20949024 0.32415271
v 0.27736364 0.23190471 0.24513219
v 0.18053059 0.19941479 0.21240140
v -0.02729597 0.21375096 0.23115811
v -0.10283311 0.18553869 0.15908019
v 0.26891067 0.18662779 0.12253604
v 0.23653921 0.23590737 0.13084836
v -0.18956540 0.20263525 0.12670894
v -0.25720708 0.19263491 0.13910382
v -0.29663278 0.20334664 0.14083336
v -0.31414616 0.19109446 0.05813264
v -0.26279373 0.17476319 0.09679604
v -0.24654447 0.18723974 0.05052184
v -0.32264059 0.20019310 0.02476254
v -0.31131439 0.19195385 -0.02052432
v -0.05505189 0.23794915 -0.03562927
v -0.26889652 0.19127979 -0.02781416
v -0.04787000 0.24274499 -0.02341272
v -0.31641858 0.20540323 -0.05203147
v -0.14144740 0.21305805 -0.11162812
v -0.30357055 0.23935294 -0.10593365
v -0.16083541 0.24252176 -0.12641892
v -0.24681788 0.22673605 -0.12163601
v 0.28338245 0.23042539 -0.09995192
v -0.10540662 0.21627819 -0.08528162
v -0.16052652 0.20472597 -0.13127025
v 0.26129149 0.22389232 -0.14052582
v 0.28065202 0.24723165 -0.15075839
v 0.26047151 0.22616943 -0.21233942
v -0.29622606 0.24169086 -0.23963633
v -0.11486352 0.21875039 -0.25529944
v -0.00161826 0.24811479 -0.28844158
v -0.04089498 0.25194185 -0.28489093
v -0.10603806 0.22549793 -0.27191070
v -0.17983636 0.22460754 -0.27055680
v -0.00472396 0.23386395 -0.29283793
v -0.12084837 0.26852923 -0.29532463
v -0.24058753 0.21244594 -0.34834152
v 0.12519772 0.21628303 -0.32178072
v 0.10983204 0.25596526 -0.34172635
v -0.24323960 0.21990543 -0.37090884
v 0.07192854 0.27007651 -0.41205843
v -0.04618726 0.19541237 -0.43624881
v -0.32422189 0.16987662 -0.48806968
v 0.06694107 0.22271067 -0.50566035
v 0.00532943 0.20318817 -0.51252023
v -0.04043237 0.22422881 -0.48028797
v 0.03766633 0.21860437 -0.52965345
v -0.20800556 0.19132534 -0.49911168
v -0.25431245 0.19562967 -0.52217202
v -0.09535979 0.26154577 -0.53023070
v -0.20106559 0.23410015 -0.55223887
v 0.20834516 0.24853484 0.54472623
v 0.15660573 0.25763595 0.49310748
v 0.20534862 0.21215517 0.49836012
v -0.05690539 0.24353839 0.47969638
v 0.06669338 0.22772545 0.35227366
v 0.19031532 0.24158027 0.31349550
v 0.06769652 0.21013999 0.29794799
v -0.07004596 0.20049309 0.23127479
v -0.08224284 0.19836296 0.20476625
v 0.18699252 0.21457134 0.18582461
v 0.17564900 0.25694934 0.18849403
v -0.07142356 0.21331847 0.16213593
v -0.30966626 0.22044098 0.13148610
v -0.32855370 0.22752639 0.04304127
v -0.02053920 0.23415759 0.02798583
v -0.04724989 0.25005637 -0.01613777
v -0.31939684 0.21781629 -0.08153251
v -0.08773478 0.23108094 -0.07260456
v -0.24545091 0.26128866 -0.09102241
v -0.19386612 0.25418381 -0.12096554
v 0.26923447 0.26028965 -0.11135376
v 0.26487761 0.22651814 -0.12288453
v -0.13063982 0.25254503 -0.14388690
v -0.17661084 0.28389627 -0.21141654
v -0.06448977 0.25462056 -0.28015332
v 0.09985450 0.27939191 -0.31747678
v -0.24986552 0.22054117 -0.31273204
v -0.05807618 0.28554452 -0.31415797
v 0.04997466 0.28674004 -0.36950508
v -0.31282106 0.23731684 -0.39407946
v -0.03624883 0.21398738 -0.48804535
v -0.27493246 0.26210894 -0.51052634
v -0.20136906 0.22090883 -0.48895862
v -0.21805748 0.21039692 -0.51440015
v -0.21075281 0.24399097 -0.51450432
v -0.09271676 0.24598076 -0.56485389
v -0.13685870 0.26207756 -0.57402285
v 0.28371627 0.26423449 0.47595433
v 0.02256716 0.25321962 0.45354819
v 0.26480388 0.24837932 0.38934056
v 0.08803831 0.24271612 0.40106559
v -0.06972729 0.21335256 0.43260979
v 0.23070485 0.25913410 0.35806900
v 0.05534408 0.26244334 0.37746313
v -0.10798208 0.22025816 0.34443986
v 0.27722915 0.25855184 0.31953218
v 0.26240835 0.21687595 0.32788664
v 0.06121524 0.25555199 0.29048973
v -0.12660774 0.23928327 0.27945041
v -0.22550243 0.21349254 0.27327691
v -0.16292559 0.21473688 0.25034626
v -0.25037871 0.21980483 0.26327885
v 0.20713405 0.27354435 0.21075603
v -0.24068432 0.20197730 0.22855748
v -0.27821539 0.22218888 0.21572782
v -0.16919787 0.21570947 0.22007152
v -0.10151091 0.22251568 0.17655034
v -0.15121383 0.21959951 0.20203527
v 0.25512281 0.24346900 0.21032827
v -0.13550268 0.21256566 0.16726971
v -0.18978692 0.21336372 0.16411412
v -0.22232307 0.21665707 0.14278021
v 0.28572930 0.24099277 0.15826671
v -0.32516716 0.24055016 -0.00395700
v -0.01346022 0.25200916 0.02723400
v -0.03919811 0.26448584 0.00521235
v -0.08412803 0.27225520 -0.00050953
v -0.11025054 0.26296859 0.01607788
v -0.08609682 0.27249726 -0.03888739
v -0.02971328 0.23501085 0.01584195
v -0.03803330 0.26238317 0.00325887
v -0.07666460 0.25141115 -0.05519888
v -0.33374618 0.26161157 -0.06454335
v -0.24721428 0.26674625 -0.09029145
v -0.13385708 0.23529619 -0.10725380
v -0.10115860 0.25073575 -0.08142710
v -0.11190701 0.25107691 -0.09542213
v -0.12421624 0.25128615 -0.23622892
v 0.27323207 0.26610979 -0.16772796
v -0.27996222 0.27128899 -0.13968069
v -0.29532486 0.30134747 -0.21288075
v 0.27586626 0.27389276 -0.25573755
v 0.19869601 0.24445227 -0.25869278
v 0.21663432 0.25561519 -0.26821204
v 0.05566867 0.27387823 -0.30654367
v -0.30832741 0.25540925 -0.26001948
v -0.25396888 0.22320853 -0.28867741
v -0.14554793 0.26524444 -0.30682333
v -0.27257518 0.22341498 -0.35775500
v 0.02924342 0.26908728 -0.34023697
v -0.01901282 0.28300295 -0.35297705
v 0.05330712 0.29536498 -0.39739776
v -0.01906221 0.24197515 -0.51865946
v -0.10910174 0.26191712 -0.49010807
v -0.29517548 0.32500334 -0.45734811
v -0.06723908 0.23906484 -0.50499978
v 0.04579927 0.24829095 -0.55311641
v -0.22224232 0.22693248 -0.52150779
v 0.19403290 0.23157156 0.45440950
v -0.03208126 0.29109999 0.45604637
v -0.13321521 0.25875489 0.42072424
v -0.01479151 0.28814979 0.42026621
v -0.15132706 0.24322017 0.38593780
v -0.08541041 0.23557416 0.26721567
v -0.22427623 0.25314184 0.30018560
v 0.24123763 0.27187102 0.21352360
v -0.07282910 0.22302717 0.24904558
v -0.24035579 0.26749198 0.25392838
v -0.25556514 0.27262369 0.23730742
v -0.29144764 0.24043116 0.20278246
v -0.27483561 0.21674753 0.17640600
v 0.26857550 0.27030581 0.19834374
v -0.23497868 0.27393379 0.06540225
v -0.29295842 0.29160228 0.06840139
v -0.23990707 0.26729593 0.04711740
v -0.31204715 0.27344622 0.05526593
v -0.27654878 0.27871372 0.04299886
v -0.31651444 0.27209197 0.01630224
v -0.12771913 0.28205547 -0.03627957
v -0.33249806 0.22986567 -0.03221732
v -0.15825790 0.28636470 -0.05215543
v -0.32363573 0.26086684 -0.06839226
v -0.13499196 0.28607986 -0.08204133
v -0.29254292 0.28060747 -0.07705244
v -0.14732741 0.28809898 -0.10002224
v -0.17612127 0.28983343 -0.11681087
v -0.10051050 0.26778833 -0.09942424
v 0.27823054 0.27708190 -0.17512611
v -0.32479547 0.27022054 -0.17314105
v -0.09563158 0.28697295 -0.24930172
v -0.19842750 0.30741149 -0.20085272
v -0.07011010 0.30758154 -0.28211860
v -0.30471876 0.23429840 -0.33678301
v -0.15826406 0.26441276 -0.27207640
v -0.09367555 0.29318439 -0.32122334
v -0.03786898 0.28701225 -0.33851528
v -0.30504420 0.24032969 -0.37405179
v -0.33295124 0.26692650 -0.42477444
v -0.03742002 0.22184260 -0.45915619
v -0.03423868 0.24322685 -0.49704654
v -0.11007784 0.30424847 -0.53708529
v -0.12527898 0.31162186 -0.54859038
v 0.18062379 0.25260596 0.51843210
v 0.12888026 0.28186416 0.53148340
v 0.10292384 0.24542695 0.42919163
v 0.16506683 0.25911146 0.48732677
v -0.09137392 0.28869323 0.44148440
v -0.09345695 0.27027294 0.45032896
v 0.07928641 0.26214742 0.38482791
v 0.20593936 0.29678910 0.35043311
v -0.02492920 0.28056227 0.38948673
v 0.04285288 0.26956631 0.39744331
v 0.02049949 0.28135399 0.39983224
v -0.18355095 0.28793891 0.36231753
v -0.16609111 0.24884225 0.34104528
v -0.13753513 0.25093005 0.30762993
v -0.03879706 0.25064868 0.25088956
v -0.20423862 0.26176270 0.31052547
v 0.26461326 0.27016044 0.23629743
v -0.23069261 0.28192340 0.27546115
v -0.09253624 0.26821822 0.26214979
v -0.04015025 0.26440996 0.22625192
v -0.30062574 0.29480704 0.16887293
v 0.20070026 0.26820804 0.18897629
v -0.03148045 0.27460016 0.03900980
v -0.11193892 0.27337616 0.02278324
v -0.12331263 0.27660745 -0.00503498
v -0.22829454 0.26980756 0.02124403
v -0.29542156 0.28582280 0.02118573
v -0.28430211 0.31709512 -0.06640009
v 0.23112454 0.28011449 -0.13377356
v 0.23103467 0.26558960 -0.15392876
v -0.13876007 0.31019417 -0.16497111
v 0.24982870 0.24670782 -0.24505277
v 0.18891494 0.26781176 -0.28885993
v 0.13841434 0.30914567 -0.32808726
v -0.16768481 0.29571350 -0.22891120
v -0.33069443 0.27765617 -0.28926074
v -0.32402690 0.27067594 -0.31287940
v -0.07655421 0.28829452 -0.31502575
v -0.22494647 0.30043732 -0.37866739
v -0.26253666 0.31334786 -0.33948789
v -0.32807867 0.27249199 -0.37820817
v 0.00449734 0.31765339 -0.37706452
v -0.32700426 0.27426710 -0.44314072
v -0.03666156 0.24120291 -0.46992638
v -0.00308356 0.25086367 -0.54777216
v 0.04874437 0.29243225 -0.51090153
v -0.05639861 0.23944569 -0.51456315
v -0.24893841 0.27898275 -0.53035067
v -0.18470064 0.26672888 -0.56722191
v 0.25452337 0.31053956 0.52583198
v 0.19884694 0.29169467 0.53602863
v 0.08252320 0.27381263 0.53513794
v 0.17838543 0.28638209 0.52930338
v 0.15340075 0.27772930 0.50777127
v 0.06905975 0.24276183 0.48379013
v 0.27929348 0.29957286 0.36250864
v 0.25038906 0.26442249 0.36337339
v -0.13914055 0.30738925 0.37760123
v 0.04773309 0.32939962 0.36712145
v 0.07275400 0.28729435 0.32499340
v 0.25478161 0.27953486 0.33464706
v 0.23158153 0.26490195 0.33720227
v 0.19077125 0.27887011 0.32922856
v 0.26992113 0.30366201 0.31854370
v -0.20986686 0.28023320 0.23851096
v -0.14961683 0.29147955 0.16198212
v -0.26037757 0.25246268 0.25445544
v -0.30824816 0.30693620 0.10723898
v -0.28225179 0.33142931 0.09584145
v -0.25366511 0.30139715 0.07055455
v -0.03408647 0.28562920 0.04899855
v 0.27705385 0.30749813 -0.01709689
v -0.22521974 0.31837921 -0.02259233
v -0.29482415 0.31541235 -0.03807998
v -0.19074265 0.32156089 -0.06143924
v -0.22564379 0.30777871 -0.10167412
v -0.08793874 0.28407350 -0.08885383
v 0.27207206 0.30174778 -0.17519125
v -0.27480271 0.31795461 -0.18673068
v -0.28334595 0.32509799 -0.21370259
v -0.33415736 0.28556585 -0.29194845
v 0.11992837 0.27643868 -0.31371917
v -0.30912774 0.29848645 -0.32270677
v -0.15223042 0.30540686 -0.32746692
v -0.31521979 0.28533350 -0.34433357
v -0.29011400 0.30798012 -0.33834264
v -0.21030446 0.30739957 -0.39464125
v -0.32412567 0.30648206 -0.39073531
v -0.02451530 0.31406643 -0.36508259
v -0.23762769 0.33676302 -0.37877303
v -0.11051967 0.29021605 -0.45857111
v 0.06470731 0.29760225 -0.45243021
v -0.10334132 0.29966614 -0.48772274
v 0.16245368 0.34084157 0.51995590
v 0.14225266 0.30461016 0.52105796
v 0.07155413 0.26709782 0.43153788
v -0.03006826 0.28901668 0.37639906
v -0.12269700 0.28750593 0.29532161
v 0.06697566 0.30187353 0.27921424
v 0.04894251 0.26473652 0.29127615
v -0.02565328 0.26164039 0.23324783
v 0.27990626 0.29939376 0.28771868
v -0.28813122 0.33505001 0.13800138
v -0.26613486 0.32491491 0.16201054
v 0.28294509 0.31255591 0.14958384
v -0.21354641 0.33026448 0.10844182
v -0.23063616 0.28450545 0.02278105
v -0.02955507 0.30741503 0.04271950
v -0.20863405 0.31300927 -0.00165335
v -0.13532125 0.28741394 -0.04092041
v -0.05394952 0.31280879 0.01681353
v -0.23534739 0.32713920 -0.07248530
v 0.27774122 0.31585482 -0.07195242
v 0.24619258 0.28296369 -0.13661761
v -0.13669226 0.26844042 -0.13527077
v -0.10029184 0.30748303 -0.21444328
v -0.24134906 0.32042208 -0.19348398
v -0.00562516 0.29919460 -0.30400290
v 0.25569527 0.27881553 -0.28626510
v -0.17344551 0.31889853 -0.24425112
v -0.31231096 0.33441839 -0.30256950
v -0.15902184 0.31650076 -0.27319383
v -0.28202958 0.33353863 -0.32331552
v -0.26598858 0.32939796 -0.33611631
v -0.23883978 0.30809275 -0.34252940
v -0.16308802 0.30391190 -0.31229785
v -0.04044623 0.31828263 -0.34006969
v -0.17868515 0.33426462 -0.42023171
v -0.26374527 0.31930304 -0.35033549
v 0.03652905 0.35319614 -0.42863287
v -0.11767669 0.30648819 -0.46030179
v -0.02258752 0.24745463 -0.54296852
v -0.10420747 0.26392236 -0.49884229
v -0.27384951 0.30107281 -0.46872721
v 0.01040311 0.26695705 -0.55541927
v -0.04743708 0.26164401 -0.54960095
v -0.19909812 0.26662476 -0.52484851
v -0.00180631 0.30356239 -0.55743840
v -0.22158869 0.27397727 -0.53702565
v 0.20956600 0.32000571 0.48747642
v 0.19041930 0.31670524 0.44091105
v 0.27736556 0.31637409 0.41145719
v 0.07360751 0.29945683 0.38044149
v 0.18986437 0.30912257 0.33402684
v -0.16154233 0.31736108 0.36687955
v -0.07416476 0.27413251 0.27678019
v 0.21796653 0.30870588 0.32012126
v 0.05833216 0.31602444 0.29703434
v -0.20571032 0.31351194 0.30370386
v -0.07176638 0.30754559 0.21551913
v -0.19649177 0.29071626 0.23688699
v -0.14655007 0.29604023 0.18029598
v 0.24162894 0.29990468 0.18814684
v 0.17431896 0.31758852 0.16713681
v 0.27636914 0.32817542 0.14185335
v 0.27216355 0.31116270 0.07901154
v 0.27774129 0.27566512 -0.09688111
v -0.14637828 0.30088982 -0.11766767
v -0.15027921 0.29811908 -0.14312572
v -0.08275613 0.32808509 -0.24876452
v 0.27862174 0.30687677 -0.25008536
v -0.04116422 0.32549619 -0.29299249
v -0.00648354 0.31063992 -0.30610317
v 0.01327259 0.29993751 -0.31867774
v 0.06426499 0.28476321 -0.32454034
v -0.30639241 0.34135669 -0.24613565
v -0.29371136 0.36427307 -0.26089030
v -0.30988156 0.34611099 -0.27013739
v 0.11247810 0.32098231 -0.30785562
v -0.21760466 0.33461016 -0.39200854
v 0.05131969 0.33423416 -0.47498472
v -0.10246744 0.29641770 -0.48439984
v -0.20289703 0.34417316 -0.40180910
v -0.07840681 0.29999225 -0.53514151
v -0.04132709 0.29588356 -0.55679376
v -0.26954187 0.31155856 -0.50716322
v 0.02509342 0.31396196 -0.52856739
v -0.15667727 0.30144790 -0.55101606
v 0.09592224 0.31130192 0.52540930
v 0.05559160 0.26423642 0.50331441
v 0.06329291 0.30769284 0.51119587
v 0.27934627 0.35693799 0.45949118
v 0.17124738 0.35596469 0.49478865
v 0.16249065 0.33416927 0.42172895
v 0.02872172 0.30452824 0.39291735
v -0.00779595 0.28973480 0.39223844
v -0.18510291 0.29778513 0.32683425
v 0.05374178 0.33188585 0.32645956
v 0.18988922 0.31319584 0.31859420
v -0.07534489 0.29377202 0.24190291
v -0.22554661 0.32824836 0.28601273
v 0.19285062 0.33603225 0.27169444
v 0.26759024 0.29851669 0.20699893
v 0.17804681 0.29172996 0.18754080
v -0.14468987 0.32607299 0.25505509
v -0.15063032 0.31252281 0.15338867
v -0.12972407 0.31307265 0.13131996
v 0.19447195 0.31841361 0.15836412
v 0.26849890 0.33204617 0.15513424
v -0.23720581 0.34022185 0.09351847
v -0.16698534 0.32096288 0.12412151
v -0.21807327 0.34382329 0.09352527
v -0.25088276 0.29462202 0.05416021
v -0.06205573 0.29135252 0.03667844
v -0.25855445 0.29557053 0.02147090
v -0.09309724 0.30681168 -0.02765996
v -0.06323183 0.29413205 -0.05232292
v -0.07298697 0.29371452 -0.06887055
v -0.11756551 0.31435806 -0.06290345
v 0.25042145 0.30421472 -0.14119903
v -0.08649564 0.31421287 -0.21791589
v 0.26695578 0.32407960 -0.18288244
v -0.07177654 0.34022426 -0.22564656
v 0.26019569 0.32491678 -0.22892944
v 0.27852243 0.33095524 -0.26693795
v 0.25071198 0.31325190 -0.30579087
v 0.15294673 0.34238751 -0.32420095
v -0.24891052 0.35538455 -0.24405928
v -0.24876304 0.37961312 -0.26706541
v -0.21427959 0.38216838 -0.28028175
v -0.30109819 0.35692745 -0.29939074
v -0.27690858 0.36995659 -0.27698156
v -0.28626554 0.35951225 -0.30837994
v -0.16879910 0.34533100 -0.31633180
v -0.24086269 0.33998933 -0.38012114
v -0.13263222 0.30291353 -0.33904043
v -0.27288434 0.36073774 -0.39140282
v -0.28794928 0.34206291 -0.44618101
v -0.26985509 0.35012579 -0.45002138
v -0.28708118 0.33490612 -0.47602107
v 0.04163520 0.36937213 -0.46817389
v 0.04401663 0.35674916 -0.47644745
v 0.02661592 0.34400456 -0.52889646
v -0.24672705 0.32298826 -0.53442182
v -0.01593931 0.33382175 -0.54848528
v 0.26692075 0.33269701 0.50672915
v 0.22368851 0.31944360 0.50335941
v 0.20514492 0.32818318 0.46981198
v 0.14989637 0.35849484 0.50167149
v 0.09891101 0.36250539 0.49269695
v 0.25610671 0.31585136 0.33904597
v -0.07868093 0.31109373 0.34957247
v -0.14550626 0.31899577 0.28625302
v 0.26115114 0.34596981 0.28972175
v 0.27782288 0.34172920 0.27635335
v -0.23116682 0.30870534 0.27529029
v 0.28194400 0.31900414 0.23346828
v -0.17757712 0.31114879 0.11880569
v -0.24743031 0.32938664 0.07077971
v -0.06044101 0.33242955 -0.00162155
v -0.16957194 0.31384516 -0.04922779
v -0.13083754 0.31605096 -0.06275359
v -0.12848439 0.31160149 -0.08597368
v -0.13239031 0.32480647 -0.09298424
v -0.04240001 0.32753318 -0.17137341
v 0.26173112 0.35238737 -0.25206544
v 0.13542253 0.34277876 -0.32480609
v 0.06717947 0.30227631 -0.34202274
v 0.09873400 0.30018635 -0.32644815
v -0.26355344 0.35864647 -0.35392212
v -0.17798488 0.38464061 -0.33005131
v -0.06791986 0.35468054 -0.33120243
v -0.17493247 0.36315632 -0.41492825
v -0.15844476 0.36110521 -0.41946061
v -0.08353360 0.34343062 -0.51504260
v -0.10201801 0.36243071 -0.50786166
v 0.03828819 0.36871763 -0.50059070
v -0.20043442 0.29648396 -0.55392588
v 0.22859594 0.35709375 0.49787378
v 0.06782331 0.37594850 0.48870315
v 0.03619423 0.34035829 0.48453624
v 0.03796641 0.31084535 0.43609153
v 0.26391537 0.34958636 0.41575961
v 0.08425586 0.33195818 0.36708621
v -0.03688893 0.34632508 0.44630052
v -0.02917352 0.30665225 0.40705393
v -0.02034568 0.35386072 0.43573844
v 0.28181611 0.32886686 0.36158372
v 0.07901556 0.33414156 0.33807591
v 0.03171746 0.35911882 0.34492968
v 0.04266476 0.35456356 0.30620218
v 0.18697022 0.33413343 0.29291357
v -0.21357045 0.35397660 0.27970192
v 0.23718616 0.36519300 0.26896674
v -0.25933780 0.33947497 0.20455419
v -0.14168825 0.35496084 0.25194607
v -0.21886143 0.30251916 0.23376435
v 0.23298673 0.32883587 0.17071209
v 0.20263140 0.33145871 0.18000917
v -0.20639675 0.32102665 0.16622794
v 0.17531275 0.33704672 0.16167675
v -0.11751224 0.34295193 0.13184133
v -0.14712942 0.31417189 0.14295420
v 0.22442916 0.35208841 0.15914435
v -0.15168253 0.33851434 0.12899961
v 0.23913886 0.33398499 0.09657302
v 0.24651674 0.33822805 0.08246014
v -0.02835640 0.32696150 0.03278643
v -0.24440840 0.33105281 0.06207912
v -0.25997525 0.31304133 0.05371968
v 0.27728628 0.32737635 0.05474497
v -0.25140613 0.30661188 0.00671770
v -0.21028801 0.33346084 -0.00857801
v -0.10169558 0.35966687 -0.03257043
v -0.19523078 0.32893893 -0.02263297
v -0.18741479 0.32612317 -0.04797690
v -0.06912189 0.35503212 -0.02074713
v -0.07840807 0.31781587 -0.02362100
v -0.13136481 0.35409834 -0.12602194
v 0.27210226 0.33070161 -0.11238509
v -0.04071801 0.34351626 -0.15869732
v -0.09176631 0.34052850 -0.17322865
v -0.10097736 0.36746368 -0.15757231
v 0.26565716 0.34818038 -0.16843639
v 0.14473249 0.36303022 -0.25081252
v 0.14838144 0.34534473 -0.30791826
v 0.11670507 0.33970547 -0.29634957
v 0.28120302 0.34371307 -0.27340969
v 0.02678099 0.31876268 -0.33349139
v 0.08338200 0.30581976 -0.34382858
v -0.25512003 0.39782444 -0.29472543
v -0.18879132 0.37388163 -0.30492997
v -0.27053217 0.38969263 -0.32821628
v -0.15363712 0.37080739 -0.33678975
v -0.02824345 0.35093288 -0.36837391
v -0.01021882 0.35716699 -0.40196614
v -0.09494150 0.33746085 -0.46762700
v -0.23989045 0.37772643 -0.40526725
v -0.25945890 0.36993806 -0.41675322
v -0.21723527 0.37443858 -0.40326998
v -0.25993560 0.34975055 -0.50995924
v 0.01439832 0.35427546 -0.53720425
v -0.20741945 0.34094815 -0.54823639
v -0.14350750 0.32942931 -0.55115273
v 0.05808672 0.34983048 0.50134262
v 0.03439928 0.37010714 0.47470831
v 0.20322254 0.32553421 0.44875698
v 0.05905762 0.29575843 0.40901735
v 0.17083346 0.34504731 0.41299181
v 0.07911572 0.34816098 0.37780771
v -0.06452330 0.32900092 0.43434018
v -0.00615278 0.36744374 0.41050771
v -0.07071404 0.31828993 0.41075786
v -0.12355712 0.32512320 0.36382569
v -0.12631260 0.33485628 0.38553749
v -0.14121674 0.32189301 0.36207708
v -0.15640544 0.34534559 0.36444277
v -0.18031847 0.36093878 0.32210848
v 0.08016667 0.32434610 0.28906082
v -0.17946773 0.34363150 0.30787100
v -0.14814914 0.35534024 0.27357398
v 0.19050454 0.34324481 0.29316466
v 0.06892263 0.34354264 0.29207728
v -0.11491343 0.35205760 0.24723696
v 0.05416382 0.34396647 0.29749975
v 0.01753875 0.36543678 0.28119463
v -0.07574586 0.34015185 0.22185808
v 0.26863314 0.36571726 0.24660299
v -0.19469063 0.35155209 0.28238670
v 0.27325382 0.35116812 0.20657125
v 0.26246373 0.34321884 0.18373322
v -0.09047363 0.37063486 0.22221609
v -0.25343852 0.33555170 0.18696339
v 0.17544955 0.37549549 0.13783687
v -0.10665889 0.35077680 0.11962780
v 0.26180559 0.37753617 0.13423392
v -0.18117418 0.32902185 0.11933557
v -0.25621335 0.29195050 0.03922062
v -0.28869989 0.32311030 0.02078293
v -0.05697381 0.36786054 -0.00867424
v -0.28837623 0.33942355 -0.01337470
v -0.26101448 0.33449251 -0.02038723
v -0.04642459 0.34335879 0.00621361
v -0.11511247 0.34597740 -0.04751935
v -0.12390168 0.33121468 -0.06258671
v -0.10952180 0.33139900 -0.04855203
v -0.08754082 0.33233671 -0.03675523
v -0.09759186 0.35850781 -0.04464815
v -0.11762901 0.34975609 -0.08726662
v 0.25325005 0.33530412 -0.13089592
v -0.05917313 0.36225048 -0.25745676
v 0.15723619 0.35737332 -0.26976950
v -0.01368354 0.33991684 -0.28463415
v 0.26463564 0.37444834 -0.25317020
v 0.11224881 0.35104148 -0.28140698
v 0.21041869 0.33132882 -0.30302011
v 0.05101371 0.32255783 -0.34604538
v 0.11153171 0.31931418 -0.33658638
v 0.09834059 0.33563924 -0.36362460
v -0.24183914 0.39110204 -0.38396031
v -0.18011826 0.41201615 -0.34054148
v -0.19200990 0.40291968 -0.41662399
v -0.23721527 0.36039147 -0.39210394
v -0.13834057 0.39456159 -0.41992753
v -0.02757525 0.36716783 -0.36975835
v -0.14130971 0.37750148 -0.42404647
v -0.26328110 0.38431852 -0.43256988
v -0.10484093 0.34606836 -0.47511623
v -0.26188769 0.38483664 -0.47222735
v -0.18695840 0.34822503 -0.54906519
v 0.09387613 0.37449682 0.48288038
v 0.02428913 0.36145241 0.42507434
v 0.26219950 0.35980878 0.40336290
v 0.13298068 0.35916565 0.44512059
v -0.06060013 0.35546294 0.44689265
v 0.27882426 0.38578387 0.36638862
v 0.14876309 0.34697105 0.40783403
v -0.00047293 0.37718180 0.33716702
v -0.15371673 0.38408051 0.29122527
v 0.04391179 0.36058524 0.30333727
v 0.25005825 0.37568468 0.25922181
v 0.20202633 0.37611183 0.24104844
v -0.20625287 0.37279295 0.25510926
v -0.24026530 0.36719088 0.23694018
v -0.25992750 0.35328099 0.20641358
v 0.17076234 0.35723817 0.15603983
v -0.16721707 0.33932211 0.13767491
v -0.21331595 0.35887205 0.13529144
v -0.10172265 0.37137768 0.12730750
v -0.12310274 0.33379369 0.11950966
v -0.02396083 0.36176531 0.01887126
v -0.28105032 0.34270747 0.05631326
v -0.30105093 0.35884017 -0.01134756
v -0.25661782 0.34942250 -0.04565942
v -0.09575207 0.37045394 -0.06744237
v -0.10672395 0.36854032 -0.10513312
v -0.11175395 0.38058233 -0.11975057
v 0.28165385 0.38426217 -0.18369799
v 0.29120457 0.38381180 -0.20422713
v 0.28713871 0.37588854 -0.23247192
v 0.14036646 0.35473896 -0.33039678
v -0.25055612 0.40960072 -0.33693264
v -0.21861624 0.41899910 -0.35370757
v -0.23627333 0.40543471 -0.37840036
v -0.11878932 0.40987055 -0.34750633
v -0.04540445 0.38900779 -0.36438296
v -0.13987626 0.41337141 -0.42421934
v -0.00553906 0.37745649 -0.39970458
v -0.14506998 0.38990807 -0.42286949
v -0.08551712 0.35603070 -0.52487367
v -0.15668475 0.37676536 -0.41893444
v -0.18952967 0.39947144 -0.41806446
v -0.19997470 0.37723048 -0.53151743
v -0.24593851 0.39067010 -0.49309538
v 0.20045562 0.35775588 0.47995109
v 0.26422629 0.42119358 0.45039359
v -0.12202612 0.36162439 0.40549421
v 0.28086738 0.37264626 0.33149127
v -0.15965319 0.38396076 0.35646845
v 0.26314392 0.35631479 0.31901991
v -0.14994104 0.39965337 0.33404051
v 0.21226286 0.35119395 0.31298681
v -0.13038500 0.39350204 0.29343653
v -0.11815168 0.37976579 0.25451022
v 0.20482194 0.36355601 0.25994836
v -0.10826797 0.39302207 0.26319810
v 0.03157180 0.36481153 0.28815444
v -0.07241850 0.37518086 0.22083454
v 0.01403734 0.37660645 0.27418991
v 0.26893785 0.39567417 0.25390969
v 0.21044478 0.37541444 0.25327957
v -0.09177865 0.39590644 0.21241890
v -0.15806370 0.38892095 0.23017904
v -0.18793008 0.38392382 0.19792458
v 0.17739256 0.37847575 0.15215106
v -0.26112455 0.35899396 0.16870375
v -0.24701208 0.34612676 0.15470117
v -0.08375839 0.37792799 0.12205342
v 0.22133590 0.40724348 0.13780294
v -0.22589115 0.35979166 0.11529534
v -0.22594655 0.35475221 0.06013489
v 0.24294873 0.37901650 0.06760990
v -0.04366130 0.38007933 0.00929209
v -0.31089864 0.37172616 0.02563738
v -0.03451347 0.37636726 0.01684221
v -0.08519591 0.38045437 -0.01736180
v -0.04843905 0.37803516 -0.00014470
v -0.17869715 0.42818601 -0.01590689
v -0.19297392 0.33828325 -0.05711975
v -0.28565905 0.38283102 -0.03385461
v -0.16658251 0.34299078 -0.07306217
v -0.23502392 0.36028261 -0.05928526
v -0.19029996 0.36361666 -0.07193930
v 0.27572094 0.38308527 -0.04140130
v -0.09395575 0.40543888 -0.10515325
v -0.17152102 0.33306787 -0.09562234
v -0.23221733 0.31965863 -0.13056795
v -0.27088885 0.34381403 -0.11719562
v -0.06355256 0.39386012 -0.15630538
v -0.19174827 0.32253349 -0.13814415
v -0.21417953 0.33349160 -0.17724529
v 0.15255911 0.37427176 -0.25774924
v 0.13856203 0.38803965 -0.24039051
v 0.13062718 0.36648103 -0.25238801
v 0.12585537 0.35607577 -0.27384206
v 0.11552078 0.35585218 -0.29115001
v -0.01432020 0.34106656 -0.30465368
v 0.03200231 0.35121757 -0.33776996
v 0.06263830 0.35385352 -0.37478776
v -0.07432306 0.39387067 -0.36062106
v -0.16084820 0.43604690 -0.40992979
v -0.01498617 0.42024865 -0.39120579
v -0.00036168 0.37561577 -0.43457189
v -0.16886740 0.42898132 -0.42668601
v -0.08891220 0.39486673 -0.53686469
v -0.10202818 0.36796735 -0.50737069
v -0.20739762 0.44318125 -0.44842851
v -0.04746952 0.37248547 -0.53688493
v -0.12317873 0.39252855 -0.53770766
v -0.16341010 0.40588331 -0.54062708
v 0.03233879 0.41945529 0.46828963
v 0.02748644 0.33252339 0.45691006
v 0.26848728 0.40781644 0.40348032
v 0.01909208 0.38252629 0.42408226
v 0.14009961 0.38693805 0.45465489
v 0.04111838 0.36161222 0.40069078
v 0.15718695 0.37305288 0.41870508
v 0.04028486 0.36873295 0.36277559
v -0.01210614 0.39189476 0.36385997
v -0.10174226 0.41583808 0.39124763
v -0.09354932 0.41412064 0.34683890
v 0.03774075 0.36263434 0.29924368
v 0.03411301 0.38453821 0.30058532
v 0.02915105 0.37410770 0.27144900
v 0.19493304 0.39921201 0.23813482
v 0.25612226 0.37240967 0.18035172
v 0.23225369 0.39176528 0.15453590
v 0.19312631 0.37930094 0.15758502
v -0.17111465 0.39897560 0.19352903
v -0.27142329 0.38389078 0.15991422
v -0.12033347 0.38219664 0.12609024
v -0.08394769 0.38238908 0.10909494
v 0.27358402 0.37691523 0.12299555
v -0.23492854 0.35755672 0.09896979
v -0.23626480 0.35870420 0.06780357
v -0.03059929 0.38045661 0.01764902
v -0.30645441 0.36995128 0.05279152
v -0.13343529 0.36453936 -0.04042263
v -0.15953833 0.35909033 -0.06904635
v -0.24629126 0.38333999 -0.05194758
v -0.20979832 0.39405925 -0.05296323
v -0.06373152 0.39452963 -0.04500569
v -0.07464631 0.38047948 -0.08314945
v -0.26909970 0.35506835 -0.08790184
v 0.23766717 0.39130214 -0.13169376
v -0.03033442 0.36252454 -0.16073002
v -0.13422473 0.34856387 -0.10810020
v -0.26143360 0.34236968 -0.15472604
v -0.24674765 0.35109672 -0.18346508
v -0.02627083 0.38410795 -0.16213060
v -0.22621295 0.36492570 -0.20686602
v -0.04934747 0.39326063 -0.22593954
v 0.13834577 0.39332933 -0.24588267
v 0.14311024 0.37751132 -0.26366020
v 0.01857502 0.37945571 -0.35071350
v 0.01071482 0.35282594 -0.33952105
v -0.00501126 0.33728964 -0.32260103
v 0.02896584 0.38119901 -0.36301362
v 0.12455589 0.39331072 -0.35463661
v 0.09705384 0.37421588 -0.37527223
v -0.14028070 0.43690122 -0.36413252
v -0.07442058 0.43338638 -0.37231755
v -0.10270180 0.41731628 -0.42654775
v -0.08730510 0.44507084 -0.41545786
v -0.11520015 0.45705072 -0.44431486
v 0.02506429 0.40825390 -0.49966947
v 0.01030790 0.41242846 -0.46083904
v -0.24587904 0.41707135 -0.44410669
v -0.18422827 0.46006020 -0.48671709
v 0.24886590 0.41686095 0.47851205
v 0.21938212 0.40113526 0.49538405
v 0.02020985 0.40582002 0.45484425
v -0.03988313 0.42798477 0.44109632
v -0.02282703 0.41291089 0.43893962
v -0.10794524 0.39788647 0.40150416
v 0.15315221 0.41302534 0.42635693
v 0.03230678 0.37797715 0.33446995
v -0.09856159 0.42168289 0.37330114
v -0.01530560 0.38591605 0.42332183
v 0.02961263 0.39308702 0.32467294
v -0.08362301 0.39377279 0.32279345
v 0.24776940 0.39729834 0.27474479
v 0.21410901 0.38437675 0.25993482
v 0.20764245 0.39495094 0.25366554
v -0.07420950 0.40164914 0.26105622
v 0.19798568 0.41829935 0.25625702
v 0.03362418 0.41250080 0.27083432
v 0.27712740 0.38944043 0.23498758
v 0.22341983 0.38478136 0.25834043
v -0.19666704 0.38686228 0.19346585
v -0.24076134 0.37605466 0.19735797
v -0.25906530 0.37251644 0.18465433
v -0.19634365 0.37688456 0.13481982
v -0.20656209 0.37178349 0.12565658
v 0.26106302 0.39662110 0.13343665
v -0.26614035 0.36755640 0.10687444
v -0.27064458 0.35964545 0.07654118
v -0.29532560 0.36840222 0.07101753
v -0.07714980 0.40219230 0.00991820
v -0.30536717 0.40747592 0.02432129
v -0.12484012 0.39484428 0.00636474
v -0.28957773 0.40585993 0.00122506
v -0.03211249 0.39743225 0.00393882
v 0.27790916 0.38199255 -0.08869930
v -0.11920101 0.36730475 -0.08788365
v -0.20987625 0.36378641 -0.07664499
v -0.24221237 0.34492826 -0.08920097
v -0.02380588 0.40636756 -0.14848549
v -0.27077789 0.37544537 -0.14192348
v -0.17782503 0.34369862 -0.15340393
v -0.25669541 0.39464021 -0.18228993
v -0.17883696 0.34746460 -0.17618375
v -0.18895117 0.35080436 -0.20617578
v -0.15805716 0.33971905 -0.20595649
v -0.19841380 0.36688090 -0.21425853
v -0.12497755 0.35616188 -0.18838062
v -0.18217975 0.34672833 -0.22332393
v 0.14460490 0.39528569 -0.26031884
v -0.15281111 0.34186155 -0.24628744
v 0.13655106 0.37931374 -0.29707424
v -0.02785029 0.35650381 -0.28700172
v 0.27420203 0.39077809 -0.28322123
v 0.26706165 0.37812782 -0.29786200
v 0.20949670 0.36186819 -0.32103126
v 0.21216415 0.36946524 -0.33897010
v -0.18759496 0.43549368 -0.36266979
v -0.20658521 0.42848322 -0.36647730
v -0.10761122 0.43964772 -0.36117718
v -0.11863162 0.45272430 -0.39275013
v -0.08353634 0.44921162 -0.38419769
v -0.06156461 0.45455276 -0.41620144
v -0.03063658 0.45215098 -0.41007354
v -0.04771496 0.47365441 -0.43482293
v -0.09035136 0.43121845 -0.43470754
v -0.12107725 0.43880765 -0.53262887
v 0.18410528 0.41982448 0.48997523
v 0.18411997 0.35853758 0.45365190
v 0.13535595 0.41757335 0.46272851
v 0.01879424 0.40937873 0.41183940
v 0.16945100 0.39187575 0.42271647
v 0.04039971 0.40631382 0.31562892
v -0.07451134 0.40272095 0.32797299
v 0.26694571 0.41719938 0.28835137
v 0.24933495 0.41518302 0.26865868
v 0.04941361 0.42071241 0.26989299
v -0.06730063 0.38736400 0.22214499
v 0.22801443 0.40992967 0.25793164
v -0.14859852 0.40566686 0.20343254
v 0.16203792 0.41553712 0.13330072
v -0.25958614 0.39168225 0.14024388
v -0.19394035 0.40741889 0.12556298
v 0.17271735 0.40745249 0.12322984
v -0.10659498 0.40394734 0.10415425
v -0.23524766 0.38435706 0.12431902
v -0.28828923 0.43770059 0.04609234
v -0.30057855 0.42729710 0.04412008
v -0.08336756 0.42367029 0.01974440
v -0.26154091 0.41647564 0.00779813
v -0.14756749 0.40529036 0.00075731
v -0.24251299 0.41918778 -0.02674339
v 0.26740886 0.40239337 -0.03893125
v -0.02374038 0.41845099 -0.04922255
v 0.26854362 0.43522020 -0.05793917
v -0.02962829 0.42161968 -0.06305055
v -0.26044405 0.38489365 -0.06597374
v -0.16853963 0.35382948 -0.07085685
v -0.28531778 0.38136250 -0.12242517
v -0.09062630 0.40441403 -0.13432046
v -0.13348887 0.39227912 -0.13591571
v -0.16035685 0.37929874 -0.14968143
v -0.15652737 0.36123328 -0.16925677
v -0.04382707 0.39492112 -0.24548270
v -0.18598030 0.35949170 -0.25551361
v 0.14254321 0.40489585 -0.26388081
v -0.08584285 0.35975993 -0.21318289
v -0.21659865 0.39735887 -0.27061557
v -0.05855807 0.36757944 -0.25886980
v -0.10784712 0.35656297 -0.28388980
v -0.13885717 0.36096544 -0.28908468
v 0.13920924 0.38106253 -0.28840393
v -0.09082109 0.35204897 -0.26718904
v -0.12212203 0.37763663 -0.30200442
v 0.14845481 0.40883968 -0.28888674
v -0.09548333 0.36535268 -0.31166939
v 0.14166408 0.38879144 -0.33730999
v 0.26155344 0.41340192 -0.30004771
v -0.04515870 0.36159068 -0.31831335
v 0.23610536 0.38592534 -0.32110664
v 0.05028251 0.40012269 -0.38170961
v -0.00375585 0.37269268 -0.35088007
v -0.19051840 0.43454223 -0.39524266
v -0.17151106 0.46772500 -0.46375987
v -0.16318413 0.44806887 -0.52148770
v 0.24940094 0.42828625 0.46934136
v 0.25259379 0.42960886 0.39476776
v 0.25758295 0.43643359 0.42763715
v 0.23997168 0.44523799 0.41546158
v -0.07819959 0.41468649 0.42254032
v 0.03728016 0.42937999 0.38621534
v 0.26117218 0.42472603 0.36504874
v 0.08556262 0.43141165 0.33004530
v -0.08353029 0.43393811 0.37193117
v 0.04740486 0.42230086 0.33807183
v -0.06920826 0.42344250 0.34167397
v 0.27273781 0.43198972 0.32382901
v 0.07468232 0.42529794 0.29887487
v -0.08168310 0.39959442 0.28370695
v 0.04448544 0.40380779 0.27397356
v 0.26626677 0.45329326 0.26720705
v 0.27819871 0.44231353 0.25046311
v -0.07166333 0.40069203 0.21075874
v 0.26225508 0.40847130 0.18504481
v 0.20860751 0.39663806 0.14771086
v -0.22863574 0.39244861 0.19711013
v -0.26129945 0.39332657 0.19179457
v 0.16548298 0.43706042 0.12705914
v -0.08017005 0.42237078 0.11758044
v 0.18420716 0.40972064 0.11850824
v -0.27391245 0.38729005 0.11779294
v -0.29909034 0.41998017 0.10047907
v -0.15675630 0.40056504 0.10263057
v -0.30252458 0.42881653 0.06443969
v -0.23750688 0.42083372 0.03202198
v -0.03409361 0.40678471 0.02564140
v -0.19060248 0.43781154 -0.01679141
v -0.08897876 0.39784057 -0.05184054
v -0.08691110 0.39774829 -0.07677456
v -0.28877024 0.37581849 -0.08871668
v -0.11079861 0.37804276 -0.10675856
v -0.24782508 0.41937290 -0.13892863
v 0.26507875 0.39808616 -0.11284359
v -0.24800654 0.41678784 -0.15377206
v 0.24933468 0.42493584 -0.16298544
v -0.24626981 0.38374640 -0.19953909
v 0.27267820 0.41816401 -0.19787576
v -0.12885866 0.37376123 -0.16963836
v -0.21779071 0.41795587 -0.21555394
v 0.25637932 0.42509280 -0.22379919
v -0.21683875 0.39011305 -0.24794459
v -0.02938352 0.35882260 -0.27685122
v -0.19269588 0.41088544 -0.29799845
v -0.06634479 0.36439443 -0.29699983
v 0.02282772 0.42511917 -0.35831290
v 0.04287255 0.41229571 -0.37005014
v 0.13135158 0.40372346 -0.32980398
v 0.11580554 0.42931761 -0.35136502
v -0.01068686 0.42102842 -0.36123450
v -0.02137357 0.34578070 -0.32943657
v 0.06607351 0.40621615 -0.36275344
v -0.03993663 0.39462285 -0.36042552
v -0.02333309 0.45894136 -0.46219900
v -0.04678799 0.47790904 -0.45569266
v -0.15104043 0.45958948 -0.51125870
v -0.06840913 0.41719200 -0.53771859
v 0.02938722 0.44461487 0.43482253
v 0.24524583 0.44488318 0.44548072
v 0.22268609 0.44336922 0.39669336
v 0.22538045 0.43332413 0.37291657
v 0.24562956 0.45147071 0.33820176
v -0.00122754 0.41821592 0.37001506
v 0.20201398 0.42997030 0.27131335
v 0.25095753 0.41925711 0.26847945
v 0.20663003 0.41270660 0.23635942
v -0.09965169 0.41260379 0.20907973
v 0.19050037 0.41887049 0.14536320
v 0.23890925 0.45527991 0.11951929
v 0.17624666 0.42790542 0.10391070
v -0.24859179 0.41380937 0.12126935
v -0.15899698 0.45064526 0.10126980
v -0.29657192 0.46013252 0.07499937
v 0.26787261 0.43665045 0.11292000
v -0.22446997 0.42084549 0.04191042
v 0.24808517 0.40731838 0.05407425
v -0.01543222 0.41384893 0.02131000
v -0.22122347 0.44040305 0.01106657
v -0.12968900 0.37027993 -0.06613666
v -0.15069374 0.39104144 -0.05126520
v -0.14620718 0.36381247 -0.06995976
v -0.18920881 0.39370534 -0.07736782
v -0.29748019 0.41177663 -0.11233641
v 0.24101728 0.42233710 -0.12167933
v -0.21875399 0.44019874 -0.12854949
v 0.24370744 0.44422223 -0.16410179
v 0.25827852 0.43614281 -0.18402240
v -0.01283455 0.41041945 -0.16803086
v 0.25725033 0.45395363 -0.20943628
v -0.02959450 0.41626555 -0.21119509
v 0.12992805 0.41526513 -0.24284834
v -0.06427390 0.38438861 -0.18606255
v -0.22665854 0.41725347 -0.25663152
v 0.14471326 0.40563292 -0.27122476
v -0.20184966 0.42659968 -0.29651376
v -0.17550205 0.44111429 -0.30363967
v -0.18237697 0.45450073 -0.28736118
v 0.25487901 0.40704422 -0.23111247
v 0.12463442 0.43190203 -0.25573532
v -0.14364671 0.41926472 -0.31796101
v -0.13038404 0.40960652 -0.33077234
v 0.25203911 0.40196957 -0.25848467
v -0.06327349 0.38455309 -0.31715765
v 0.26787864 0.43314981 -0.31974006
v 0.04392059 0.43049867 -0.35483351
v 0.08120247 0.46427747 -0.34477204
v -0.06465880 0.40111003 -0.35650028
v -0.06373670 0.42018013 -0.36852347
v -0.04216110 0.41676940 -0.37096369
v 0.12971012 0.42634527 -0.37040189
v 0.11836410 0.44536949 -0.36801732
v -0.06524522 0.46885317 -0.43928129
v -0.08072049 0.48062609 -0.49203155
v -0.09471608 0.45286196 -0.53271058
v 0.08156990 0.38675200 0.48528259
v 0.16238497 0.43341218 0.46993952
v 0.03841430 0.45294206 0.41866437
v 0.24049720 0.45451776 0.41818000
v 0.14102947 0.44709801 0.42332766
v 0.07642482 0.44025210 0.37460269
v -0.00285518 0.43617359 0.42207885
v 0.24614748 0.45753701 0.32010989
v 0.02305278 0.41777594 0.30994374
v -0.08711124 0.40951564 0.31392266
v 0.18201909 0.45039892 0.28661982
v 0.18099990 0.44800857 0.27033534
v 0.18064634 0.45129472 0.26935687
v -0.09344395 0.40961171 0.22199249
v -0.10158021 0.41546125 0.26879457
v 0.20408372 0.45096524 0.26881291
v -0.24014670 0.42498719 0.24919259
v -0.22854861 0.40527365 0.24549035
v -0.20302996 0.40045612 0.23587804
v -0.11757391 0.41318857 0.20170222
v -0.15452491 0.41748818 0.20776249
v 0.20886966 0.43358779 0.13408033
v -0.27067325 0.41549611 0.16267328
v -0.09578096 0.43546607 0.12722596
v -0.15254825 0.44266300 0.12383657
v -0.07734371 0.44878097 0.11588174
v 0.15902643 0.43670906 0.11024267
v 0.21753365 0.43777352 0.12638045
v -0.06891304 0.44964684 0.10138765
v -0.27923722 0.45096593 0.12131929
v -0.09703029 0.42736935 0.11089264
v -0.19121123 0.44562850 0.10412394
v -0.26854725 0.44421438 0.04944727
v -0.22524603 0.43170425 0.04681591
v -0.02868185 0.42607442 0.01982163
v -0.20852452 0.44768662 -0.00069660
v -0.12161969 0.41905881 -0.00310737
v -0.14423548 0.42851532 -0.00472069
v 0.26749359 0.42744111 -0.00601938
v -0.02987714 0.41326066 -0.02543400
v -0.18017896 0.41820071 -0.05510427
v -0.29862140 0.41729787 -0.06866589
v -0.22884443 0.40604904 -0.06053530
v -0.30020242 0.41727099 -0.09999865
v -0.08422419 0.40708486 -0.09723012
v -0.08238071 0.42926354 -0.10099590
v 0.24500301 0.45677557 -0.11370275
v -0.04710360 0.43601565 -0.13694892
v -0.11834602 0.43720030 -0.12704744
v -0.13916064 0.42906330 -0.14999758
v 0.23856935 0.46082270 -0.14005411
v 0.26187979 0.47097592 -0.20294470
v -0.24539365 0.42009816 -0.19893959
v -0.22013042 0.40928804 -0.22650408
v 0.12090329 0.44942980 -0.24046381
v -0.16602650 0.45917582 -0.27246794
v 0.25197586 0.45832272 -0.21617954
v -0.02484482 0.40616019 -0.25266558
v -0.21947001 0.43139845 -0.27438105
v -0.04695218 0.39184156 -0.22313336
v -0.13386659 0.46149427 -0.29952628
v -0.14270351 0.43970818 -0.31226739
v 0.15068306 0.43889918 -0.30995687
v -0.02802236 0.41201541 -0.26818493
v -0.04356494 0.39293494 -0.28212965
v -0.05149444 0.38081273 -0.29720154
v 0.15041262 0.43027936 -0.30673092
v 0.00863607 0.40872157 -0.35364797
v -0.12096426 0.39374772 -0.33055151
v -0.08852228 0.40576897 -0.34521879
v -0.10870098 0.43183173 -0.35962301
v 0.14120060 0.41905046 -0.32060236
v 0.12766153 0.43034911 -0.33238949
v 0.12455815 0.41021382 -0.35524504
v 0.18320779 0.42479956 -0.37303512
v 0.14144281 0.46521742 -0.37669274
v -0.11437406 0.48295505 -0.47020630
v 0.21516556 0.48232605 0.49149102
v 0.23732413 0.45898159 0.47300719
v 0.07049778 0.45687590 0.47509667
v 0.05732351 0.50014977 0.43954375
v 0.10763382 0.47351514 0.46989651
v 0.15265842 0.43559369 0.42469705
v 0.13076259 0.44943711 0.45349806
v -0.06108312 0.45544043 0.41368805
v 0.09065491 0.45890812 0.35377971
v -0.08087126 0.45473636 0.38897175
v 0.01710233 0.44039032 0.37515636
v -0.09559314 0.45826103 0.36612409
v 0.24331519 0.45815468 0.30090188
v -0.12156323 0.42790206 0.34174786
v -0.12487557 0.41748135 0.31476545
v 0.08008130 0.44532496 0.27510651
v 0.05758138 0.43922490 0.33060002
v -0.15885331 0.43200940 0.31595988
v -0.14648570 0.41071446 0.29367545
v -0.19257869 0.43105682 0.29804992
v 0.07104448 0.45076185 0.28985978
v 0.06541080 0.44434406 0.27495453
v -0.12339256 0.41310622 0.24513655
v -0.19127763 0.40065950 0.25796385
v -0.19600656 0.41172975 0.28384651
v 0.17340989 0.47607850 0.24596251
v -0.26866574 0.42311898 0.19311515
v -0.24360392 0.47110375 0.14090362
v 0.19108911 0.44225358 0.11897086
v 0.18617733 0.46612037 0.10338763
v -0.28909558 0.46851892 0.07258457
v -0.01619075 0.42764453 0.00295441
v -0.06837444 0.40714868 -0.00815353
v -0.02736158 0.42805328 -0.04813968
v -0.06266299 0.40576424 -0.04158965
v -0.11078099 0.41366370 -0.01342990
v -0.13786847 0.41902263 -0.01017763
v -0.27072624 0.43331439 -0.02039629
v -0.29503358 0.41618021 -0.04668594
v -0.30748858 0.43393880 -0.06353619
v 0.26597345 0.43933795 -0.09049521
v -0.06694988 0.41803519 -0.08031132
v -0.21666797 0.43370911 -0.04729578
v -0.28436315 0.43874591 -0.12971350
v -0.21475513 0.45428111 -0.13595156
v -0.22296431 0.45849243 -0.14890916
v 0.23398369 0.45904915 -0.16245214
v -0.12274176 0.41646345 -0.15214717
v -0.08014856 0.38982830 -0.16396154
v -0.14383444 0.48121725 -0.25996410
v 0.24721764 0.45569187 -0.21549311
v -0.03398519 0.40204661 -0.20038838
v 0.12799535 0.43868604 -0.24025577
v -0.03994963 0.41745659 -0.24908969
v -0.19814647 0.45931693 -0.29077384
v -0.23709333 0.43034106 -0.26971958
v 0.27038947 0.46789281 -0.25063865
v -0.12668154 0.44080283 -0.34132069
v 0.14336435 0.45208478 -0.32760185
v 0.11488066 0.44667397 -0.34212719
v 0.26752458 0.44972629 -0.33083356
v -0.01903243 0.46010322 -0.35259545
v -0.09046652 0.42318258 -0.36435229
v -0.07113813 0.44311383 -0.36874217
v 0.24469270 0.42625741 -0.33642073
v 0.20329766 0.46074788 -0.35155545
v -0.11701066 0.47563166 -0.50624506
v 0.17867644 0.45923486 0.49344854
v 0.22073814 0.44433854 0.37375248
v -0.03880329 0.47941176 0.42517234
v 0.14984912 0.49062317 0.40662919
v -0.08524924 0.46294701 0.37681221
v 0.01598999 0.46196227 0.39821492
v 0.04852928 0.46353578 0.37356881
v -0.13917897 0.46700469 0.32970914
v 0.07203668 0.45674833 0.33633342
v -0.03899926 0.49085077 0.30746895
v 0.17583043 0.47305035 0.27649449
v 0.08217967 0.46518738 0.27737407
v -0.02312151 0.47209370 0.27082999
v -0.17884375 0.46035781 0.30382822
v -0.04538835 0.47721677 0.26166265
v -0.22811662 0.43518064 0.26360907
v -0.02851671 0.46795427 0.24610226
v 0.21642874 0.47170930 0.27268394
v 0.25292897 0.48550158 0.25580676
v 0.19268366 0.48412467 0.24929474
v -0.01869106 0.47741260 0.20992606
v -0.03482339 0.47522799 0.22276771
v 0.17501283 0.48620403 0.22889074
v -0.24608062 0.48846471 0.18668638
v 0.24440402 0.48893459 0.14037456
v 0.19904258 0.46453620 0.11305930
v -0.23102078 0.45448340 0.13726157
v -0.13567356 0.45605695 0.11871180
v -0.17327889 0.47804248 0.11430132
v 0.17468243 0.46639716 0.10417764
v 0.24913529 0.49303842 0.09338756
v -0.06096094 0.42270736 0.01564372
v -0.19140989 0.46106939 -0.01295697
v 0.26354772 0.39378703 0.04290531
v -0.08990844 0.42329964 0.00557380
v -0.13303747 0.43062706 -0.00903350
v -0.03054914 0.42168920 -0.02476609
v -0.09680924 0.41666717 -0.00463139
v -0.17986912 0.44518747 -0.03939199
v -0.05212838 0.43394618 -0.07158898
v -0.08035531 0.44913289 -0.09182508
v -0.29214324 0.44746632 -0.11733948
v -0.25443439 0.46345796 -0.15214541
v -0.02881021 0.43387871 -0.14677502
v -0.19541410 0.48462972 -0.14715186
v 0.24027790 0.47803013 -0.17008829
v -0.23464505 0.46204871 -0.15964853
v -0.25233445 0.43856763 -0.17969313
v -0.01863381 0.42278795 -0.17603100
v -0.03254174 0.41945285 -0.17523575
v -0.25604392 0.45188006 -0.20583693
v -0.24839779 0.44956422 -0.23371954
v -0.17608933 0.46895535 -0.27592386
v -0.25025004 0.43935285 -0.25069565
v 0.15254096 0.44868546 -0.28433997
v 0.12666826 0.46122234 -0.24273304
v -0.02965545 0.42310269 -0.22490680
v -0.13716758 0.48341593 -0.26996441
v -0.03131203 0.41992564 -0.26277637
v 0.15888269 0.46358808 -0.28405974
v 0.07422570 0.49411323 -0.31825889
v -0.13051067 0.46782450 -0.31540944
v 0.25577630 0.45972943 -0.27560921
v 0.03728487 0.47699586 -0.34615610
v 0.25881829 0.47216815 -0.31698238
v 0.14375682 0.46735144 -0.32718899
v 0.14925150 0.48385753 -0.31880386
v 0.00305566 0.45442398 -0.33505485
v -0.02248170 0.47190695 -0.34197408
v -0.10076372 0.45948776 -0.35420536
v -0.04416938 0.45751228 -0.35989396
v -0.09436880 0.47547386 -0.34604996
v 0.25381751 0.47114577 -0.33209338
v 0.14988382 0.47392006 0.41525251
v 0.13235030 0.49474932 0.44833750
v -0.00973238 0.48790664 0.42176553
v 0.00120171 0.51624759 0.39597729
v 0.02770270 0.50460335 0.35299509
v 0.05994870 0.47869410 0.35907444
v -0.02971217 0.47401692 0.28134292
v -0.06461233 0.50523410 0.28342955
v 0.17887845 0.47683778 0.26520201
v -0.18833208 0.49779825 0.24296276
v -0.23104792 0.47246408 0.22115730
v 0.25141482 0.50799155 0.23406845
v 0.15980428 0.48843432 0.20509458
v -0.17097025 0.49942949 0.22835750
v 0.16803909 0.48325111 0.20716478
v -0.18153521 0.50043146 0.18991542
v -0.11205887 0.48952174 0.11040971
v 0.18648484 0.47739166 0.10585327
v -0.06946789 0.46098485 0.10969646
v -0.07148459 0.47869503 0.09018934
v -0.25538866 0.47666191 0.12548973
v 0.17436822 0.49022946 0.08848460
v -0.21440193 0.48407013 0.10597392
v -0.21176499 0.44756058 0.02528592
v 0.24063996 0.44778488 0.04424200
v -0.16949113 0.44947916 -0.02123589
v -0.05709702 0.44078740 -0.07594023
v -0.30264678 0.47679914 -0.11941475
v -0.09597992 0.46271126 -0.11115964
v -0.29202062 0.47293541 -0.14638616
v 0.24194947 0.47098457 -0.14018917
v -0.11497694 0.44458967 -0.13402139
v -0.05369500 0.45137658 -0.13371079
v -0.06270107 0.45917327 -0.12715432
v -0.07553030 0.43853934 -0.14163184
v -0.22855960 0.45011323 -0.21802051
v -0.24621914 0.46754606 -0.23244652
v 0.22970292 0.47660403 -0.21859866
v -0.14196687 0.48484268 -0.25527740
v -0.22403359 0.46205445 -0.28069555
v -0.18685387 0.48283755 -0.28745216
v 0.15449920 0.45584095 -0.28707629
v 0.05514649 0.51253781 -0.28988283
v 0.10868603 0.47192617 -0.34488022
v 0.05956197 0.51542975 -0.30817873
v 0.16156939 0.47498486 -0.30865775
v 0.01923047 0.49480388 -0.33468202
v -0.01580180 0.49448407 -0.32870839
v 0.15967728 0.45792415 -0.30999647
v -0.02337680 0.48919518 -0.34560496
v -0.05775045 0.49732742 -0.35919363
v -0.08902264 0.49280698 -0.35351153
v 0.13562274 0.47156814 -0.33665480
v 0.16515823 0.47374069 -0.37062795
v 0.15911676 0.48398422 0.45451939
v 0.25248270 0.47180959 0.44179179
v 0.26661623 0.46879948 0.37261491
v -0.04221931 0.53036219 0.38801802
v -0.02935726 0.53455230 0.37081159
v 0.10263439 0.47771873 0.33132539
v -0.00419509 0.51443528 0.35538673
v -0.11520245 0.46428039 0.35745188
v 0.04499871 0.50385589 0.34867210
v 0.18505262 0.47562190 0.28896375
v 0.07841917 0.48266570 0.34107234
v 0.00928256 0.49149772 0.30476934
v -0.13682226 0.49240086 0.30749392
v -0.01481157 0.48132838 0.28109097
v -0.07771550 0.53043894 0.27999857
v -0.17000806 0.50825372 0.27949713
v -0.17585153 0.51105944 0.26513937
v -0.16362093 0.52358933 0.25133163
v -0.14132365 0.51804885 0.23067556
v -0.14650416 0.49299726 0.22029912
v -0.12069191 0.50742672 0.21704441
v 0.21991978 0.49422068 0.24234993
v -0.22337197 0.49112494 0.20307847
v 0.27605271 0.48181671 0.18562942
v 0.27195918 0.46231493 0.17167247
v -0.28038073 0.47850163 0.11913033
v -0.29833360 0.44378417 0.09730708
v -0.25358791 0.45247600 0.05065323
v 0.24498306 0.51746306 0.07750496
v -0.20202354 0.47187924 0.00299181
v -0.18809518 0.47028832 -0.01896761
v -0.16300858 0.46367858 -0.03337292
v -0.14684543 0.44548222 -0.01635997
v -0.29316386 0.44427582 -0.01465469
v -0.30907961 0.44874218 -0.02911169
v -0.31174106 0.46799629 -0.05308289
v -0.17137684 0.47406159 -0.04118389
v -0.28753831 0.45606592 -0.08975498
v 0.26318055 0.49575246 -0.08568673
v -0.19900013 0.49630046 -0.14505302
v -0.24720755 0.50646753 -0.16665570
v 0.25746814 0.49067821 -0.14677106
v 0.26195422 0.49753227 -0.19659181
v 0.26278982 0.49134956 -0.20496092
v 0.25488120 0.50585742 -0.21511248
v 0.21015146 0.51030352 -0.21496910
v -0.11927776 0.48894282 -0.21627851
v -0.12859885 0.49267123 -0.23423370
v 0.23653348 0.48303541 -0.21963323
v 0.02357797 0.51154636 -0.25376695
v -0.12991500 0.50591277 -0.24275483
v 0.24543616 0.49640693 -0.21602437
v 0.00761534 0.50242883 -0.23417829
v -0.13031812 0.50132892 -0.32399883
v 0.25919296 0.49309078 -0.26339177
v -0.10757549 0.50925269 -0.33557274
v 0.01761836 0.52194179 -0.32475624
v -0.03933050 0.50415876 -0.34468665
v 0.25265892 0.47493917 -0.29822748
v 0.14843457 0.49001216 -0.33509543
v 0.12392701 0.47012806 -0.34005122
v 0.06086960 0.49877639 -0.33587131
v 0.14582282 0.49105643 -0.33368523
v 0.14988140 0.48828493 -0.34666967
v 0.26691541 0.49591404 0.43295638
v 0.13598799 0.54607773 0.39676990
v 0.05790483 0.46776707 0.40226113
v 0.06198072 0.51235383 0.37453291
v -0.07652418 0.52796208 0.37221455
v -0.09747433 0.52154410 0.36038205
v 0.24996042 0.46336620 0.32269917
v -0.05017235 0.53705224 0.34024268
v -0.07147629 0.54017326 0.34677360
v -0.10738085 0.53892376 0.32210390
v -0.08201420 0.54153682 0.31562442
v -0.12229653 0.53949498 0.30588500
v 0.18746696 0.49121195 0.28006341
v -0.09423106 0.54693324 0.29109875
v -0.15117796 0.54022444 0.27279200
v -0.02245995 0.48117132 0.24064424
v -0.06919967 0.54885419 0.22893652
v -0.00979538 0.49794774 0.18549403
v -0.02115984 0.49335421 0.19136432
v 0.17602377 0.49341228 0.19594662
v -0.16556714 0.49850047 0.20807186
v 0.16198530 0.51619434 0.19105590
v -0.01496582 0.49689511 0.16309817
v -0.21487803 0.52665083 0.17960231
v -0.23243634 0.51171527 0.18172549
v 0.22186614 0.48526123 0.12907073
v 0.17706268 0.49572843 0.08983578
v -0.06896856 0.50562844 0.07354914
v -0.22053287 0.51390987 0.10303835
v -0.17535308 0.50044701 0.08942448
v -0.29658446 0.48519116 0.07637019
v 0.20717869 0.50127698 0.09707251
v -0.27995033 0.48181487 0.05231646
v 0.24027831 0.49587381 0.02032061
v -0.21322287 0.46321610 0.01268624
v -0.24586020 0.45380827 0.01910866
v 0.25049716 0.49619167 0.01320883
v -0.27012002 0.46175743 0.02384212
v -0.30033204 0.47551333 0.00734846
v -0.27770407 0.44960669 -0.00378945
v -0.25215196 0.45213004 -0.00728389
v -0.24785790 0.44641362 -0.02626893
v -0.29617197 0.49642262 -0.06952187
v -0.06367110 0.46168592 -0.08806029
v -0.07433785 0.46778423 -0.09218619
v -0.29879808 0.49913011 -0.13863139
v 0.24304318 0.50935783 -0.09092349
v 0.23425167 0.48926874 -0.10603787
v -0.27556155 0.51116761 -0.15172822
v -0.19272856 0.49646896 -0.14777326
v -0.20287853 0.51084908 -0.16832493
v -0.26050068 0.49772205 -0.21819883
v 0.19786197 0.52315193 -0.20591704
v -0.22555414 0.47437800 -0.26043721
v 0.22612766 0.50830653 -0.22035184
v 0.13503154 0.47291882 -0.24952617
v 0.04065868 0.51528919 -0.25936824
v -0.18655448 0.49645118 -0.28261302
v 0.06390565 0.50531637 -0.27570217
v -0.01552643 0.52003519 -0.25416934
v -0.02100329 0.53794243 -0.27084967
v -0.12824266 0.50231188 -0.27804140
v 0.26409425 0.51760953 -0.23681993
v 0.16255949 0.50778031 -0.29851737
v 0.15501395 0.50387348 -0.29513620
v 0.01914535 0.53660897 -0.28074698
v -0.00539113 0.53169258 -0.28508937
v 0.09812854 0.49736389 -0.33962969
v 0.03450257 0.52811557 -0.30894938
v -0.01321704 0.52325249 -0.31146166
v 0.23376184 0.50718588 -0.27491360
v 0.27713373 0.49933399 -0.32784577
v 0.25335098 0.49807301 -0.33898696
v 0.18422181 0.48992979 -0.34066494
v 0.18907525 0.50260357 0.47752571
v 0.11422124 0.51648039 0.45038760
v 0.15968573 0.50372313 0.39361846
v 0.27382030 0.49730992 0.31484561
v 0.09844565 0.52008395 0.34124930
v 0.22887369 0.47169128 0.30335426
v 0.10022604 0.52620770 0.31977000
v 0.06336727 0.51006470 0.34140964
v 0.09802201 0.48592604 0.28854834
v 0.03714524 0.51424438 0.34568527
v 0.07913182 0.50855808 0.31072660
v 0.17872463 0.49311427 0.23459193
v -0.08974992 0.55587121 0.25823593
v 0.19512609 0.51123046 0.23354514
v -0.00813547 0.49492926 0.20413370
v 0.17139435 0.53131180 0.20320527
v -0.08333117 0.54514347 0.20457330
v -0.11815336 0.52429655 0.21559558
v 0.00195414 0.51256435 0.16134930
v 0.19979093 0.49772128 0.09331978
v -0.06942081 0.48131674 0.10170692
v -0.26389792 0.50159440 0.11994717
v -0.28397180 0.51677425 0.09460904
v 0.16355221 0.50559409 0.08030896
v -0.28578398 0.52292141 0.06911051
v 0.22166030 0.52898942 0.08241898
v -0.17071008 0.51928208 0.06242995
v -0.18900183 0.53160631 0.05551995
v -0.12042194 0.50804424 0.08340095
v -0.28495426 0.48631528 0.03007950
v 0.24113740 0.53767050 0.06347442
v -0.31147594 0.48353517 -0.01036166
v 0.25849292 0.51632788 -0.02335423
v -0.22914052 0.47196226 -0.03199559
v -0.21197363 0.47910043 -0.04068734
v -0.05987683 0.46987352 -0.10273129
v 0.23272662 0.53626780 -0.10630132
v -0.06651573 0.47837066 -0.10391149
v -0.06267028 0.46416029 -0.11999548
v -0.08169686 0.47510749 -0.11532188
v 0.25059105 0.50972813 -0.16807508
v -0.22010243 0.49290704 -0.16274673
v -0.11471859 0.49207551 -0.21348231
v -0.12533013 0.52906848 -0.19350554
v 0.01289956 0.51671730 -0.22969212
v 0.00269825 0.51803913 -0.22457931
v -0.13246887 0.51870248 -0.25930896
v 0.25928828 0.51949580 -0.25860188
v 0.13269295 0.49203613 -0.24905163
v -0.11930246 0.53331635 -0.29539581
v -0.02453805 0.53706195 -0.29709503
v -0.04825888 0.54368002 -0.30997216
v 0.15800939 0.49752014 -0.30151257
v 0.15163540 0.52527495 -0.31100995
v -0.07137199 0.53008276 -0.32921595
v 0.25705738 0.50124549 -0.30936953
v 0.27398368 0.50594073 -0.33949321
v 0.24297864 0.48963329 0.46993069
v 0.09131005 0.51124899 0.45631394
v 0.05431602 0.52554540 0.41741810
v 0.16500765 0.50983803 0.41012063
v 0.24754500 0.50431381 0.27951441
v -0.01998243 0.49301961 0.28305481
v -0.11967283 0.56056855 0.26595055
v 0.07495843 0.49305321 0.28449959
v -0.09093455 0.55211948 0.22203654
v 0.26786801 0.52455534 0.17946137
v 0.14823841 0.54494252 0.17598447
v -0.08687427 0.53678075 0.18021694
v -0.23743682 0.53134797 0.15565049
v -0.03502332 0.51659887 0.17145511
v 0.21726911 0.50771424 0.12793263
v -0.22046586 0.52395402 0.11555062
v -0.24801023 0.54850524 0.09887585
v -0.12198900 0.52939915 0.05345508
v -0.09701288 0.53630560 0.01855262
v -0.28699748 0.51642188 0.01960905
v 0.26285815 0.49758440 -0.00487932
v -0.20659986 0.48789142 -0.02468902
v -0.29627877 0.52744952 -0.09473606
v -0.22470528 0.53059369 -0.09098985
v -0.24439573 0.55972498 -0.08528017
v -0.26771151 0.53509140 -0.13578365
v 0.19634639 0.53768306 -0.19920061
v -0.24488001 0.51579023 -0.16808148
v -0.12950082 0.50892444 -0.23201703
v 0.02221268 0.51937664 -0.25945015
v -0.13518313 0.51696921 -0.26328570
v 0.21949846 0.52565205 -0.21269462
v -0.12169223 0.55847978 -0.25406394
v -0.19235825 0.51681464 -0.27448428
v 0.06320230 0.51585613 -0.26628367
v -0.01907896 0.52969090 -0.24977913
v 0.14478636 0.50515084 -0.26676130
v -0.03213849 0.57864943 -0.27851347
v 0.06242769 0.50900397 -0.30892502
v -0.07782295 0.54482742 -0.31048480
v 0.14701800 0.50084863 -0.34158023
v 0.26925973 0.52206412 -0.34371302
v 0.24243001 0.54020826 0.44839424
v 0.07073411 0.49467228 0.45830801
v 0.05133743 0.48705884 0.42022561
v 0.05402880 0.55626232 0.37649331
v 0.14521317 0.52832630 0.39040058
v 0.26783260 0.50333842 0.35362780
v 0.27542438 0.52256586 0.31130162
v 0.27587094 0.50860697 0.31081519
v 0.06106804 0.53629221 0.33822707
v 0.20372954 0.50529592 0.25716707
v 0.08494052 0.51196400 0.28201743
v 0.21000340 0.52741962 0.24012445
v 0.06277278 0.53348506 0.27745455
v 0.15396833 0.55149278 0.19386583
v 0.25626362 0.55720752 0.21207568
v 0.18552949 0.52344038 0.19576296
v -0.15195185 0.52274536 0.22031214
v -0.17837028 0.53914257 0.21280098
v 0.02786441 0.54855370 0.16993250
v -0.12156987 0.52850034 0.21593468
v -0.18561118 0.52634178 0.18802678
v -0.05217610 0.53266938 0.17768116
v -0.01689094 0.51127712 0.15685657
v -0.14406043 0.51268465 0.11106536
v -0.18333382 0.51800685 0.10934722
v -0.10159171 0.51127421 0.10081786
v -0.06097140 0.51960082 0.07126307
v -0.26588113 0.55030209 0.09213673
v 0.19874555 0.52735230 0.07228728
v 0.17036233 0.52155144 0.05925187
v -0.23644114 0.57285510 0.08153475
v 0.21044670 0.56245552 0.04399035
v 0.19433167 0.55260579 0.05559957
v -0.16236970 0.53903331 0.04280753
v -0.27722677 0.54696190 0.01635768
v 0.23168135 0.55596315 0.05636489
v 0.22925769 0.53431828 -0.00096787
v -0.15406346 0.55215759 0.01213105
v -0.29488269 0.52193819 -0.03985068
v 0.25851495 0.50894966 -0.08169354
v -0.21370114 0.54682475 -0.08440862
v -0.22407258 0.49858717 -0.16085831
v -0.24547604 0.52660682 -0.16732288
v 0.25294018 0.52349710 -0.12441076
v 0.24547955 0.53035583 -0.15848347
v 0.25318206 0.54218250 -0.19489177
v -0.18980427 0.53752580 -0.16468246
v 0.21614161 0.52714776 -0.21238263
v -0.10507705 0.53064408 -0.18602190
v 0.24413083 0.53976330 -0.21323800
v -0.09774089 0.53437300 -0.19604711
v -0.12802349 0.53626614 -0.20920422
v 0.01058150 0.54418816 -0.23429523
v 0.23891000 0.53913929 -0.21444791
v -0.16177358 0.52217876 -0.28200526
v 0.14284910 0.52353511 -0.26076614
v 0.13726886 0.51343127 -0.25067745
v 0.15762403 0.52620643 -0.27287286
v 0.14916338 0.54905482 -0.30522941
v -0.05436765 0.57470787 -0.30208664
v 0.07142638 0.52655417 -0.33239593
v 0.26923407 0.52082581 -0.30723113
v 0.26774963 0.52227340 -0.33126135
v 0.14709170 0.49671180 -0.32957656
v 0.14863590 0.51646400 -0.33201183
v 0.21588538 0.54601992 0.44652120
v 0.18017121 0.53963962 0.42006732
v 0.08363476 0.56064109 0.42446764
v 0.16648792 0.54149630 0.38548042
v 0.11585725 0.56340622 0.41237560
v 0.25810833 0.56158078 0.32972602
v 0.02123914 0.55108335 0.36246345
v 0.01090927 0.52907209 0.35349810
v 0.28007024 0.55231345 0.30001839
v 0.05077761 0.56929937 0.32620866
v -0.04023487 0.52418938 0.28262160
v -0.03240031 0.54601045 0.21434352
v -0.01298115 0.51586585 0.18652990
v 0.00561969 0.52679677 0.17603135
v -0.16116050 0.55852731 0.23893222
v -0.14731462 0.55483126 0.23926543
v 0.25182591 0.54138772 0.16130759
v -0.09706413 0.55121788 0.17498143
v 0.15640460 0.53973085 0.17332612
v 0.00309511 0.53638606 0.15872707
v -0.01099114 0.53853464 0.17006224
v -0.24166217 0.51549697 0.14413960
v 0.20226030 0.53425258 0.06732852
v 0.16631664 0.53452663 0.07805541
v -0.06175891 0.53162462 0.03325246
v -0.07254912 0.54569676 0.01048344
v -0.18043125 0.56684234 0.02322952
v -0.13689482 0.57626080 0.01948960
v 0.23186379 0.53906294 -0.04155401
v -0.28763649 0.55268013 -0.07887884
v 0.23037984 0.53154097 -0.07318371
v -0.18158052 0.57733473 -0.06999518
v -0.20357719 0.55366868 -0.08689554
v -0.26408651 0.53587979 -0.11528752
v -0.26272021 0.53297866 -0.15531356
v -0.04788649 0.55040330 -0.18204408
v -0.05105214 0.55096141 -0.19411659
v -0.08937351 0.54789756 -0.17732126
v -0.23143499 0.53060241 -0.16465061
v -0.07424685 0.56500851 -0.21314708
v -0.22976640 0.51408216 -0.25571855
v -0.09966619 0.56460798 -0.22660362
v 0.26233070 0.56230119 -0.23951480
v -0.01072813 0.57068864 -0.25731894
v -0.09630228 0.58403610 -0.26425073
v 0.26545339 0.54829523 -0.25813760
v 0.14793777 0.54673661 -0.29632596
v 0.15218837 0.51940719 -0.30956712
v 0.14601809 0.54395284 -0.32179774
v 0.27692301 0.54638193 -0.31806033
v 0.26026717 0.51414137 -0.29458188
v 0.10222642 0.52296477 -0.34093471
v 0.26980577 0.54835151 -0.34329583
v 0.13561165 0.52686660 -0.32823835
v 0.24583928 0.55526680 -0.33132983
v 0.18687803 0.53928437 -0.33824846
v 0.26651327 0.54414546 0.41373832
v 0.17448948 0.55598743 0.42147367
v 0.25507874 0.56461659 0.35796644
v -0.04642541 0.54997125 0.33693718
v -0.02217231 0.51630786 0.31080041
v 0.27209000 0.55773226 0.27458360
v 0.26389399 0.56278883 0.25062532
v 0.25401626 0.53823613 0.25137957
v 0.05950087 0.57177704 0.28957092
v -0.03914441 0.53184307 0.24920291
v 0.16636276 0.58496594 0.20949573
v 0.22306136 0.52124872 0.22733776
v -0.12242596 0.54791640 0.22219306
v 0.15585769 0.55652252 0.17916604
v -0.22850721 0.56676062 0.14491025
v -0.04127245 0.53636294 0.17730468
v -0.17646581 0.54991750 0.06816126
v -0.22281411 0.56121935 0.10257306
v -0.06830088 0.52700843 0.07356397
v -0.25063059 0.58596393 0.06491669
v -0.26724413 0.57333317 0.05927085
v 0.15985550 0.54575055 0.05474620
v -0.25677763 0.59607786 0.02183081
v 0.22671214 0.57849708 0.02795299
v 0.17781044 0.57204032 0.02207257
v -0.19512143 0.58920154 0.03244009
v -0.28549641 0.55827178 -0.06128127
v -0.05517846 0.57877623 0.00213678
v -0.10164925 0.57387950 0.01755137
v -0.17090552 0.59642045 0.02690599
v 0.25144316 0.59597980 -0.06789970
v -0.15458690 0.57398619 -0.07948338
v 0.24138177 0.56421870 -0.09045819
v 0.23527285 0.57047774 -0.10280520
v 0.25611772 0.55158202 -0.11490571
v 0.26212981 0.54402185 -0.12957538
v -0.18600765 0.53404180 -0.15305006
v -0.24540031 0.55454531 -0.16148884
v 0.24867477 0.55353264 -0.16209648
v -0.04248403 0.56616163 -0.17853174
v 0.25648390 0.57220911 -0.19911750
v 0.24025757 0.56735784 -0.21534840
v -0.10848310 0.55014569 -0.18618661
v -0.02630151 0.57784608 -0.17695089
v -0.10809441 0.57676418 -0.20354496
v 0.01458825 0.56941913 -0.22988660
v -0.04501247 0.59517764 -0.21061972
v -0.24890552 0.53277735 -0.18738797
v -0.26567580 0.49660659 -0.19978625
v 0.20780368 0.54377155 -0.21087836
v -0.06236364 0.59232434 -0.23517365
v -0.25289724 0.56213896 -0.22580694
v 0.00067426 0.59091793 -0.23726236
v -0.18400337 0.54459725 -0.27544202
v -0.21542062 0.55119269 -0.26372332
v 0.12702170 0.54477982 -0.25834690
v 0.05090897 0.53187309 -0.27435473
v 0.02718661 0.54758102 -0.28949924
v -0.05002344 0.59556871 -0.28123576
v 0.13720684 0.56578737 -0.28925964
v -0.08807539 0.58580751 -0.28416630
v 0.05933083 0.54670799 -0.32383483
v 0.24718837 0.55834635 -0.27090881
v 0.14525297 0.56915527 -0.31372520
v 0.26456779 0.56695621 -0.33141461
v 0.27542498 0.55015608 -0.29496429
v 0.26317513 0.55368850 -0.34420064
v 0.19206443 0.54724363 0.43448437
v 0.05838467 0.59122802 0.39309442
v 0.13876408 0.56467211 0.40789056
v 0.15759731 0.54137926 0.37951157
v 0.06981335 0.57326539 0.33472530
v 0.08655148 0.54767534 0.30123407
v 0.25103474 0.58078416 0.31842721
v -0.02277041 0.57023437 0.35401857
v -0.07034442 0.56486142 0.31634659
v 0.08399987 0.55688835 0.27663532
v -0.06868229 0.57731539 0.24845908
v 0.19525839 0.55427024 0.22624922
v 0.07194785 0.53551657 0.27135919
v -0.03741986 0.57401399 0.22336522
v -0.02107309 0.55727580 0.20094669
v 0.02812312 0.56865656 0.19392473
v 0.02733552 0.55194483 0.18718194
v 0.23904057 0.54856263 0.22289575
v -0.15927293 0.58108083 0.24014387
v 0.14379123 0.56937521 0.19321816
v 0.26419039 0.54936320 0.19360962
v 0.14914177 0.58536650 0.19493304
v 0.02414656 0.56491988 0.17051242
v -0.10219538 0.56527631 0.21981323
v -0.21558537 0.56967502 0.16777177
v 0.19188349 0.58208143 0.20182837
v 0.00947078 0.59336103 0.18037861
v -0.07393089 0.54887543 0.16687845
v 0.24818802 0.53690892 0.11275887
v 0.22322590 0.53849204 0.07665310
v -0.18139516 0.56585680 0.06770155
v -0.10860730 0.53917364 0.06754945
v 0.17358100 0.56506716 0.05902256
v 0.16619910 0.57560016 0.04436045
v -0.22368449 0.59781175 0.04635725
v 0.16942148 0.55384571 0.04150042
v 0.21765103 0.58048741 0.03234335
v 0.17699864 0.57801474 0.00517199
v 0.20836295 0.58889977 0.01168839
v -0.10521168 0.59520517 0.00469662
v -0.26171915 0.58320085 -0.05781812
v -0.11057671 0.59673830 -0.01943521
v -0.14350106 0.58368864 -0.04373222
v -0.11995277 0.57481872 -0.04038518
v -0.21022040 0.59689769 -0.05331770
v -0.09919630 0.56985684 -0.04669283
v 0.22377478 0.60072460 -0.09816662
v -0.12356312 0.57749041 -0.07756110
v -0.23345035 0.53659841 -0.10250358
v -0.19538660 0.55915784 -0.15367559
v -0.27674883 0.55516851 -0.14491003
v -0.08085157 0.55698832 -0.17995250
v -0.19158676 0.57500203 -0.18503510
v 0.19186089 0.56113032 -0.19153389
v -0.00470481 0.59810753 -0.20435385
v -0.24066373 0.57652406 -0.19138012
v -0.03291301 0.60437691 -0.23528706
v 0.26366044 0.53471288 -0.23554987
v 0.13526489 0.55665485 -0.26498508
v 0.01194794 0.53565837 -0.26843836
v -0.07047852 0.60000707 -0.27539061
v 0.04243367 0.56020849 -0.30897322
v 0.24826675 0.57401184 -0.26910664
v 0.14753358 0.57106687 -0.31891482
v 0.23853124 0.56731801 -0.32556375
v 0.24291335 0.56677213 0.42721663
v 0.24838684 0.57356393 0.40366363
v 0.09706647 0.59110608 0.41519127
v 0.05809006 0.58493866 0.36642164
v 0.23684684 0.58951605 0.35323050
v 0.07961953 0.57869683 0.29111735
v 0.26811069 0.58207756 0.28547816
v 0.02253718 0.57749984 0.34645463
v -0.03956452 0.58149443 0.33810730
v 0.24669176 0.58604844 0.23047474
v 0.03724170 0.58633738 0.29956937
v 0.14887394 0.61108351 0.18798155
v -0.01266310 0.60376012 0.20340906
v -0.04508255 0.55429178 0.19407234
v -0.08156946 0.56328214 0.20451563
v -0.15946846 0.60294221 0.18113759
v -0.17298277 0.59312855 0.19672916
v 0.25583681 0.57636892 0.15173634
v -0.22082487 0.58573979 0.12643946
v -0.18599211 0.60009452 0.12171855
v 0.25671559 0.56648580 0.12059344
v 0.24966380 0.57495268 0.08189891
v 0.19344014 0.54865388 0.06245665
v -0.06791905 0.54159208 0.04070912
v -0.09091478 0.56871019 0.02349327
v -0.06206666 0.55691907 0.02654825
v -0.24560894 0.60999815 -0.00302608
v -0.18577899 0.60881880 0.02149933
v 0.18746431 0.60336602 -0.03402479
v 0.18378315 0.57734616 -0.00036506
v 0.21715922 0.60726173 -0.00677859
v -0.07355962 0.59162979 -0.02612944
v -0.18630461 0.62051727 -0.00908432
v -0.23725051 0.60135294 -0.04373784
v 0.23799837 0.60430803 -0.01323852
v 0.23949979 0.61047507 -0.06130970
v 0.21221228 0.60851812 -0.08942305
v -0.12214211 0.58356382 -0.08263379
v -0.23270912 0.57255621 -0.16727557
v 0.25566646 0.58050923 -0.14019612
v 0.21495929 0.57346918 -0.20762866
v 0.18220189 0.57421830 -0.17912361
v -0.18299462 0.57609518 -0.17468932
v 0.01390267 0.59133493 -0.22091537
v -0.21320574 0.56461709 -0.17730610
v -0.11596774 0.57379315 -0.22641267
v 0.20557773 0.58504530 -0.20276471
v 0.22428695 0.58169710 -0.21203505
v 0.00224840 0.56563204 -0.24451168
v 0.11585492 0.56868850 -0.25400106
v 0.13918188 0.57853560 -0.28786751
v 0.27710411 0.57345382 -0.29607960
v 0.24915463 0.56632545 -0.28549932
v 0.12668534 0.57597784 -0.33418076
v 0.17602187 0.57857959 -0.33955204
v 0.27152838 0.57532335 -0.34362404
v 0.22905189 0.62167648 0.43507009
v 0.21283086 0.56205422 0.44371381
v 0.16726845 0.58233586 0.44074167
v 0.12738400 0.58356699 0.41965323
v 0.08129877 0.59635166 0.32422656
v 0.20682267 0.59799474 0.31993439
v 0.22659787 0.60357390 0.30952444
v 0.25784382 0.60417228 0.27488428
v -0.06532121 0.58797545 0.32456213
v -0.08190542 0.57840208 0.26909275
v 0.06700131 0.58680545 0.27490295
v 0.13423087 0.57850407 0.20160516
v -0.12347322 0.57857644 0.24820198
v -0.01576177 0.57407674 0.20332325
v -0.07646838 0.58311503 0.22663507
v 0.24711797 0.59068864 0.20466851
v 0.21790452 0.61010555 0.20303775
v 0.17349128 0.60924988 0.20088619
v 0.16139109 0.61618535 0.14380186
v 0.15960827 0.62393679 0.15467355
v 0.00428511 0.60479204 0.17038541
v -0.16734237 0.59970863 0.11440205
v 0.26989584 0.61528168 0.10116412
v -0.01608175 0.60845040 0.14370795
v -0.03340188 0.59563534 0.13023807
v -0.18401847 0.58502945 0.08292532
v -0.02869677 0.60421255 0.12448016
v 0.24422081 0.57710493 0.07057750
v -0.12769522 0.56061062 0.03735380
v -0.21739159 0.62104409 0.00925288
v -0.06735986 0.59462036 -0.01759237
v 0.21958523 0.61626342 -0.04654814
v -0.05755133 0.60597598 -0.02229231
v -0.13542760 0.58475167 -0.08851337
v -0.22458954 0.56701268 -0.09449597
v 0.25081155 0.59399800 -0.12535733
v -0.02656019 0.58753945 -0.16802163
v -0.18643426 0.57799987 -0.16614121
v -0.00282482 0.59902623 -0.17857197
v -0.04346776 0.57886646 -0.18425133
v 0.02713708 0.60440510 -0.20574313
v -0.11496063 0.59665459 -0.24474448
v 0.01106215 0.59766931 -0.23912010
v -0.00118998 0.58197578 -0.26457945
v -0.22764504 0.59358425 -0.25389940
v 0.23776400 0.58201991 -0.23017977
v 0.26228406 0.60244537 -0.25424175
v 0.25998546 0.59511029 -0.26369673
v 0.12405597 0.59826485 -0.26992831
v 0.27764798 0.59252698 -0.30394709
v 0.28014177 0.57534403 -0.31383522
v 0.22448315 0.60115090 -0.33619852
v 0.27082570 0.59022215 -0.33207057
v 0.18568984 0.60190032 0.44989435
v 0.24279604 0.63023066 0.38179157
v 0.08243675 0.60329567 0.40542034
v 0.22797964 0.61626999 0.35319998
v 0.08008945 0.60807253 0.35407823
v 0.11428754 0.61040507 0.34517772
v 0.08467351 0.59646838 0.29993934
v -0.05388471 0.61646980 0.32504800
v -0.08605962 0.59214700 0.29693534
v -0.00977469 0.59226244 0.31339240
v 0.25758547 0.61295273 0.24511562
v 0.19416073 0.60201092 0.22501438
v -0.00912369 0.60955647 0.22911905
v 0.00426954 0.57620828 0.21264344
v -0.10699440 0.60989761 0.24989011
v 0.23481343 0.62337125 0.18694774
v -0.00189188 0.61330179 0.18563456
v 0.16798616 0.62350647 0.17629507
v 0.22183604 0.63824734 0.16496711
v 0.19349381 0.62680692 0.14933630
v 0.24928281 0.61580078 0.17507534
v -0.04476040 0.60170087 0.13552443
v 0.15854968 0.59701825 0.12281924
v 0.14336169 0.59873787 0.12453734
v 0.25940207 0.59118315 0.06264757
v 0.14856889 0.59852541 0.10721211
v -0.18539289 0.59544010 0.07947772
v -0.16519515 0.54771604 0.05950019
v 0.22623761 0.57791360 0.05382500
v -0.16519015 0.59679677 0.02109899
v -0.08808644 0.59023098 0.01885128
v -0.05010683 0.59613365 0.00511882
v 0.16987431 0.61047233 -0.01366181
v 0.16773580 0.60101247 -0.01734216
v -0.04468505 0.59392094 -0.00532686
v 0.18486976 0.61343465 -0.06025069
v 0.20552129 0.61812674 -0.07253692
v -0.27776651 0.58663128 -0.09920323
v -0.28506134 0.58188183 -0.11538564
v 0.22990446 0.58292367 -0.10775538
v -0.27676144 0.58705294 -0.15597540
v -0.00084562 0.61182694 -0.15879379
v -0.22029227 0.60062718 -0.19425923
v 0.22467520 0.60907081 -0.21047490
v -0.20429786 0.59164443 -0.18675017
v 0.25320748 0.59802147 -0.20155918
v 0.00970718 0.60521393 -0.19397631
v 0.18202234 0.60059135 -0.18240911
v -0.10035227 0.59076585 -0.20974153
v 0.01894193 0.59920661 -0.21940822
v -0.21949142 0.58629201 -0.18263908
v -0.23595708 0.60793478 -0.20541691
v -0.15373329 0.60883869 -0.27810040
v 0.11398157 0.56838837 -0.26524953
v 0.00575508 0.57874564 -0.29549391
v 0.14683316 0.60947820 -0.31416055
v 0.25367119 0.59499510 -0.29115531
v 0.15105771 0.59318863 -0.31481333
v 0.10499664 0.60144966 -0.33581017
v 0.13352735 0.60388224 -0.33316584
v 0.20979337 0.60126364 0.45108902
v 0.14898885 0.60744430 0.42895798
v 0.12512930 0.61037746 0.41085339
v 0.20601597 0.62618813 0.34067341
v -0.02688166 0.60135643 0.32346698
v 0.05122417 0.59171315 0.27656876
v -0.04727231 0.61371165 0.24109749
v 0.14535905 0.61290956 0.21524133
v -0.09831647 0.64025259 0.24326195
v -0.07964001 0.65273658 0.22691164
v 0.13655518 0.60961942 0.18747039
v -0.03206620 0.62902312 0.20164394
v 0.02854649 0.59532101 0.16858315
v -0.06967509 0.63498118 0.15504825
v -0.04920640 0.63488422 0.17808276
v -0.15571758 0.60592498 0.17791599
v -0.15179700 0.59621752 0.15392354
v -0.18246739 0.60662401 0.14063536
v 0.24648204 0.63700337 0.14943625
v -0.03256327 0.61311946 0.13951174
v 0.15006394 0.63460673 0.10927620
v 0.20113879 0.63505179 0.12014438
v 0.17318752 0.62168215 0.11346980
v 0.23132599 0.58812227 0.04301843
v 0.21154441 0.58218453 0.03627952
v 0.18499397 0.58181963 0.01682750
v -0.07725779 0.59890777 0.00663249
v 0.16449200 0.61425912 -0.03579243
v -0.10011563 0.57980535 -0.05675654
v -0.16231477 0.57955435 -0.08506104
v -0.21192808 0.60652073 -0.07453964
v -0.24959128 0.57974914 -0.08863136
v 0.23804997 0.61650460 -0.11550688
v 0.18953428 0.60503658 -0.19033678
v 0.00140611 0.61188201 -0.17990972
v -0.26028302 0.61577278 -0.17479505
v 0.25609290 0.62859149 -0.17951187
v -0.04976077 0.61087108 -0.22892126
v -0.11092028 0.59947168 -0.21501455
v -0.24427024 0.58962693 -0.23255577
v -0.13865400 0.66495911 -0.26261856
v -0.12404244 0.57756978 -0.26971055
v -0.24696596 0.61443734 -0.23716825
v 0.22692529 0.61941989 -0.21498747
v 0.25029476 0.60302907 -0.23811402
v 0.25072548 0.65300350 -0.24584034
v 0.13161107 0.61470444 -0.28844250
v 0.00935877 0.60430209 -0.28495866
v 0.25845729 0.61176029 -0.31805368
v 0.19544025 0.61818045 -0.33999548
v 0.24059189 0.63597172 0.41039828
v 0.12017501 0.62202265 0.38337042
v 0.24720629 0.60961584 0.29141226
v 0.00391895 0.60302885 0.32184393
v -0.08060780 0.64798279 0.27341753
v 0.23182129 0.61563892 0.22680240
v -0.13153123 0.61425297 0.24926771
v -0.13957495 0.62594476 0.23220256
v 0.13264230 0.62127930 0.19093795
v -0.15089788 0.65157674 0.20885383
v -0.08069169 0.66653104 0.19604180
v 0.00010032 0.61474614 0.15407630
v -0.17294631 0.63485748 0.18477176
v -0.03980359 0.62186612 0.11221923
v 0.25338843 0.64171809 0.11224322
v 0.22190894 0.64700950 0.11027390
v 0.27077126 0.60679331 0.07332016
v 0.25729556 0.64796174 0.06583556
v 0.26222324 0.61406326 0.05559837
v 0.25596743 0.60857642 0.04428364
v -0.13700501 0.60130110 0.02049277
v -0.10084783 0.61805694 0.01032403
v -0.28023491 0.62370185 -0.15140533
v 0.00228515 0.61718136 -0.15926047
v -0.20082882 0.63481775 -0.13537318
v -0.23453970 0.63945714 -0.16563878
v -0.26677152 0.63776335 -0.16328601
v 0.18997659 0.63503098 -0.17521513
v -0.22311781 0.64225325 -0.17692833
v 0.15228408 0.63739043 -0.15855651
v -0.21675418 0.61482162 -0.19129944
v 0.01335854 0.61886743 -0.26673729
v -0.23777185 0.61780185 -0.25463455
v 0.03993116 0.61995308 -0.29109148
v 0.12848200 0.61848969 -0.27497293
v 0.14614401 0.61350504 -0.32019299
v 0.23595630 0.62124265 -0.27483260
v 0.14509022 0.63598515 -0.30196444
v 0.12701836 0.62372857 -0.33500900
v 0.25614405 0.61979181 -0.31803317
v 0.15146035 0.61986777 -0.32712957
v 0.19462185 0.65654686 0.43236364
v 0.16014009 0.63194172 0.41630608
v 0.11688041 0.61546687 0.33161264
v 0.20837880 0.62953010 0.33654115
v 0.25373205 0.62557073 0.32175023
v 0.10233282 0.61506234 0.31321387
v 0.25393522 0.62476133 0.27262532
v 0.26379310 0.63312424 0.30571489
v 0.02812160 0.60577622 0.29973477
v 0.00175952 0.64196026 0.35271067
v -0.01692985 0.62929610 0.33869950
v -0.04820478 0.64967309 0.32145363
v -0.07507200 0.62548756 0.31184652
v 0.24007008 0.64867108 0.26737837
v 0.19803766 0.64837987 0.24813664
v 0.16706194 0.62833714 0.23306682
v -0.06165640 0.64093129 0.24777049
v -0.00784358 0.62895682 0.21727273
v 0.03043456 0.59751676 0.18329130
v -0.12440391 0.65376225 0.23492980
v -0.10619618 0.66937692 0.22171835
v -0.13277853 0.67524144 0.20157630
v -0.18542220 0.64290738 0.16176283
v -0.13592473 0.66761717 0.16245932
v -0.16218665 0.65922110 0.16183332
v 0.16011541 0.63016032 0.12924412
v -0.19502854 0.61818269 0.11341967
v -0.19394794 0.62884526 0.14817089
v -0.19897028 0.60383726 0.06048049
v -0.20622639 0.63939958 0.08570714
v -0.05689997 0.63573220 0.10370874
v 0.24735384 0.65435479 0.08948072
v -0.03155405 0.63255397 0.09502295
v -0.14578182 0.63181495 0.02226870
v -0.18610916 0.63068829 0.03811733
v 0.25689945 0.62929074 0.02068400
v 0.22346150 0.59726184 0.00205041
v 0.19571635 0.62413584 -0.03205735
v -0.07441640 0.60952597 -0.03002243
v -0.12958345 0.59484866 -0.06219267
v -0.14103999 0.60489384 -0.08081081
v 0.20167212 0.61426046 -0.08873474
v -0.22424026 0.63425234 -0.06785958
v 0.23837492 0.63416271 -0.11168482
v -0.16745850 0.64675077 -0.13606780
v -0.23906565 0.65902335 -0.14551620
v -0.15812295 0.64473823 -0.14869023
v -0.19932067 0.64940825 -0.14367985
v 0.23509144 0.64142274 -0.19275346
v -0.18492592 0.64228245 -0.13959718
v -0.00679666 0.62730663 -0.18244272
v 0.18310003 0.63013435 -0.19231139
v -0.24215708 0.63874320 -0.20834599
v 0.03705088 0.64571144 -0.27236314
v -0.18667293 0.63879747 -0.26717979
v 0.23440816 0.62742652 -0.35064509
v 0.20475106 0.67157251 0.42578441
v 0.22020838 0.67896516 0.39369101
v 0.21098110 0.67621367 0.36855297
v 0.11439186 0.62607178 0.37217120
v 0.12314999 0.65034242 0.39528646
v 0.07874679 0.62560427 0.35620932
v -0.00052634 0.65365767 0.34549183
v 0.07179089 0.60783405 0.29706252
v 0.05036772 0.61237413 0.34094965
v -0.04104700 0.65885275 0.22945773
v 0.13659202 0.62440188 0.19021215
v 0.02043149 0.62154471 0.18268642
v 0.15244208 0.62608865 0.16699908
v 0.01324626 0.62376013 0.15680041
v -0.03699578 0.63235909 0.11485978
v -0.01933179 0.64539452 0.09668454
v -0.11317352 0.66719232 0.15869477
v -0.19844347 0.66021626 0.09318416
v -0.07629479 0.64124455 0.12981076
v -0.20380039 0.62279619 0.05147209
v 0.15053498 0.66044622 0.09826664
v -0.18311325 0.65805132 0.05784665
v 0.20077270 0.67729205 0.09190708
v -0.10902120 0.65445292 0.04685246
v 0.23168435 0.63245929 -0.01957833
v -0.05715408 0.62109822 -0.00458542
v -0.09061795 0.63457520 -0.00151408
v -0.09619802 0.59183212 -0.04553515
v 0.18767267 0.62518255 -0.04810798
v -0.14719841 0.63659714 -0.08307518
v -0.25712555 0.63740924 -0.07492205
v -0.20687960 0.64670172 -0.13300702
v 0.26755650 0.65556762 -0.12767223
v 0.25833107 0.62644544 -0.12894367
v 0.17169529 0.67856773 -0.13052841
v -0.25212313 0.66138774 -0.14272765
v 0.22294290 0.65473934 -0.18242789
v -0.13874131 0.65799058 -0.16159181
v -0.01728404 0.62067826 -0.16438012
v 0.14306695 0.64183680 -0.14857694
v -0.20168718 0.66106359 -0.15328161
v -0.22394083 0.66422609 -0.17308410
v 0.15163125 0.64644132 -0.16061994
v -0.00884766 0.62663589 -0.22284210
v -0.06579189 0.58218560 -0.21455014
v -0.02466658 0.64863859 -0.23203301
v -0.13064129 0.66516089 -0.24539809
v -0.24332704 0.65777916 -0.22032607
v -0.01177341 0.62948547 -0.25305308
v -0.11052570 0.61847095 -0.21058529
v 0.24929817 0.65026958 -0.22242180
v -0.00724062 0.65357702 -0.26722921
v 0.15135382 0.65732650 -0.28350338
v 0.12456005 0.64512419 -0.27291249
v 0.05638093 0.64929520 -0.29533798
v 0.24663486 0.65607634 -0.30223952
v 0.14216933 0.63087861 -0.29808756
v 0.10977377 0.63367321 -0.33421700
v 0.16179931 0.64515475 -0.32160522
v 0.14341187 0.63609143 -0.34327345
v 0.09897408 0.66685165 0.38417343
v 0.05361990 0.65196259 0.36826370
v 0.04078888 0.62990337 0.36267983
v 0.21491479 0.66293791 0.35008325
v -0.00762956 0.66190837 0.32361288
v 0.02023154 0.67366679 0.28549153
v -0.01749421 0.67721647 0.30566937
v 0.06333631 0.66688361 0.25070881
v 0.06191478 0.66356571 0.23943239
v 0.01864508 0.67875608 0.27528491
v 0.01241914 0.63154403 0.16872125
v 0.16800505 0.63366580 0.14646749
v -0.02432460 0.62686091 0.16108880
v -0.18034897 0.65981610 0.14369452
v 0.00118895 0.66198380 0.09518963
v -0.16378078 0.67053020 0.15451228
v -0.04724212 0.65309032 0.09580783
v -0.12505607 0.65605981 0.06056663
v 0.13885934 0.66991181 0.08181331
v -0.00684198 0.66662506 0.09048625
v 0.22370457 0.68755513 0.06539285
v 0.24331991 0.69424085 0.02804155
v 0.18873603 0.69059398 0.03481204
v 0.15162943 0.65902031 0.02682240
v 0.14815321 0.67642742 0.04524161
v 0.25154345 0.63997180 0.01127607
v 0.13869155 0.66735617 0.02530764
v -0.11532532 0.62022858 -0.01615852
v -0.17368213 0.62414516 -0.02279228
v 0.20088132 0.61864842 -0.06031288
v 0.21834292 0.63073957 -0.06946242
v -0.14981316 0.61593408 -0.07613419
v 0.25707511 0.65811565 -0.10223587
v -0.22802737 0.69095051 -0.07926516
v -0.20361567 0.65759272 -0.14283205
v 0.26805107 0.67877378 -0.13727056
v 0.19761132 0.66001256 -0.16042302
v -0.15221486 0.66604791 -0.14807690
v 0.25685214 0.65767580 -0.16907025
v -0.00811708 0.64533784 -0.15490645
v -0.02401179 0.64894780 -0.16738206
v -0.03357180 0.63326526 -0.20018208
v 0.13940919 0.65760109 -0.14613287
v 0.18228388 0.66681894 -0.17804556
v -0.03596559 0.64668473 -0.23185232
v -0.08154664 0.63498865 -0.26089547
v -0.08694143 0.59772602 -0.22283183
v -0.11427125 0.64755295 -0.22945330
v -0.05618725 0.64164690 -0.26065564
v 0.02698201 0.66002000 -0.27612591
v -0.14841061 0.66241556 -0.26687615
v -0.23306225 0.65082293 -0.25013822
v 0.23599117 0.66638813 -0.25790136
v 0.24330392 0.67083487 -0.33600301
v 0.18495771 0.64982852 -0.33147233
v 0.23164989 0.68375150 -0.34239443
v 0.13297517 0.66469162 0.40284457
v 0.20518012 0.69474718 0.38940844
v 0.26559481 0.66878013 0.33389853
v 0.26023271 0.65929013 0.28323967
v 0.11376069 0.68021693 0.28499642
v 0.07028094 0.69836462 0.28468931
v 0.04775208 0.70740991 0.30616044
v 0.08587590 0.67618966 0.25293422
v -0.05311292 0.68500960 0.29535064
v -0.07057030 0.67151662 0.27320196
v -0.02032296 0.70974814 0.28495650
v -0.04229893 0.71299340 0.25986751
v 0.02075888 0.71029286 0.26142364
v 0.15019746 0.62203651 0.20938361
v 0.18154004 0.65345116 0.18773747
v 0.14279021 0.65138990 0.10479005
v 0.12460575 0.66650433 0.10161037
v -0.07488511 0.66556045 0.12653405
v -0.12668778 0.68674776 0.08421805
v 0.12018875 0.65930207 0.09418424
v 0.17381880 0.68962438 0.06110997
v -0.09344019 0.64259777 0.01696395
v 0.19801035 0.69151817 0.07335302
v -0.08233893 0.63144801 0.00106763
v 0.25047880 0.67599987 -0.00588140
v 0.15280737 0.66440009 0.01584511
v -0.14770004 0.64083777 0.00898265
v -0.22714755 0.65136056 -0.01260873
v -0.18361333 0.61939510 -0.03995429
v -0.22510593 0.64231372 -0.03144259
v 0.22889707 0.65763403 -0.03840620
v -0.16779384 0.61449605 -0.05880610
v 0.25170759 0.66365247 -0.06438460
v -0.19658613 0.67386345 -0.08319241
v 0.26504403 0.67748423 -0.08769260
v 0.13730859 0.67080042 -0.11623854
v 0.27006965 0.69132647 -0.10289133
v 0.14254229 0.64840811 -0.13887386
v -0.12470929 0.69429825 -0.11455304
v -0.27271145 0.65713591 -0.11722846
v 0.21892737 0.68479327 -0.16573269
v 0.23229886 0.70737988 -0.15773233
v -0.13219105 0.68634814 -0.13601827
v -0.12993237 0.66926252 -0.16004571
v -0.00198215 0.67278214 -0.18062115
v -0.14612570 0.67080455 -0.17109763
v -0.01951283 0.65988438 -0.20491744
v -0.18406469 0.67147779 -0.15245157
v -0.20935225 0.67676620 -0.16157296
v -0.21999816 0.69514731 -0.18606487
v -0.23721648 0.67278287 -0.19129006
v 0.22670409 0.65977804 -0.19400431
v -0.10926842 0.66391422 -0.25879956
v -0.02181262 0.66651349 -0.25281788
v 0.05514405 0.67114147 -0.28012238
v 0.13390165 0.65341377 -0.26904886
v 0.13787648 0.65621418 -0.28415928
v 0.15339844 0.63194001 -0.32523918
v 0.18372769 0.71567054 0.39164217
v 0.11805376 0.68692438 0.37896966
v 0.06922178 0.67951705 0.36724866
v 0.20942060 0.69517054 0.37198520
v 0.07809322 0.71979689 0.33979529
v 0.02758327 0.68471527 0.34085097
v 0.24573853 0.71013253 0.36281405
v 0.25139458 0.66064187 0.34514177
v 0.10239215 0.72052830 0.31618102
v 0.13866490 0.68585059 0.29208854
v 0.07784680 0.72267641 0.32410517
v 0.23850165 0.66530296 0.26109986
v 0.12196353 0.68373665 0.28075187
v -0.05656816 0.68791267 0.24881709
v 0.05778448 0.67057123 0.22169405
v 0.19368357 0.64841518 0.21228677
v -0.03977166 0.66982579 0.21259630
v 0.04666238 0.67935686 0.21645169
v -0.02169415 0.65894259 0.18939646
v 0.16054759 0.64175413 0.17956646
v 0.19774804 0.65703178 0.14248988
v -0.05257322 0.64338113 0.14228927
v -0.05971794 0.67891557 0.13804362
v -0.11178655 0.68671475 0.16792136
v -0.17512009 0.70312613 0.12210889
v -0.16008605 0.70298385 0.10153458
v -0.07226037 0.69647943 0.12545055
v 0.21523086 0.70645152 0.03708903
v -0.10060625 0.65542237 0.01530606
v -0.19243734 0.64769289 0.02758654
v -0.21226298 0.64905183 0.02130189
v 0.16717201 0.68024773 0.01643545
v 0.14246375 0.68614428 0.02241242
v 0.13370458 0.70439184 0.01822211
v 0.24004220 0.68111048 -0.03554401
v -0.22562831 0.67607696 -0.01310156
v -0.22273577 0.65115294 -0.04799128
v -0.04528579 0.67901979 -0.06703048
v -0.16577005 0.65387212 -0.07037098
v 0.25182106 0.69333239 -0.05943066
v -0.09918288 0.70839237 -0.08884998
v -0.04070490 0.67872346 -0.08741246
v -0.26993606 0.65735515 -0.09549038
v -0.13670714 0.68060795 -0.14723183
v -0.18388506 0.69953050 -0.15311669
v -0.21904060 0.68962459 -0.15215696
v -0.01020406 0.67678383 -0.16472063
v 0.13768209 0.68945988 -0.13177839
v 0.02493462 0.69293779 -0.18705514
v 0.20296620 0.69603363 -0.16540419
v 0.22639258 0.68885239 -0.18647712
v -0.01951862 0.68462357 -0.23412189
v -0.12236577 0.68750940 -0.25418140
v 0.23976307 0.69002479 -0.21275330
v -0.13985261 0.69441631 -0.25674493
v -0.20524576 0.67054201 -0.25099050
v 0.15391283 0.69021840 -0.27817312
v 0.07344650 0.67978707 -0.30518429
v 0.17706080 0.67548840 -0.30282033
v 0.24243320 0.73259457 -0.29780327
v 0.15645317 0.66042962 -0.29583977
v 0.15890033 0.70455134 0.39921695
v 0.20934344 0.72837459 0.36636889
v 0.15469533 0.74423291 0.34842959
v 0.25371180 0.73241487 0.34812756
v 0.26771418 0.67216505 0.29601552
v -0.02271337 0.72362692 0.26429703
v 0.00032244 0.72717547 0.25613428
v -0.04774417 0.71548111 0.23556356
v 0.22603063 0.65451296 0.17538188
v 0.05295765 0.68928337 0.21349163
v -0.05481219 0.66012918 0.17300863
v 0.18898559 0.67583619 0.11542265
v -0.18497813 0.69128638 0.13546298
v 0.00927541 0.67724013 0.10245279
v 0.00774933 0.67866009 0.07614575
v -0.00116973 0.70182706 0.06798016
v -0.12045978 0.67648364 0.05360612
v -0.14442545 0.66882009 0.03848542
v -0.22326968 0.67279334 0.02322489
v 0.22824718 0.71816127 0.02341284
v 0.18028127 0.72643663 0.02415579
v 0.11791708 0.70143132 0.00804225
v -0.22267725 0.68226930 0.00493698
v 0.15770596 0.71030233 0.01360184
v -0.14417875 0.70102954 -0.02378187
v 0.14234024 0.72660905 -0.02613491
v 0.23597431 0.72277040 -0.02209513
v 0.16902061 0.74101310 -0.01127034
v 0.14944738 0.72594192 -0.03754121
v -0.07123663 0.69866466 -0.06948698
v -0.20051214 0.70224042 -0.01298907
v 0.23447488 0.72590217 -0.04790886
v 0.24506012 0.70822531 -0.07610152
v 0.10731730 0.68943090 -0.10399394
v -0.14299619 0.71575004 -0.10058913
v 0.18190389 0.73115926 -0.12369380
v -0.05996665 0.69702122 -0.08634259
v -0.12922031 0.69304563 -0.10139538
v -0.10584452 0.70747420 -0.09440272
v 0.25539434 0.70090026 -0.14698055
v -0.20791576 0.71923598 -0.14750798
v -0.03008564 0.68025931 -0.23737005
v -0.22070210 0.69580954 -0.22452624
v 0.22163993 0.70439184 -0.18441212
v 0.20249997 0.71696723 -0.21367058
v -0.05497699 0.67326935 -0.26009439
v -0.17098642 0.69809559 -0.26499562
v 0.22691344 0.69283741 -0.23622733
v 0.06519983 0.69079960 -0.28025443
v 0.23420473 0.72941567 -0.31161472
v 0.21464419 0.68916325 -0.34383721
v 0.15999313 0.67396270 -0.33176299
v 0.14799852 0.67649926 -0.34184156
v 0.10831461 0.72671563 0.35796508
v 0.19570939 0.73937935 0.32744930
v 0.25353580 0.68462562 0.26942654
v 0.25312277 0.67454486 0.19231406
v 0.05255129 0.70561107 0.23446461
v 0.25692556 0.69416678 0.21059103
v -0.04943768 0.68706870 0.23057130
v -0.06890599 0.68739074 0.19491329
v 0.03941426 0.70362970 0.19808309
v -0.07713543 0.69179409 0.17434364
v 0.24687823 0.67092606 0.14362750
v 0.11354670 0.67586024 0.08371707
v -0.14523409 0.71314970 0.09810949
v -0.03822617 0.72439474 0.12250021
v 0.02028553 0.68952780 0.06238645
v 0.00754727 0.69983870 0.05182506
v 0.00079163 0.70382365 0.04007981
v -0.21312137 0.69918572 0.02065459
v 0.10898446 0.70755563 0.01729488
v -0.19595660 0.70994576 -0.00350313
v 0.13381827 0.71984485 -0.00245437
v 0.23121429 0.72754582 -0.03079706
v 0.20611879 0.74467430 -0.03372426
v -0.15149664 0.70131266 -0.03163005
v -0.02758477 0.68076223 -0.07392784
v -0.16664942 0.73080567 -0.03804305
v -0.23652811 0.70281791 -0.03778313
v -0.02818577 0.69317303 -0.07317404
v 0.16604614 0.72575654 -0.04526955
v 0.20773548 0.73384411 -0.07061422
v 0.11206583 0.71552023 -0.09639228
v -0.10859392 0.71727167 -0.08316633
v -0.20359606 0.68297339 -0.08202754
v 0.24788942 0.72872099 -0.11938335
v 0.09525573 0.71791098 -0.09116222
v -0.24087425 0.70136248 -0.08379720
v -0.25212845 0.70288738 -0.13156929
v 0.20744683 0.72581601 -0.13930963
v -0.04086865 0.70701557 -0.11733105
v -0.18691102 0.74173621 -0.12468320
v 0.10312963 0.69168332 -0.11190283
v -0.13170868 0.68132375 -0.16246976
v 0.02080031 0.69749697 -0.17877233
v 0.00286315 0.68849586 -0.17258960
v 0.19871249 0.70666675 -0.15526463
v 0.03251002 0.70681786 -0.19628647
v -0.03394063 0.66932606 -0.19317513
v 0.21057588 0.71220775 -0.17418211
v -0.06025976 0.70584980 -0.24614567
v -0.09510998 0.74024926 -0.20995374
v -0.19689359 0.71060171 -0.19474645
v 0.20983151 0.71805848 -0.19177813
v -0.00178556 0.70393011 -0.25150327
v -0.02721882 0.70162240 -0.23686668
v -0.19626359 0.74125012 -0.21591937
v -0.09807282 0.70632141 -0.24498195
v 0.01685655 0.70163271 -0.26427775
v 0.24689143 0.71409868 -0.27057880
v 0.22389372 0.72436589 -0.32124010
v 0.11277950 0.67407602 -0.32909417
v 0.16510040 0.67057806 -0.32134627
v 0.16523626 0.73713059 0.37628472
v 0.18744093 0.73917279 0.36584256
v 0.22230259 0.74095540 0.34678278
v 0.24555952 0.75442754 0.33598539
v 0.20566232 0.75808085 0.32563903
v 0.17848654 0.71902334 0.30543633
v 0.11373590 0.69748565 0.27610060
v 0.07140912 0.68337928 0.24203237
v -0.02125972 0.73331495 0.23434271
v 0.00172582 0.73774188 0.22536476
v 0.02478799 0.72321766 0.22595665
v 0.05024249 0.70949779 0.19064434
v -0.06591028 0.71486338 0.15450877
v 0.25795417 0.70015298 0.13658936
v 0.22588031 0.68347805 0.11813337
v -0.15189966 0.70340419 0.17143820
v 0.13779002 0.69437346 0.08685389
v -0.03132071 0.73489157 0.10630655
v -0.12682426 0.70404809 0.08702907
v 0.13739406 0.67188275 0.06738429
v -0.13259514 0.69948935 0.07416581
v -0.17039446 0.68985331 0.07428481
v 0.13098635 0.69926019 0.01838995
v -0.11994312 0.72565806 0.02761887
v -0.14277815 0.71671657 -0.00339792
v -0.15940395 0.74277892 -0.03227923
v -0.09998723 0.73435860 -0.04905933
v -0.12918069 0.77874868 -0.06175215
v -0.22112131 0.68294615 -0.07054390
v -0.23674355 0.71155379 -0.07056976
v 0.20830030 0.75313592 -0.08170985
v -0.25080235 0.71999297 -0.10204138
v 0.22401381 0.74455912 -0.12026185
v -0.21908004 0.74293654 -0.12557272
v 0.01195941 0.71434583 -0.18960028
v -0.00679969 0.70499669 -0.19493275
v 0.00893811 0.71594578 -0.21100444
v -0.05362437 0.73044440 -0.24359137
v -0.18997917 0.71902405 -0.18342368
v 0.19043297 0.71757473 -0.20584886
v 0.00388570 0.72282889 -0.22466989
v -0.16283297 0.73288877 -0.24847269
v 0.16265510 0.71882163 -0.27414253
v 0.17118386 0.72752596 -0.26576560
v 0.15731184 0.70650026 -0.28610240
v 0.08324971 0.70287896 -0.29922637
v 0.16223607 0.71380974 -0.33419404
v 0.14812098 0.70717243 -0.33844243
v 0.25298095 0.76247061 0.30787427
v 0.15902330 0.70860282 0.29203280
v 0.25451619 0.74810533 0.25965907
v 0.08174869 0.73352771 0.30359491
v 0.25658642 0.71682435 0.20325616
v -0.05338331 0.71527461 0.22804483
v -0.00626801 0.74815028 0.22178255
v -0.07993945 0.71899841 0.20888575
v 0.25593207 0.71710043 0.16360872
v -0.00874384 0.73515156 0.13893692
v 0.00480485 0.71158994 0.11999289
v -0.13360976 0.75212930 0.16407593
v -0.15169849 0.73986610 0.13891667
v 0.15995884 0.70321367 0.10311327
v -0.15519746 0.72741100 0.11922416
v 0.02608030 0.69034579 0.08467205
v -0.16110434 0.72573481 0.10186179
v 0.00810837 0.71816749 0.05429558
v 0.17917419 0.69811214 0.06629318
v 0.18362138 0.72519991 0.02266219
v 0.17450540 0.69529745 0.05026092
v -0.20725212 0.68542386 0.05178978
v -0.19008842 0.74153000 0.07514212
v -0.20150026 0.73020801 0.04152169
v 0.12633565 0.72390904 0.02401707
v -0.16998320 0.73742305 0.01264724
v 0.00169764 0.71406970 0.03074488
v 0.11211196 0.71261675 0.00371579
v 0.20981238 0.74218005 0.00507042
v -0.06010055 0.74798495 -0.01582048
v 0.13079657 0.73049407 -0.00072540
v -0.04359888 0.69363803 -0.05099580
v -0.07302038 0.73228012 -0.01805501
v 0.13282727 0.72670544 -0.01528518
v 0.18544016 0.75583319 -0.05205793
v -0.12378816 0.76855319 -0.05086821
v -0.17936821 0.76336285 -0.04622611
v -0.20503112 0.73738503 -0.02904680
v -0.22489541 0.72802404 -0.03107115
v 0.09744766 0.73922731 -0.08159921
v -0.13246379 0.75943789 -0.08915198
v -0.24335718 0.73198490 -0.11413959
v -0.04617965 0.73258552 -0.13084392
v -0.12920772 0.76544053 -0.11965529
v -0.12935927 0.70201041 -0.12117125
v 0.02469972 0.71904532 -0.18742221
v 0.00368740 0.71990852 -0.21068831
v 0.21059873 0.72914054 -0.18328510
v -0.01219896 0.72494344 -0.22381506
v -0.12140937 0.74769602 -0.23237941
v 0.07881206 0.70992149 -0.27721011
v 0.17384000 0.73771334 -0.29337754
v 0.17501826 0.77022396 0.31039224
v 0.18192569 0.75342575 0.31616727
v 0.06236690 0.74578468 0.29679427
v 0.06085395 0.71767179 0.27678843
v 0.24806606 0.76110338 0.23934298
v 0.18427243 0.76602012 0.25175897
v 0.12545555 0.75078017 0.24886068
v 0.19840325 0.76397104 0.22276290
v 0.12218198 0.74522687 0.23591441
v 0.21551393 0.76284085 0.20600574
v 0.23734281 0.75842300 0.20704223
v 0.19271810 0.74564581 0.17390372
v 0.17745316 0.74867071 0.18412655
v 0.14776380 0.72562400 0.21300541
v -0.07385944 0.75414647 0.21111807
v -0.08117062 0.73679793 0.18476891
v 0.02759089 0.74584315 0.18572138
v -0.04031065 0.76045836 0.15127980
v 0.23819442 0.73176439 0.17374645
v 0.23391812 0.71843516 0.11129507
v -0.07132892 0.74887396 0.14610133
v 0.19782792 0.71907056 0.03594399
v -0.12148642 0.75732385 0.05037474
v -0.17466385 0.76603042 0.04321144
v -0.11670612 0.73368608 0.02103396
v 0.11754911 0.72684276 0.01959441
v -0.04366811 0.71492959 -0.04538269
v -0.16547469 0.75986312 -0.03505938
v -0.14841001 0.76348556 -0.04022060
v -0.14798243 0.77678553 -0.03708228
v 0.16565779 0.78713308 -0.06345125
v 0.12593410 0.74353803 -0.10183257
v -0.05803961 0.72115819 -0.08656907
v 0.15488351 0.77992884 -0.08670378
v -0.23731976 0.74242064 -0.07726057
v -0.03082868 0.70899577 -0.10443634
v 0.19544518 0.74918352 -0.11522553
v 0.09092359 0.72004129 -0.09780951
v -0.18969761 0.78274601 -0.08825520
v -0.08974961 0.74608472 -0.11289268
v -0.18366342 0.75935694 -0.14410246
v 0.17054560 0.72028212 -0.13669098
v -0.18773968 0.73738815 -0.16006879
v 0.18670221 0.73886850 -0.19136274
v 0.23014049 0.74670834 -0.20550054
v 0.21012816 0.75760263 -0.29611547
v 0.21075056 0.72803485 -0.31258332
v 0.11974651 0.76382682 -0.31730862
v 0.12260650 0.72677926 -0.32723298
v 0.14799866 0.73888859 -0.32407781
v 0.21047933 0.78608838 0.30175997
v 0.10118753 0.75928234 0.31293442
v 0.22497140 0.77908178 0.25290737
v 0.15961452 0.77888825 0.28016986
v 0.10808247 0.77741597 0.27968010
v 0.11643313 0.76039079 0.24068022
v 0.04880543 0.73156272 0.19286857
v -0.05542308 0.74900747 0.22697265
v 0.15860176 0.74017589 0.19955056
v -0.00656652 0.78166425 0.21236439
v -0.10712009 0.75075049 0.16949823
v 0.21323197 0.70960077 0.10836467
v -0.01689908 0.74654556 0.07270899
v -0.06788054 0.77187362 0.13308981
v -0.16950062 0.76001598 0.10482130
v 0.21958507 0.71345026 0.06358971
v -0.05540422 0.76751030 0.09300017
v -0.11730319 0.76834487 0.05334238
v -0.14289896 0.79420405 0.07726307
v -0.18914110 0.75657765 0.05455903
v -0.03906171 0.74269940 0.05818779
v -0.12343789 0.75493655 0.03037028
v -0.14608257 0.72885916 -0.00122858
v 0.15056229 0.75568325 -0.01306389
v 0.15805261 0.77377424 -0.01874858
v 0.17101685 0.78089778 -0.03596553
v -0.04358021 0.70635724 -0.06125512
v 0.10600486 0.76163438 -0.06708742
v -0.17594312 0.78277005 -0.06152092
v -0.20737815 0.76952294 -0.06678880
v -0.05375655 0.73822659 -0.10678259
v -0.15208987 0.78896192 -0.06772266
v -0.15692356 0.77701590 -0.09459621
v 0.09077778 0.75694709 -0.07466515
v -0.14366395 0.74048484 -0.11848156
v 0.21910682 0.73685901 -0.15701290
v 0.17119275 0.73985856 -0.19699320
v 0.00954348 0.72977765 -0.23956807
v 0.00626466 0.73414589 -0.20892053
v -0.17103092 0.77364980 -0.21475060
v -0.19668057 0.72426757 -0.24281195
v -0.02577352 0.76016097 -0.22266678
v 0.20800768 0.71815869 -0.20896869
v 0.23470184 0.73004985 -0.23130889
v 0.17490491 0.72111036 -0.31578149
v 0.17643815 0.76553138 -0.30670190
v 0.10310906 0.77471395 0.30078274
v 0.15810672 0.77891326 0.30021067
v 0.07009263 0.76681569 0.29107732
v 0.04357638 0.76862150 0.25926169
v 0.07640998 0.78174165 0.26389065
v 0.09366687 0.77550312 0.26224915
v 0.04157228 0.74581494 0.25678813
v -0.03610263 0.76432545 0.22733620
v 0.16262110 0.74841879 0.18418940
v -0.06385853 0.78828566 0.17419119
v -0.02977106 0.76554332 0.13599848
v 0.25376942 0.74043019 0.16236819
v 0.20581037 0.75153859 0.17021097
v 0.17482735 0.76126999 0.17187262
v 0.25443237 0.74592059 0.12525489
v 0.07824411 0.76767407 0.11627665
v -0.13290488 0.77611079 0.14476797
v -0.09086538 0.79062319 0.12495794
v -0.10086675 0.78423024 0.14629638
v 0.25244097 0.76985311 0.10432424
v -0.12537508 0.79655622 0.11999005
v 0.22470040 0.73381614 0.04885318
v -0.08072861 0.78295081 0.09553976
v -0.16321443 0.78484261 0.09523194
v 0.20158283 0.75147685 0.02709774
v 0.18241881 0.76498667 0.02235245
v -0.11256582 0.77918475 0.05727483
v 0.15520963 0.74743314 0.01843288
v -0.14476286 0.75916040 0.02699239
v -0.16941474 0.75630331 -0.00708296
v -0.10933907 0.77206245 -0.02879805
v -0.13959000 0.79389128 -0.01554653
v -0.15356325 0.78019842 -0.03416470
v 0.13580332 0.78776828 -0.06501248
v -0.10200141 0.75539794 -0.08201642
v -0.09081874 0.75417821 -0.10008471
v 0.09864605 0.76164310 -0.09825986
v -0.06662603 0.74000648 -0.14034582
v -0.09390024 0.76186032 -0.13739907
v 0.00609962 0.75450695 -0.21473065
v -0.12998479 0.77623803 -0.18805420
v -0.17977633 0.78840107 -0.18686329
v 0.18204117 0.74780530 -0.20121197
v 0.05669740 0.73358386 -0.26525071
v 0.17517272 0.78214600 -0.25189098
v 0.15322835 0.77427339 -0.25096154
v 0.09008239 0.76037698 -0.28440760
v 0.15264439 0.74939423 0.20774361
v -0.06407596 0.78144528 0.20758786
v -0.03316097 0.79322693 0.12921581
v 0.23555122 0.75531009 0.17208716
v 0.06719813 0.76969417 0.12534024
v 0.01661725 0.82807675 0.14425580
v -0.03318663 0.76766015 0.11337220
v -0.02762245 0.79548972 0.09569972
v 0.05736121 0.78124514 0.11624188
v 0.00921943 0.75031542 0.03755227
v -0.09925449 0.78713440 0.08439636
v -0.08072307 0.78896904 0.00021478
v 0.13283034 0.79675454 -0.04796857
v 0.12486256 0.79751128 -0.04530375
v -0.09228266 0.75782917 -0.05295072
v 0.10848852 0.77901863 -0.04940427
v -0.08266547 0.77957327 -0.11177088
v -0.06520299 0.77409703 -0.11882031
v 0.10654082 0.73560125 -0.11313156
v -0.06679982 0.76152413 -0.12779111
v -0.16200027 0.78247866 -0.12447605
v 0.21488697 0.75327239 -0.13495856
v -0.15291382 0.79657862 -0.18585514
v -0.07812976 0.77838288 -0.21676879
v 0.20408856 0.75949361 -0.18966330
v 0.22861811 0.75350354 -0.30717682
v 0.17302806 0.79940174 -0.28886262
v 0.05821658 0.78079901 0.26356814
v 0.10485709 0.78484137 0.25005387
v 0.15691815 0.78339973 0.24898465
v 0.02781478 0.76893879 0.23182020
v 0.02172965 0.76804838 0.21271918
v -0.02159970 0.80417021 0.21314417
v 0.10975324 0.79478885 0.16921346
v 0.21142155 0.77995531 0.19430775
v 0.22206794 0.77186196 0.18614948
v -0.02007407 0.79980958 0.11113990
v -0.00129105 0.80683736 0.11748853
v 0.26002273 0.78296649 0.14536009
v 0.24105941 0.79874076 0.11061798
v 0.22941345 0.76921775 0.06533779
v 0.20275192 0.80773237 0.10680017
v 0.07199891 0.79539348 0.11132810
v -0.02667221 0.79888681 0.03928708
v -0.15753526 0.79252269 -0.00773050
v -0.16787072 0.78462424 0.00794815
v 0.15063951 0.79312921 -0.03557303
v -0.06664827 0.76988524 -0.01378268
v -0.09230118 0.77884915 -0.04150552
v -0.00923721 0.79409229 -0.04891779
v -0.03104585 0.79859186 -0.04115458
v -0.10341536 0.79508893 -0.06396350
v -0.07519740 0.79434477 -0.05327491
v -0.10851528 0.78363866 -0.06430659
v -0.02694108 0.79736531 -0.06000623
v 0.11965836 0.77874654 -0.09916629
v -0.04277982 0.79906458 -0.12505416
v 0.14833552 0.74307861 -0.13142009
v -0.12696772 0.78824742 -0.12458645
v 0.15796490 0.76164166 -0.18006421
v 0.15776749 0.76281327 -0.19555422
v 0.03881312 0.72296660 -0.24653970
v 0.23555588 0.78030243 -0.20769308
v 0.07754101 0.79968334 -0.25070606
v 0.18586733 0.81114026 -0.26104272
v 0.23535266 0.78319969 -0.28921295
v 0.14787790 0.81774794 0.26176684
v 0.10400554 0.82382760 0.24640213
v 0.19796388 0.79081999 0.22769678
v 0.19368285 0.80158389 0.24082894
v 0.03459752 0.80104411 0.24622808
v 0.01648083 0.82541852 0.22592199
v 0.11249066 0.82708401 0.19990813
v 0.00553375 0.78722683 0.21780780
v -0.00011068 0.80743370 0.22050372
v 0.12609354 0.80999740 0.17621731
v -0.02834405 0.81772667 0.13481897
v 0.09915431 0.78967136 0.14389521
v -0.00698421 0.84327731 0.15789302
v 0.21094001 0.78373318 0.06125343
v -0.00289604 0.80623940 0.11408473
v -0.03108493 0.78205596 0.07900718
v -0.01619182 0.80598265 0.06360048
v 0.01294043 0.78245553 0.03777185
v -0.15493022 0.78335654 0.03402391
v 0.17693190 0.77030576 -0.00073119
v 0.14908935 0.79707368 -0.02292987
v 0.00580917 0.75449721 0.02724081
v -0.10970191 0.80269251 -0.03497803
v 0.01248809 0.79383662 -0.06033397
v -0.07305175 0.80917755 -0.06184462
v -0.11354929 0.78225395 -0.09565536
v -0.09249401 0.82006616 -0.08917016
v -0.08684641 0.81800852 -0.10160855
v -0.05398218 0.78992599 -0.10945966
v 0.20289223 0.75891130 -0.12179500
v 0.22841776 0.77396346 -0.14835408
v 0.16420703 0.77160683 -0.11765874
v 0.20693307 0.77562241 -0.17589780
v 0.20362521 0.81007743 -0.14989228
v -0.06092624 0.78795623 -0.12298987
v -0.09689986 0.80457972 -0.12321531
v -0.19463879 0.76984827 -0.17805130
v 0.16342213 0.79897831 -0.16648946
v 0.01911558 0.78842791 -0.19424069
v 0.01798912 0.77614337 -0.22423629
v -0.15838067 0.81862514 -0.17424283
v -0.01040592 0.78532113 -0.20242132
v -0.06691867 0.80363798 -0.20356064
v 0.17521857 0.78561257 -0.19189764
v 0.08318407 0.78445946 -0.27283990
v 0.24366279 0.77836839 -0.27372030
v 0.17181504 0.80022904 -0.29842554
v 0.14565936 0.80549161 -0.30294474
v 0.15159707 0.79365038 -0.31997246
v 0.06464813 0.82683685 0.24223616
v 0.12355859 0.83491469 0.22818984
v 0.02145789 0.84040300 0.21048148
v -0.01349207 0.83924507 0.19221694
v -0.05134771 0.81089506 0.17931604
v 0.23618635 0.79539702 0.19347673
v 0.22067110 0.80494616 0.21369789
v 0.22441593 0.83213125 0.19671422
v -0.03352449 0.82796372 0.15582143
v 0.05885818 0.83465219 0.16451468
v 0.25378112 0.80375860 0.16555700
v 0.17205308 0.82451084 0.13056978
v 0.21463465 0.79713100 0.07313284
v 0.19016776 0.77952968 0.02702053
v -0.11976196 0.83106756 0.08149002
v -0.12289523 0.80328162 0.07225437
v -0.04958705 0.83649367 0.07402217
v -0.08730525 0.78472369 0.00190104
v 0.00841237 0.80583174 -0.04088198
v 0.01344767 0.81588880 -0.06981853
v 0.22155499 0.78145166 -0.10357927
v -0.12792567 0.83039834 -0.12408201
v -0.17201199 0.81211243 -0.15249384
v -0.12344960 0.85096457 -0.16092186
v -0.12590942 0.81952656 -0.18842111
v -0.13840918 0.83393749 -0.16265332
v 0.21613228 0.78925703 -0.18278126
v 0.03454127 0.78242924 -0.23948546
v 0.07376921 0.81288828 -0.24960529
v 0.23538552 0.82121492 -0.26487828
v 0.22078922 0.81348657 -0.27817355
v 0.18403543 0.81617698 -0.26328085
v 0.11951579 0.80464282 -0.28457795
v 0.19522040 0.83797904 0.24934973
v 0.14518957 0.84334443 0.23309012
v 0.09169732 0.84225744 0.22156672
v 0.02416842 0.84688637 0.18982898
v 0.21216673 0.84596927 0.17065575
v -0.00439958 0.81785471 0.11298228
v 0.20274877 0.81278312 0.10273753
v 0.08482658 0.81272479 0.09798412
v 0.05973433 0.86093343 0.13325939
v -0.02416957 0.81136238 0.08908766
v -0.06778516 0.84653704 0.08455467
v -0.08216128 0.82461132 0.09593733
v -0.14774082 0.82970069 0.03639690
v 0.20496824 0.81754736 -0.00151673
v -0.01726715 0.81579409 0.02320112
v -0.13585004 0.83448638 0.01557577
v -0.12246040 0.82290219 0.00252713
v -0.10695964 0.81639388 -0.00956626
v 0.03784908 0.83104472 -0.00591494
v 0.01367273 0.82687499 -0.01364153
v -0.01324107 0.84256007 -0.03754106
v -0.10884377 0.80356322 -0.05182696
v -0.09016519 0.81447469 -0.06144368
v 0.01849041 0.81242286 -0.05744220
v 0.10209685 0.79214408 -0.05778869
v -0.09092242 0.83850740 -0.08507356
v 0.13332419 0.79938721 -0.08872248
v 0.22876286 0.82297959 -0.12689029
v 0.00233777 0.81726862 -0.13119235
v -0.10080845 0.85275877 -0.12501173
v -0.03101215 0.81794161 -0.14566951
v -0.13276541 0.83778471 -0.13346579
v 0.16928774 0.80180926 -0.17859082
v 0.01988399 0.80287741 -0.22170597
v 0.23110286 0.78465463 -0.19238583
v 0.23526074 0.82237839 -0.21333828
v 0.17996291 0.81842441 -0.29826089
v 0.18230945 0.85787815 0.24084766
v 0.20651189 0.86155503 0.20439873
v 0.18550418 0.86378415 0.17523819
v 0.16273111 0.82156785 0.11174028
v 0.09768199 0.80676028 0.13353027
v 0.09022625 0.79885055 0.10545560
v 0.03833889 0.85144744 0.13980238
v 0.04807932 0.84813964 0.05335401
v 0.22700202 0.82676785 0.02136779
v 0.16174949 0.80629509 -0.01466216
v 0.05953024 0.83762143 0.00567200
v 0.00345771 0.79746229 0.02859608
v -0.05670349 0.87353217 0.05697077
v -0.11479376 0.83861616 -0.00632166
v 0.04947517 0.84802277 0.01328547
v -0.03199645 0.83794414 0.02042518
v 0.12129243 0.80458427 -0.04971002
v -0.08454094 0.82956658 -0.06992834
v 0.23640491 0.80548668 -0.10235496
v 0.19416536 0.81458327 -0.06416750
v 0.17057957 0.84102096 -0.11687009
v -0.05462699 0.81749292 -0.13678506
v 0.17916784 0.84744519 -0.13548837
v 0.00598906 0.82296082 -0.21569159
v 0.12018861 0.85213430 -0.19790395
v 0.15231064 0.83635727 -0.21468550
v 0.10180441 0.83693254 -0.27039491
v 0.23167096 0.86166214 -0.26986254
v 0.19448774 0.84621271 -0.27778387
v 0.20677924 0.84575624 0.23767065
v 0.15935269 0.88119443 0.19234764
v 0.12972881 0.83221256 0.20336963
v 0.17020827 0.84914965 0.09785379
v 0.09250021 0.83791237 0.09013886
v 0.04991542 0.85684247 0.06176103
v 0.06855329 0.86916872 0.11122365
v 0.21699432 0.81745769 0.09330773
v 0.07405033 0.86018941 0.09559112
v -0.02340276 0.86498002 0.08718814
v 0.22607010 0.80929568 0.03966084
v 0.03789878 0.85843371 0.06531231
v -0.02163432 0.84271130 0.06602782
v -0.02041219 0.84649304 0.04577841
v -0.12761957 0.84604670 0.06132336
v 0.05101600 0.85003549 0.02948098
v 0.12860292 0.81935928 0.00165228
v -0.04984096 0.88575720 0.04778145
v -0.10802574 0.84973979 -0.04008830
v 0.12622038 0.82589324 -0.00404770
v 0.05651516 0.84323558 -0.00615408
v 0.05455264 0.83652052 -0.00943093
v 0.00595673 0.86568814 -0.00638921
v -0.08392591 0.86470227 -0.04368647
v 0.02116390 0.82432195 -0.02866573
v 0.15195157 0.80659834 -0.08363684
v -0.07553980 0.85262612 -0.09325647
v -0.02705772 0.80986387 -0.12231275
v 0.21027909 0.84162205 -0.12643527
v 0.03270110 0.86601308 -0.11776676
v 0.02881009 0.86724391 -0.11559348
v 0.02928983 0.86712805 -0.12734140
v 0.02502438 0.84204007 -0.12882404
v 0.00389893 0.83254216 -0.14614358
v -0.08550656 0.86268838 -0.13248822
v -0.10292936 0.85853131 -0.14862768
v 0.16913702 0.83490231 -0.13549979
v -0.08995417 0.84199763 -0.18111958
v 0.22845601 0.82740968 -0.16633782
v 0.15338186 0.83565131 -0.20375633
v 0.12641818 0.84998618 -0.18604477
v 0.09466237 0.85990969 -0.18453398
v 0.24197847 0.85398022 -0.25070198
v 0.09706311 0.85384376 -0.24964331
v 0.12897923 0.84539340 -0.29955709
v 0.19323753 0.86389256 -0.27395648
v 0.15460927 0.85587119 -0.30372215
v 0.09964406 0.85302844 0.08837813
v -0.00811841 0.86984057 0.12277757
v 0.04646152 0.88647561 0.12018070
v 0.24648530 0.84481260 0.05812647
v 0.05965451 0.86740597 0.07976380
v 0.19585194 0.86398664 0.02121252
v 0.15741450 0.85203174 0.02579213
v 0.14636619 0.85302015 0.02054781
v -0.09820739 0.84776777 0.08720430
v 0.07381614 0.84048833 0.02388002
v 0.17787370 0.82140966 -0.03180548
v 0.12674758 0.82003268 -0.01850277
v 0.00473457 0.85820168 -0.03952320
v 0.24436259 0.84135999 -0.09193098
v 0.05978426 0.87641804 -0.11431311
v -0.03766862 0.88208375 -0.12119708
v 0.07761795 0.87223541 -0.12808526
v -0.09116385 0.86165558 -0.16124027
v 0.06719616 0.88853255 -0.14749272
v 0.08755026 0.87931351 -0.16960412
v 0.17514991 0.86729681 -0.20838459
v 0.06951014 0.87087521 -0.17368089
v -0.04595674 0.84852340 -0.20350708
v 0.21685801 0.89893977 -0.22075239
v 0.20427474 0.89229890 -0.25429280
v 0.24020042 0.88762958 -0.22708516
v 0.17847762 0.88375839 -0.25540612
v 0.17173434 0.87336487 -0.29441154
v 0.14729708 0.86620717 0.21513797
v 0.14324688 0.88104345 0.19733591
v 0.10504468 0.86506763 0.18337739
v 0.17295576 0.87268937 0.16894502
v 0.01006212 0.90854119 0.10061994
v 0.21656172 0.85042902 0.09737662
v 0.06168510 0.88534801 0.07585718
v 0.24056108 0.88646659 0.05187434
v -0.02549042 0.87924072 0.05273075
v 0.03474487 0.89923365 0.03788628
v -0.08484355 0.89724260 0.02944350
v -0.06408562 0.90037725 0.04179872
v 0.01883931 0.92267965 0.03141238
v -0.11199593 0.86470326 0.01386575
v -0.04082234 0.87696215 -0.04049021
v 0.23946071 0.87020266 -0.03725557
v 0.23504283 0.83010477 -0.07059186
v 0.01164640 0.86158463 -0.06315897
v 0.00911491 0.85777599 -0.07111278
v -0.06331987 0.84548931 -0.06742129
v -0.04165595 0.90559959 -0.10193411
v -0.00643937 0.90736742 -0.11654910
v 0.16729183 0.85360600 -0.11963794
v 0.08309466 0.88364333 -0.15005370
v -0.05801580 0.89082378 -0.14717202
v -0.03268296 0.87707350 -0.14208259
v -0.08030888 0.88061126 -0.16330861
v 0.24529097 0.88168914 -0.18682919
v 0.16768349 0.88212091 -0.23682159
v 0.16589573 0.89362286 -0.27459247
v 0.11814633 0.88474318 -0.28347773
v 0.13795109 0.89612477 -0.28883305
v 0.09120098 0.87836419 0.12556235
v 0.17665415 0.87164538 0.14706046
v 0.01986107 0.88898110 0.13228268
v 0.21555077 0.87552427 0.11393154
v 0.07943488 0.87065248 0.08208301
v 0.24417215 0.88329115 0.08694699
v 0.05321117 0.86250262 0.05344472
v 0.22619586 0.85965782 0.02638332
v 0.02963821 0.89891054 0.08498382
v -0.03504403 0.90729100 0.04115574
v -0.03582277 0.89105502 0.04212709
v -0.03785431 0.92321016 -0.00879993
v 0.15055805 0.85388569 -0.00156608
v -0.00610648 0.89601140 -0.02676686
v 0.22016842 0.85858725 -0.01850462
v 0.24681454 0.88265241 -0.06839552
v 0.04679630 0.87783060 -0.10430533
v -0.05578958 0.87028685 -0.07231864
v 0.22097082 0.86984463 -0.11272554
v 0.08607300 0.87106214 -0.12657629
v 0.17338318 0.86453860 -0.11116173
v 0.16796882 0.87927258 -0.12908032
v 0.04388174 0.89075568 -0.12802907
v 0.22480346 0.88272713 -0.14916263
v 0.20329899 0.85047883 -0.13869184
v -0.07158979 0.88316014 -0.18370333
v 0.20338272 0.89785521 -0.21585446
v 0.23859633 0.89067987 -0.21456001
v 0.07930200 0.88981659 -0.18388802
v 0.01874988 0.89507066 -0.22287337
v -0.00722190 0.90801876 -0.20269433
v 0.13379098 0.89183278 -0.21009516
v 0.14969533 0.90993917 -0.24437864
v 0.08847808 0.88656140 -0.24609417
v 0.11792312 0.90511622 -0.26642975
v 0.14484430 0.90764192 0.18106836
v 0.10857583 0.88299813 0.17642392
v 0.09442879 0.88833199 0.13944523
v 0.17506765 0.89887379 0.16890697
v 0.09904256 0.86564614 0.08958683
v 0.07446211 0.89058815 0.09460389
v 0.23751955 0.82519293 0.07063405
v 0.05870084 0.89620374 0.06326123
v 0.18106153 0.90482754 0.02129383
v 0.09134487 0.87883189 0.03157693
v -0.02260016 0.91173365 0.05754510
v 0.15388349 0.88388002 0.00605910
v 0.09169719 0.88276378 0.02368500
v -0.06493366 0.91136665 0.02836894
v -0.00537525 0.92741828 0.01316328
v -0.00480363 0.90675646 -0.00882573
v -0.05686398 0.92211198 0.00282232
v 0.02429446 0.88035374 -0.00527714
v 0.21746170 0.89061157 -0.00566537
v 0.22976606 0.89599266 -0.03065006
v -0.01495151 0.90753877 -0.07907427
v -0.02474296 0.91463672 -0.09177803
v 0.08000361 0.88761676 -0.11366184
v 0.19022783 0.91284376 -0.12413327
v 0.11494814 0.93153570 -0.17935581
v 0.05823892 0.89277705 -0.13333292
v 0.18058527 0.92473462 -0.21765824
v 0.22256773 0.91197559 -0.21037477
v -0.04866755 0.89482270 -0.18774529
v 0.14278647 0.90531523 -0.22459533
v 0.11523298 0.90462824 0.15482990
v 0.17089057 0.91332619 0.16420715
v 0.22249253 0.89637487 0.12314048
v 0.06325676 0.89616248 0.04887207
v 0.23163236 0.91777765 0.09126440
v 0.10188855 0.91157860 0.03966366
v -0.00125263 0.92023120 0.07982990
v 0.21929100 0.91129109 0.03872981
v 0.00191636 0.92796435 0.05728642
v 0.03326705 0.88843700 0.00391592
v -0.02402902 0.93097373 0.02988274
v 0.16789684 0.88298685 -0.00416646
v 0.10883207 0.90376817 -0.03667767
v 0.08010680 0.90446587 -0.04094544
v 0.03607378 0.92022837 -0.01240151
v 0.01137243 0.91325997 -0.01147423
v 0.18670843 0.90870242 -0.06267569
v -0.00273005 0.91483035 -0.06369066
v 0.22496725 0.90738930 -0.06472567
v -0.01823221 0.91978288 -0.10851486
v 0.23347702 0.91356753 -0.08792933
v 0.16376609 0.90286223 -0.12698891
v 0.20958917 0.89323719 -0.13864491
v 0.00336430 0.90770545 -0.13730158
v 0.22057240 0.93793833 -0.16997453
v -0.02976243 0.90756082 -0.14538482
v 0.22793997 0.92815369 -0.19363608
v 0.07662169 0.93659054 -0.19191819
v 0.04965757 0.89265334 -0.24281683
v 0.12531492 0.91864117 0.14621828
v 0.07724540 0.91542456 0.11907971
v 0.06448619 0.92939768 0.08431563
v 0.20835673 0.94505349 0.03011225
v 0.17771120 0.91992907 0.01975114
v 0.03678154 0.91355397 0.00785951
v 0.21942563 0.93682680 -0.02170964
v 0.03222598 0.93793462 -0.02374472
v 0.00690468 0.92400893 -0.03275835
v 0.15165346 0.92088477 -0.07883152
v -0.00277732 0.93866633 -0.10297024
v 0.08332326 0.90950586 -0.11755818
v 0.21838688 0.92672159 -0.10678346
v 0.24064955 0.88281112 -0.10463718
v 0.16279109 0.90821357 -0.13688522
v 0.20033804 0.92813351 -0.14910659
v 0.02796398 0.93587762 -0.15260619
v -0.03982780 0.91433904 -0.15665750
v -0.01053918 0.92522034 -0.18235620
v -0.05740165 0.90237760 -0.16550388
v 0.05798980 0.93925156 -0.17542969
v 0.02989870 0.94404730 -0.20676824
v 0.04076564 0.93310515 -0.22808616
v 0.10602488 0.92426676 -0.20546678
v 0.06461572 0.94202459 -0.23014508
v 0.09274968 0.93685617 -0.22190318
v 0.12616972 0.92830136 -0.23750780
v 0.08690954 0.92814536 -0.22932064
v 0.10012386 0.92949096 -0.23473922
v 0.18717156 0.92871801 0.13828376
v 0.14757862 0.93242386 0.12968389
v 0.15353832 0.93267221 0.10970548
v 0.08366676 0.94952217 0.06490478
v 0.21611145 0.93557684 0.08319574
v 0.08785006 0.95637637 0.05012369
v 0.08895743 0.93989044 0.04069285
v 0.05426141 0.93251163 0.01974156
v 0.16963913 0.90829809 0.00492997
v 0.05983321 0.91250980 -0.02830868
v 0.07974776 0.96442437 -0.00993783
v 0.12023150 0.93524908 -0.02569632
v 0.22172724 0.90374006 -0.04550845
v 0.15356463 0.93302511 -0.06716542
v 0.12647902 0.92906237 -0.05532073
v 0.12352805 0.93418395 -0.05775049
v 0.21040040 0.94483957 -0.09345443
v 0.14069383 0.92991289 -0.08392405
v 0.07237299 0.94639001 -0.12100347
v 0.02755251 0.93188134 -0.11720468
v 0.14900195 0.93617867 -0.20180831
v 0.19536222 0.94748419 -0.20778895
v 0.09446451 0.93704640 0.12033499
v 0.21257085 0.92511234 0.12573090
v 0.15273460 0.95169853 0.06974784
v 0.10905121 0.96448216 0.08188097
v 0.19534407 0.94994651 0.08182030
v 0.20300524 0.96907368 0.03985838
v 0.09432854 0.97133248 0.05045141
v 0.07026500 0.95163788 0.02559522
v 0.19507209 0.93080923 0.00727478
v 0.15288894 0.95556081 -0.05167363
v 0.05629502 0.95761583 -0.03769866
v 0.01900095 0.95034238 -0.03814795
v 0.11236892 0.96137740 -0.04597571
v 0.06619419 0.97238637 -0.10299484
v 0.19433760 0.93236097 -0.07813052
v 0.09218641 0.93932785 -0.14030036
v 0.19252212 0.94887077 -0.12824251
v 0.18183117 0.93394431 -0.13810083
v 0.19482740 0.95249756 -0.14731684
v 0.15589688 0.95715590 -0.19567423
v 0.19005067 0.96712747 -0.16325354
v 0.18301239 0.96220609 -0.19187543
v 0.05006068 0.95036857 -0.19892646
v 0.07558152 0.93832033 0.09934878
v 0.12801270 0.96966039 0.06271159
v 0.11214315 0.98077172 0.04391066
v 0.20607732 0.95082856 -0.00240940
v 0.13243482 0.96969652 -0.01632515
v 0.18595739 0.95362916 -0.05246486
v 0.20278598 0.96143563 -0.02993985
v 0.00974024 0.95784201 -0.06953260
v 0.09525214 0.98411938 -0.04653052
v 0.13091580 0.98054349 -0.05587322
v 0.19225443 0.98079314 -0.12286845
v 0.18591919 0.97962520 0.04342634
v 0.08871752 0.98071060 0.02096689
v 0.18679964 0.98379447 0.00865699
v 0.17630224 0.97907132 -0.02635885
v 0.14096494 0.99261634 -0.06930218
v 0.19295354 0.96866047 -0.08168313
v 0.16292162 0.96254377 -0.07483805
v 0.18699008 0.99161586 -0.09949044
v 0.11918658 0.97885597 -0.13910512
v 0.17095107 0.98894415 0.01608019
v 0.05238094 0.97681211 -0.06538979
v 0.07683867 0.98913000 -0.07607223
v 0.14086410 1.00000000 -0.09160284
v 0.16100042 0.99373609 -0.13835117
v 0.13420269 0.99813870 -0.11022342
v -0.13226265 -0.68174441 0.07922924
v 0.27845362 -0.64294693 0.37108651
v 0.22662826 -0.66888072 0.35061339
v 0.15547415 -0.63034427 -0.28547723
v 0.12319897 -0.59400136 -0.27371063
v 0.12700871 -0.57655685 -0.28768415
v 0.11249299 -0.25710586 -0.14854792
v 0.20417663 -0.17064079 -0.08816990
v 0.05057512 0.01207212 -0.28406432
v 0.02959464 -0.00486303 -0.29243108
v -0.04880941 0.03882059 -0.47658585
v -0.04666196 0.03689090 -0.49304703
v -0.09487609 0.07606989 -0.51494334
v 0.01619709 0.18697248 -0.32645892
v 0.03138487 0.18711822 -0.32825726
v 0.25370781 0.22590236 -0.14138675
v 0.21357856 0.21342637 -0.26467656
v 0.21862293 0.22593529 -0.24971491
v 0.20908945 0.22185073 -0.30485975
v 0.21933358 0.24523100 -0.25359963
v 0.22243808 0.26942101 -0.28863697
v 0.20773203 0.30197075 -0.30039664
v 0.17734247 0.33825794 -0.31297252
v 0.16742824 0.33638617 -0.32300947
v 0.17090258 0.34474528 -0.33022427
v 0.14179599 0.39509758 -0.32773788
v 0.18351759 0.36596815 -0.33511030
v 0.15311984 0.35438620 -0.31411155
v 0.26695666 0.32804717 -0.29695833
v 0.25396285 0.36759003 -0.29993683
v 0.26961184 0.37894173 -0.27497412
v 0.15822126 0.39558277 -0.35272051
v 0.13893616 0.40475726 -0.32429666
v 0.20961575 0.40377421 -0.36765283
v 0.15045698 0.41469615 -0.31880919
v 0.10663589 0.45958946 -0.35514546
v 0.10700669 0.46272233 -0.35054036
v 0.12625833 0.47376478 -0.36148070
v 0.02903789 0.37480043 -0.45375503
v 0.03768412 0.38667459 -0.46954486
v -0.01163484 0.38297279 -0.52818991
v 0.02083821 0.40022034 -0.50371571
v -0.06603518 0.34780911 -0.53595367
v -0.02651774 0.40594282 -0.51751408
v -0.02574736 0.46064140 -0.49472101
v -0.00621379 0.43177555 -0.48697739
v -0.20340790 0.41844637 -0.33970462
v -0.11379340 0.41076866 -0.53080853
v -0.13678033 0.40146270 -0.42366527
v -0.13705602 0.46993457 -0.45166811
v -0.01078093 0.89549551 0.10316435
f 1 3 2
f 11 2 3
f 9 11 3
f 4 17 15
f 16 15 17
f 19 17 4
f 4 15 5
f 4 5 34
f 19 4 6
f 4 34 6
f 20 6 34
f 1 2 7
f 3 1 25
f 2 11 39
f 3 25 26
f 8 3 26
f 3 10 9
f 3 8 10
f 11 9 12
f 9 27 12
f 9 10 27
f 13 15 14
f 15 13 5
f 16 17 54
f 17 19 18
f 34 5 58
f 34 22 20
f 6 20 21
f 20 22 23
f 20 23 62
f 2 24 7
f 7 37 1
f 24 2 38
f 37 25 1
f 38 2 39
f 36 10 8
f 27 10 36
f 35 27 36
f 27 28 12
f 12 41 11
f 12 30 41
f 12 28 30
f 41 30 29
f 31 45 32
f 47 31 32
f 49 13 14
f 15 16 14
f 13 49 50
f 17 18 56
f 17 56 54
f 5 57 58
f 53 18 19
f 19 6 59
f 6 21 60
f 6 60 59
f 23 22 61
f 23 61 35
f 23 35 36
f 24 111 7
f 62 21 20
f 63 62 23
f 23 36 63
f 24 38 65
f 37 89 25
f 26 68 8
f 35 66 27
f 25 89 26
f 11 41 39
f 40 148 39
f 39 41 40
f 28 27 69
f 28 70 30
f 28 69 70
f 30 70 42
f 29 30 42
f 43 44 31
f 45 31 44
f 43 31 72
f 46 74 33
f 74 102 33
f 32 75 76
f 48 14 16
f 48 16 54
f 51 13 50
f 77 51 50
f 53 52 33
f 18 53 33
f 55 5 13
f 13 51 55
f 52 53 78
f 5 55 57
f 57 55 131
f 53 19 59
f 58 81 34
f 59 60 108
f 34 81 22
f 81 61 22
f 132 35 61
f 111 84 7
f 85 35 132
f 24 65 86
f 37 7 64
f 87 21 62
f 62 63 68
f 85 66 35
f 64 88 37
f 62 68 87
f 63 36 8
f 63 8 68
f 38 67 65
f 90 65 67
f 65 90 113
f 37 88 89
f 38 39 67
f 68 26 89
f 39 148 67
f 27 66 69
f 118 29 92
f 42 92 29
f 41 29 118
f 42 71 92
f 42 70 71
f 43 96 44
f 193 45 44
f 31 47 72
f 45 127 73
f 45 73 32
f 46 125 74
f 74 125 100
f 33 52 46
f 32 73 75
f 49 75 73
f 75 49 48
f 48 49 14
f 32 76 129
f 32 129 47
f 75 48 76
f 48 54 76
f 50 49 104
f 33 102 18
f 18 102 56
f 79 54 56
f 130 78 53
f 58 57 80
f 57 131 80
f 55 51 82
f 51 107 82
f 53 59 130
f 83 55 82
f 60 21 112
f 61 81 207
f 61 207 132
f 114 174 83
f 111 24 86
f 7 84 133
f 7 133 64
f 87 112 21
f 83 115 114
f 115 83 110
f 68 116 87
f 116 89 88
f 89 116 68
f 113 90 139
f 67 117 90
f 117 67 148
f 41 118 40
f 92 71 93
f 70 69 94
f 70 94 184
f 69 119 94
f 121 95 96
f 96 95 123
f 97 96 43
f 96 123 44
f 97 43 98
f 72 98 43
f 45 193 162
f 72 47 99
f 125 46 101
f 102 74 100
f 103 73 127
f 46 52 101
f 73 103 49
f 104 49 103
f 52 78 105
f 76 167 129
f 78 106 105
f 56 102 129
f 76 54 167
f 167 54 79
f 50 202 77
f 201 106 78
f 56 167 79
f 55 83 131
f 170 130 59
f 82 107 109
f 60 206 108
f 206 60 112
f 83 82 109
f 174 114 209
f 83 109 110
f 84 241 133
f 87 88 64
f 64 112 87
f 113 139 136
f 87 116 88
f 90 117 139
f 138 91 66
f 91 69 66
f 118 92 141
f 140 93 71
f 71 142 140
f 91 119 69
f 70 142 71
f 40 118 149
f 184 94 219
f 40 149 150
f 40 150 148
f 150 149 221
f 121 157 95
f 95 157 154
f 122 152 124
f 97 121 96
f 97 98 192
f 123 161 44
f 44 161 193
f 125 192 98
f 126 125 98
f 98 72 126
f 99 126 72
f 192 125 101
f 45 162 127
f 125 126 100
f 99 100 126
f 163 100 99
f 99 47 163
f 100 163 102
f 101 52 128
f 105 128 52
f 102 47 129
f 103 166 104
f 164 105 165
f 103 271 166
f 104 166 50
f 168 165 105
f 50 166 200
f 202 50 200
f 106 201 169
f 106 169 105
f 77 202 51
f 201 78 130
f 58 80 171
f 58 171 81
f 51 203 107
f 172 170 59
f 59 108 172
f 83 174 131
f 109 107 175
f 64 133 206
f 244 85 132
f 64 206 112
f 85 244 249
f 110 135 115
f 110 109 135
f 65 113 134
f 66 85 249
f 114 115 211
f 115 135 137
f 136 139 213
f 115 137 178
f 66 249 138
f 217 139 117
f 117 148 144
f 143 181 119
f 70 184 142
f 119 181 183
f 118 141 149
f 146 141 145
f 141 146 149
f 94 119 147
f 94 147 219
f 119 183 147
f 150 220 148
f 149 146 284
f 186 284 146
f 284 221 149
f 156 120 151
f 120 153 151
f 152 156 151
f 155 153 120
f 157 121 189
f 154 187 95
f 120 156 122
f 156 152 122
f 95 187 123
f 120 122 158
f 194 158 122
f 152 159 124
f 97 189 121
f 226 124 159
f 191 189 97
f 122 124 194
f 124 226 263
f 128 192 101
f 163 47 102
f 128 105 164
f 167 56 129
f 105 237 168
f 203 51 202
f 130 170 240
f 80 131 173
f 108 206 172
f 131 174 173
f 171 207 81
f 107 203 175
f 174 209 244
f 244 132 207
f 135 109 175
f 172 133 241
f 133 172 206
f 175 176 135
f 111 247 84
f 111 86 247
f 211 177 114
f 245 135 176
f 86 65 134
f 136 134 113
f 115 178 211
f 245 137 135
f 86 134 212
f 213 139 217
f 249 179 138
f 117 182 217
f 182 117 144
f 180 143 91
f 92 93 145
f 92 145 141
f 91 143 119
f 218 145 93
f 144 148 220
f 145 218 146
f 329 146 218
f 147 185 219
f 150 221 220
f 146 329 186
f 151 153 380
f 120 158 155
f 154 157 190
f 154 190 223
f 157 189 225
f 157 225 188
f 157 188 227
f 160 123 187
f 123 160 161
f 97 192 231
f 97 231 191
f 193 197 162
f 193 194 197
f 193 161 194
f 194 124 198
f 194 198 197
f 124 263 342
f 195 230 196
f 192 128 233
f 192 233 231
f 124 342 198
f 232 162 197
f 196 199 195
f 199 196 235
f 103 127 271
f 302 166 271
f 201 238 169
f 105 169 237
f 171 80 204
f 80 173 204
f 173 174 244
f 203 208 175
f 203 205 208
f 207 171 244
f 246 84 247
f 84 246 241
f 175 208 176
f 245 176 243
f 249 209 114
f 247 86 212
f 177 249 114
f 210 276 177
f 177 211 210
f 211 178 250
f 178 137 250
f 213 217 321
f 143 180 214
f 214 251 143
f 140 142 215
f 138 179 91
f 179 180 91
f 364 180 179
f 143 251 181
f 251 282 181
f 216 280 183
f 181 282 183
f 183 282 216
f 182 373 217
f 184 252 142
f 219 252 184
f 182 144 373
f 183 281 147
f 144 220 373
f 147 281 185
f 221 284 256
f 380 222 151
f 224 380 153
f 151 258 152
f 155 223 224
f 159 152 258
f 154 155 187
f 154 223 155
f 155 158 187
f 155 224 153
f 157 227 190
f 228 160 187
f 187 158 228
f 159 383 226
f 194 228 158
f 188 340 227
f 160 228 161
f 265 266 227
f 194 161 228
f 262 230 195
f 231 300 191
f 195 229 260
f 195 199 229
f 196 230 264
f 127 162 268
f 162 232 268
f 234 197 198
f 198 342 234
f 269 229 199
f 236 233 128
f 196 303 235
f 199 427 269
f 128 164 236
f 165 168 270
f 127 268 271
f 199 235 427
f 166 306 200
f 202 200 306
f 169 270 237
f 306 307 202
f 201 130 238
f 202 307 203
f 130 240 238
f 173 242 204
f 203 275 205
f 170 241 240
f 170 172 241
f 239 272 243
f 311 243 272
f 171 242 244
f 243 176 239
f 176 274 239
f 205 274 176
f 208 205 176
f 136 248 134
f 249 177 276
f 210 211 365
f 315 365 211
f 211 250 315
f 137 245 250
f 277 250 245
f 134 278 212
f 180 364 214
f 318 214 364
f 251 279 282
f 215 142 252
f 252 219 253
f 183 280 281
f 140 215 283
f 140 283 93
f 217 327 321
f 253 219 185
f 217 373 327
f 93 283 218
f 329 218 283
f 220 285 373
f 220 221 285
f 255 285 221
f 254 284 186
f 221 256 255
f 222 257 287
f 222 287 151
f 151 287 258
f 383 159 258
f 290 224 223
f 289 259 260
f 289 292 259
f 262 259 292
f 225 189 296
f 262 260 259
f 191 296 189
f 188 225 340
f 226 383 261
f 260 262 195
f 190 227 295
f 227 340 265
f 261 263 226
f 262 298 230
f 299 230 298
f 230 299 264
f 231 233 300
f 229 269 347
f 264 267 196
f 196 267 303
f 343 303 267
f 270 236 164
f 164 165 270
f 303 350 235
f 237 270 168
f 302 306 166
f 272 239 309
f 274 309 239
f 355 169 238
f 169 355 270
f 238 240 273
f 310 273 240
f 270 355 308
f 203 307 486
f 272 305 311
f 171 204 242
f 203 486 275
f 240 312 310
f 240 241 312
f 242 173 244
f 312 241 246
f 244 209 249
f 243 311 245
f 315 250 361
f 247 212 314
f 247 314 312
f 247 312 246
f 136 213 248
f 250 277 361
f 400 278 134
f 249 317 179
f 364 365 318
f 251 214 318
f 179 367 364
f 251 320 279
f 215 252 370
f 281 280 494
f 280 216 494
f 441 282 279
f 252 253 322
f 253 442 322
f 216 282 324
f 321 327 323
f 371 442 253
f 253 185 371
f 185 281 371
f 255 256 286
f 377 257 222
f 377 222 380
f 289 288 338
f 292 289 338
f 381 292 338
f 290 380 224
f 291 383 258
f 294 223 190
f 289 260 293
f 190 295 294
f 296 191 297
f 341 295 227
f 262 292 298
f 297 191 300
f 227 266 341
f 260 229 388
f 229 347 388
f 341 266 389
f 299 344 264
f 263 261 342
f 264 344 267
f 266 265 389
f 232 197 301
f 477 391 347
f 233 236 300
f 301 268 232
f 234 301 197
f 236 270 351
f 268 302 271
f 235 350 427
f 343 272 303
f 309 303 272
f 343 348 304
f 270 349 351
f 343 304 272
f 305 272 304
f 354 349 270
f 270 308 354
f 275 309 274
f 305 353 311
f 205 275 274
f 313 245 311
f 248 369 359
f 277 313 316
f 245 313 277
f 400 134 248
f 276 210 363
f 365 315 360
f 277 316 361
f 361 316 434
f 248 213 369
f 364 317 249
f 249 276 364
f 212 366 314
f 212 278 368
f 212 368 366
f 213 323 369
f 213 321 323
f 367 179 317
f 319 251 318
f 251 319 320
f 215 370 326
f 281 494 371
f 402 494 216
f 216 324 402
f 215 326 283
f 282 441 324
f 325 495 373
f 404 373 495
f 283 326 329
f 326 372 329
f 330 375 447
f 325 373 285
f 332 329 372
f 372 405 332
f 374 325 328
f 285 328 325
f 328 285 331
f 333 332 405
f 332 333 334
f 333 330 334
f 330 447 334
f 331 285 255
f 254 256 284
f 332 334 335
f 377 454 257
f 380 336 377
f 257 454 287
f 336 380 378
f 337 338 288
f 288 289 339
f 288 339 337
f 289 293 339
f 381 464 292
f 294 290 223
f 516 292 464
f 294 295 290
f 225 385 340
f 383 520 261
f 292 729 298
f 298 729 386
f 298 386 299
f 260 388 293
f 299 386 344
f 297 300 345
f 261 424 342
f 344 343 267
f 343 344 390
f 343 390 475
f 342 392 234
f 475 348 343
f 236 345 300
f 268 301 346
f 301 234 346
f 347 269 394
f 268 346 302
f 269 427 394
f 303 309 350
f 304 348 305
f 302 352 306
f 238 273 355
f 308 355 357
f 308 397 354
f 432 430 309
f 356 273 310
f 273 356 355
f 309 275 432
f 398 356 310
f 397 308 357
f 275 486 432
f 353 358 311
f 358 313 311
f 398 310 314
f 310 312 314
f 314 362 398
f 248 359 400
f 315 361 401
f 210 365 363
f 366 362 314
f 276 363 364
f 317 364 367
f 319 401 320
f 493 279 320
f 370 252 326
f 543 442 371
f 406 325 374
f 373 404 323
f 373 323 327
f 408 447 375
f 411 186 329
f 405 446 333
f 449 330 333
f 334 447 376
f 332 411 329
f 331 255 286
f 254 186 416
f 416 186 335
f 457 379 418
f 378 459 336
f 418 379 337
f 287 454 460
f 337 379 338
f 287 460 258
f 378 380 463
f 338 461 381
f 338 379 461
f 293 382 339
f 470 383 291
f 290 295 384
f 516 729 292
f 296 423 225
f 385 225 423
f 295 341 384
f 387 384 341
f 296 297 423
f 297 345 425
f 261 520 782
f 388 347 391
f 341 389 476
f 387 341 668
f 424 261 782
f 668 341 476
f 474 342 424
f 342 474 392
f 347 394 477
f 236 351 345
f 479 478 349
f 525 346 234
f 392 525 234
f 351 393 345
f 393 351 349
f 479 349 354
f 480 302 346
f 348 428 305
f 429 305 428
f 302 480 352
f 305 429 353
f 306 352 395
f 306 395 307
f 429 484 353
f 396 358 353
f 396 313 358
f 396 528 313
f 488 313 528
f 488 316 313
f 316 488 434
f 360 315 401
f 362 366 368
f 362 368 399
f 365 360 318
f 363 365 364
f 368 278 438
f 278 400 438
f 319 318 360
f 360 401 319
f 369 323 630
f 538 320 401
f 493 320 538
f 442 252 322
f 371 494 443
f 402 324 541
f 279 440 441
f 371 443 543
f 324 403 541
f 406 594 495
f 326 252 372
f 324 441 403
f 406 495 325
f 495 496 404
f 496 323 404
f 252 442 372
f 372 442 405
f 406 374 497
f 407 497 374
f 446 405 442
f 375 444 408
f 374 328 407
f 331 407 328
f 407 331 409
f 330 449 375
f 331 413 409
f 333 446 448
f 333 448 449
f 376 447 451
f 409 413 501
f 409 501 410
f 376 412 334
f 335 186 411
f 332 335 411
f 331 286 413
f 414 413 286
f 415 286 256
f 256 254 415
f 416 415 254
f 335 334 412
f 415 414 286
f 415 416 505
f 336 563 377
f 377 563 454
f 336 459 563
f 337 419 418
f 457 417 379
f 379 417 461
f 337 339 419
f 461 513 420
f 290 463 380
f 382 419 339
f 465 381 461
f 461 420 465
f 468 464 381
f 381 465 468
f 290 384 573
f 382 293 471
f 384 387 422
f 293 388 471
f 340 472 265
f 344 614 390
f 426 349 478
f 476 389 473
f 475 579 348
f 481 477 394
f 348 579 428
f 394 427 481
f 350 487 427
f 430 350 309
f 625 307 395
f 625 486 307
f 396 353 484
f 396 484 431
f 356 433 355
f 433 356 398
f 530 355 433
f 355 530 357
f 433 436 530
f 398 362 399
f 398 399 433
f 433 399 436
f 361 434 435
f 361 435 401
f 368 438 399
f 359 535 400
f 534 491 437
f 400 535 438
f 439 437 491
f 492 494 402
f 493 440 279
f 596 594 406
f 497 596 406
f 597 323 496
f 443 375 449
f 497 407 498
f 409 498 407
f 409 410 445
f 444 632 408
f 408 546 447
f 410 501 503
f 547 451 447
f 451 450 376
f 413 414 501
f 412 376 452
f 335 453 416
f 335 412 453
f 563 564 454
f 512 563 459
f 511 418 456
f 418 511 457
f 460 454 455
f 459 378 568
f 417 513 461
f 512 459 421
f 514 512 421
f 459 458 421
f 463 568 378
f 462 569 566
f 462 566 514
f 462 514 421
f 420 572 465
f 462 421 466
f 465 469 468
f 421 515 466
f 465 572 469
f 471 467 382
f 383 470 520
f 729 575 386
f 340 385 521
f 522 472 340
f 388 391 471
f 297 425 423
f 472 389 265
f 520 470 782
f 344 386 614
f 523 349 426
f 523 393 349
f 426 478 615
f 786 390 614
f 425 345 393
f 391 477 576
f 346 525 480
f 427 482 481
f 427 487 482
f 479 354 483
f 429 619 484
f 680 484 619
f 582 484 680
f 395 352 480
f 432 487 430
f 431 528 396
f 483 354 485
f 354 397 357
f 486 487 432
f 434 488 584
f 359 369 589
f 434 531 435
f 586 530 436
f 489 437 533
f 534 437 489
f 630 490 369
f 399 438 536
f 493 439 491
f 493 491 440
f 491 592 539
f 440 491 539
f 323 597 630
f 440 539 441
f 375 443 492
f 375 492 444
f 410 503 445
f 545 408 632
f 408 545 546
f 638 447 546
f 409 445 498
f 503 499 542
f 500 542 499
f 449 448 446
f 447 638 547
f 501 502 503
f 450 551 376
f 549 450 451
f 451 547 549
f 452 376 551
f 450 549 701
f 501 414 502
f 415 504 414
f 415 505 504
f 412 452 453
f 416 453 505
f 506 508 507
f 508 506 509
f 555 509 506
f 509 555 557
f 511 562 457
f 457 562 417
f 458 459 568
f 564 724 657
f 418 605 456
f 417 562 513
f 460 777 258
f 458 515 421
f 467 419 382
f 420 513 572
f 573 463 290
f 258 777 291
f 574 516 464
f 464 468 574
f 572 518 469
f 468 469 517
f 469 518 519
f 469 519 517
f 521 385 423
f 521 522 340
f 613 423 425
f 524 523 426
f 523 425 393
f 615 524 426
f 474 424 616
f 390 786 475
f 475 786 670
f 475 670 617
f 475 617 579
f 735 392 474
f 477 733 576
f 392 735 525
f 581 477 481
f 478 479 483
f 482 581 481
f 430 487 350
f 579 676 428
f 527 483 526
f 429 428 619
f 526 529 527
f 526 483 485
f 431 484 582
f 526 485 529
f 622 488 528
f 583 486 625
f 486 583 487
f 357 485 354
f 434 584 685
f 531 434 685
f 532 686 533
f 589 369 490
f 533 437 532
f 591 532 437
f 489 690 534
f 624 399 536
f 591 437 439
f 491 534 592
f 401 537 538
f 538 439 493
f 592 692 539
f 492 402 540
f 494 492 443
f 402 541 540
f 539 593 403
f 539 403 441
f 492 540 444
f 442 543 446
f 632 444 540
f 542 500 548
f 449 446 543
f 543 443 449
f 445 503 598
f 544 598 503
f 498 445 600
f 445 598 639
f 600 445 639
f 500 550 548
f 500 499 550
f 502 554 503
f 499 553 550
f 551 450 552
f 450 701 552
f 503 554 499
f 499 554 553
f 453 553 554
f 504 505 554
f 554 505 453
f 506 761 648
f 506 648 555
f 508 556 602
f 555 924 557
f 558 559 510
f 558 510 561
f 509 557 719
f 559 560 510
f 510 560 456
f 510 456 605
f 560 511 456
f 563 724 564
f 564 455 454
f 563 512 567
f 564 658 455
f 565 605 418
f 562 765 513
f 566 569 606
f 458 568 608
f 658 564 657
f 512 514 567
f 777 460 455
f 513 765 772
f 570 515 458
f 458 608 570
f 660 568 463
f 566 607 514
f 419 467 571
f 570 610 515
f 516 574 662
f 513 611 572
f 466 515 661
f 466 661 727
f 515 610 661
f 468 517 574
f 664 291 777
f 519 518 612
f 612 836 519
f 521 423 665
f 613 665 423
f 522 521 781
f 575 780 386
f 386 780 614
f 613 425 523
f 387 668 422
f 424 782 733
f 577 786 614
f 615 478 578
f 733 616 424
f 580 578 478
f 474 616 735
f 576 733 675
f 580 478 483
f 483 527 580
f 624 620 527
f 528 431 622
f 623 622 431
f 582 623 431
f 527 529 624
f 625 395 736
f 622 584 488
f 529 485 586
f 529 586 436
f 485 530 586
f 485 357 530
f 589 587 585
f 589 490 587
f 686 532 588
f 591 588 532
f 686 684 533
f 624 436 399
f 359 589 590
f 533 684 489
f 690 489 684
f 359 590 535
f 401 435 626
f 534 690 857
f 536 438 627
f 535 627 438
f 626 537 401
f 628 439 537
f 628 591 439
f 538 537 439
f 539 692 593
f 594 595 629
f 541 403 694
f 694 403 593
f 594 629 495
f 496 495 629
f 597 496 629
f 548 633 542
f 633 548 750
f 802 638 546
f 547 599 549
f 701 549 599
f 640 548 550
f 502 414 554
f 644 550 553
f 452 551 641
f 554 414 504
f 641 645 452
f 453 452 645
f 760 506 601
f 507 601 506
f 506 760 761
f 507 508 649
f 924 555 648
f 558 711 559
f 558 561 650
f 508 509 603
f 509 719 603
f 711 651 559
f 559 651 560
f 604 560 651
f 560 604 511
f 605 561 510
f 653 561 605
f 656 606 569
f 567 724 563
f 455 658 770
f 418 419 565
f 569 771 656
f 606 607 566
f 567 514 659
f 419 609 565
f 765 725 772
f 569 774 771
f 608 568 660
f 607 659 514
f 419 571 609
f 772 611 513
f 569 462 774
f 463 573 660
f 462 466 774
f 466 727 828
f 516 662 882
f 572 663 518
f 516 882 729
f 663 728 518
f 612 518 728
f 728 830 612
f 384 422 827
f 467 471 833
f 519 779 517
f 837 612 730
f 519 836 779
f 612 837 836
f 522 887 472
f 524 613 523
f 472 666 389
f 668 667 422
f 731 471 391
f 524 615 785
f 782 470 890
f 391 576 731
f 614 783 577
f 670 734 617
f 580 839 578
f 527 839 580
f 733 790 675
f 579 617 676
f 678 525 735
f 733 477 581
f 620 618 527
f 525 678 480
f 583 625 482
f 428 676 619
f 619 845 680
f 482 487 583
f 621 672 585
f 589 585 590
f 588 591 628
f 588 628 740
f 684 689 690
f 689 684 687
f 435 628 537
f 592 534 794
f 794 534 857
f 592 794 693
f 593 692 796
f 796 694 593
f 596 631 594
f 594 631 595
f 497 634 596
f 497 498 634
f 634 699 635
f 542 636 503
f 637 545 632
f 600 634 498
f 634 600 699
f 544 503 636
f 598 544 639
f 544 636 639
f 750 548 640
f 547 808 599
f 639 699 600
f 551 552 641
f 641 552 643
f 553 453 644
f 552 646 643
f 552 701 704
f 552 704 642
f 453 645 644
f 601 507 647
f 761 977 648
f 650 709 558
f 814 558 709
f 711 558 814
f 508 602 649
f 604 713 714
f 652 979 556
f 651 713 604
f 556 508 652
f 603 652 508
f 557 924 927
f 650 561 764
f 604 769 511
f 561 653 764
f 653 605 654
f 562 511 769
f 652 606 656
f 652 603 606
f 605 565 654
f 606 655 607
f 455 726 777
f 661 773 727
f 573 827 660
f 662 574 517
f 611 663 572
f 466 828 774
f 573 384 827
f 730 612 778
f 778 612 830
f 291 664 886
f 291 886 470
f 827 422 667
f 575 729 780
f 887 522 781
f 613 524 785
f 785 615 784
f 389 666 473
f 783 614 780
f 576 732 731
f 782 669 733
f 576 675 732
f 578 784 615
f 577 783 840
f 476 473 842
f 476 842 668
f 733 789 616
f 527 947 839
f 617 791 676
f 734 791 617
f 527 618 671
f 672 621 673
f 621 674 673
f 618 620 677
f 735 581 678
f 791 619 676
f 845 619 791
f 678 395 480
f 680 737 582
f 681 738 672
f 585 672 738
f 737 623 582
f 683 620 624
f 679 738 681
f 621 585 682
f 848 584 622
f 585 587 682
f 585 738 590
f 684 686 850
f 686 588 739
f 587 490 688
f 531 685 435
f 627 535 590
f 490 630 688
f 628 435 740
f 626 435 537
f 629 595 742
f 629 742 691
f 592 693 692
f 629 691 597
f 691 630 597
f 595 631 792
f 540 541 694
f 631 596 800
f 634 800 596
f 635 748 801
f 801 634 635
f 540 637 632
f 633 750 542
f 637 804 545
f 545 804 546
f 697 542 750
f 750 640 754
f 753 695 696
f 636 542 697
f 753 696 700
f 547 755 808
f 638 802 807
f 639 636 756
f 636 698 756
f 753 700 702
f 547 638 755
f 756 699 639
f 636 697 698
f 550 644 640
f 706 640 644
f 642 702 700
f 704 702 642
f 641 643 703
f 641 703 705
f 700 646 642
f 552 642 646
f 645 641 705
f 645 705 644
f 644 705 706
f 601 707 760
f 647 708 601
f 814 709 710
f 507 649 647
f 761 869 977
f 715 604 714
f 556 716 602
f 602 925 649
f 712 649 925
f 717 713 651
f 927 873 557
f 711 872 651
f 763 651 872
f 604 715 769
f 719 557 873
f 721 720 718
f 818 652 722
f 603 719 606
f 652 656 722
f 654 565 653
f 653 565 609
f 720 721 723
f 935 721 767
f 657 724 932
f 935 723 721
f 932 933 657
f 657 933 658
f 607 655 659
f 825 663 611
f 991 777 726
f 661 610 776
f 467 833 571
f 667 884 827
f 777 991 664
f 521 665 781
f 665 613 785
f 997 666 472
f 667 668 888
f 731 669 782
f 784 578 839
f 671 947 527
f 670 786 787
f 670 787 734
f 616 789 735
f 847 673 674
f 891 681 672
f 844 681 891
f 677 620 679
f 677 679 681
f 677 681 844
f 581 482 625
f 581 625 736
f 621 682 896
f 621 896 674
f 678 581 395
f 581 736 395
f 848 622 846
f 620 683 679
f 738 679 683
f 738 683 536
f 686 739 850
f 850 851 684
f 584 740 685
f 584 739 740
f 739 588 740
f 685 740 435
f 691 688 630
f 793 689 687
f 692 693 744
f 745 744 693
f 696 743 795
f 743 695 746
f 631 800 856
f 631 856 792
f 743 696 695
f 749 747 748
f 695 753 862
f 751 799 750
f 804 637 540
f 744 546 804
f 546 744 802
f 754 751 750
f 807 802 797
f 752 635 699
f 635 752 748
f 638 807 755
f 699 756 757
f 699 757 752
f 599 808 914
f 599 914 701
f 698 697 810
f 701 914 759
f 758 646 700
f 701 759 704
f 705 703 706
f 646 758 643
f 707 813 760
f 708 707 601
f 760 812 761
f 647 649 815
f 869 870 977
f 762 709 650
f 762 650 817
f 556 979 716
f 602 716 925
f 650 764 817
f 714 718 715
f 652 818 979
f 651 763 717
f 715 718 720
f 769 715 720
f 718 766 721
f 765 562 769
f 723 769 720
f 655 606 719
f 721 766 767
f 653 609 823
f 824 722 656
f 722 824 768
f 765 769 725
f 769 723 725
f 767 766 982
f 567 931 724
f 567 659 931
f 767 982 935
f 656 771 824
f 725 723 772
f 723 935 825
f 823 609 571
f 772 723 611
f 723 825 611
f 728 663 825
f 727 773 826
f 661 776 773
f 827 610 570
f 662 517 832
f 517 779 832
f 730 778 885
f 729 882 780
f 835 781 665
f 836 837 838
f 665 785 835
f 890 470 886
f 666 997 473
f 889 473 997
f 733 669 790
f 675 843 732
f 577 840 951
f 577 951 786
f 671 618 677
f 788 672 673
f 891 672 788
f 843 675 790
f 581 735 789
f 789 733 581
f 622 623 846
f 584 848 739
f 687 684 851
f 691 742 854
f 854 688 691
f 741 852 903
f 741 903 687
f 689 793 690
f 687 903 793
f 856 904 792
f 742 595 792
f 743 746 795
f 692 744 796
f 749 798 747
f 694 796 858
f 745 693 797
f 693 794 797
f 800 859 856
f 746 695 963
f 695 862 963
f 799 861 750
f 751 795 799
f 696 795 751
f 804 540 694
f 802 744 745
f 802 745 797
f 803 749 748
f 753 805 862
f 864 748 752
f 748 864 803
f 697 750 861
f 751 754 696
f 807 797 865
f 752 806 864
f 696 754 700
f 752 757 867
f 754 640 809
f 754 809 700
f 756 698 810
f 756 810 757
f 697 912 810
f 640 706 809
f 809 758 700
f 809 643 758
f 706 703 809
f 703 643 809
f 813 811 760
f 812 760 811
f 923 707 708
f 812 921 761
f 761 921 869
f 708 647 871
f 815 871 647
f 814 1024 1076
f 712 815 649
f 814 1076 711
f 714 713 718
f 816 718 713
f 717 1136 713
f 764 929 817
f 816 819 718
f 766 718 819
f 818 722 768
f 719 873 876
f 764 653 820
f 819 821 766
f 719 876 655
f 653 823 820
f 819 878 821
f 821 934 766
f 658 1139 770
f 655 931 659
f 1139 658 822
f 658 933 822
f 770 726 455
f 935 937 825
f 660 827 608
f 608 827 570
f 883 771 774
f 827 938 610
f 823 571 880
f 832 882 662
f 829 778 881
f 778 775 881
f 831 775 778
f 774 828 883
f 938 776 610
f 778 830 831
f 829 940 778
f 835 942 781
f 833 471 834
f 730 885 945
f 730 945 837
f 472 887 997
f 667 888 943
f 471 731 834
f 780 994 783
f 837 945 838
f 785 784 839
f 782 890 731
f 951 1000 786
f 786 1000 787
f 671 677 844
f 671 844 841
f 669 731 790
f 731 843 790
f 734 787 791
f 845 894 680
f 623 737 953
f 737 680 849
f 680 894 849
f 848 850 739
f 848 846 850
f 587 688 682
f 899 741 687
f 687 851 899
f 853 792 904
f 853 901 792
f 792 854 742
f 793 903 966
f 690 793 905
f 690 905 857
f 964 747 798
f 747 964 748
f 1058 748 964
f 863 694 858
f 794 865 797
f 800 634 801
f 800 801 860
f 800 860 859
f 801 748 860
f 748 1058 860
f 749 803 798
f 694 863 804
f 863 744 804
f 861 910 697
f 753 866 805
f 867 806 752
f 866 753 702
f 697 910 912
f 808 915 914
f 808 755 915
f 755 807 916
f 807 865 916
f 755 916 915
f 810 912 913
f 919 759 914
f 704 759 918
f 920 812 811
f 813 707 922
f 812 920 921
f 707 923 922
f 923 708 868
f 868 708 871
f 814 710 1024
f 1024 1026 1076
f 871 815 1130
f 762 1131 709
f 762 1196 1131
f 762 817 1196
f 711 1076 872
f 1076 978 872
f 648 977 1077
f 648 1077 924
f 717 874 1136
f 873 927 928
f 927 924 1081
f 874 717 763
f 816 1029 875
f 764 820 929
f 816 875 819
f 875 877 878
f 875 878 819
f 824 1083 768
f 876 931 655
f 936 821 878
f 821 936 934
f 766 934 981
f 766 981 982
f 728 825 937
f 826 773 984
f 773 776 984
f 829 881 879
f 775 831 881
f 727 1034 828
f 829 879 940
f 831 830 988
f 884 667 990
f 832 779 780
f 778 940 885
f 943 990 667
f 834 1097 833
f 996 997 887
f 836 838 946
f 785 839 835
f 835 839 947
f 947 671 841
f 783 1153 840
f 473 889 842
f 731 732 843
f 787 1000 892
f 844 891 1155
f 787 892 893
f 673 847 1160
f 893 791 787
f 845 791 893
f 845 950 894
f 895 894 1003
f 846 623 953
f 737 958 953
f 849 958 737
f 896 957 674
f 674 957 847
f 956 847 957
f 849 894 895
f 953 850 846
f 850 897 851
f 850 953 897
f 955 898 902
f 851 897 899
f 897 958 899
f 902 898 854
f 1008 688 898
f 1008 682 688
f 900 902 901
f 688 854 898
f 900 901 961
f 854 792 901
f 963 855 1112
f 793 966 905
f 963 862 909
f 963 909 855
f 856 859 906
f 796 744 858
f 794 857 1063
f 744 863 858
f 865 794 908
f 1063 908 794
f 799 969 861
f 862 805 909
f 911 803 864
f 806 867 911
f 806 911 864
f 805 971 909
f 805 866 971
f 867 757 810
f 867 810 911
f 911 810 913
f 866 702 917
f 917 702 704
f 915 916 1124
f 917 704 918
f 759 919 918
f 811 1069 920
f 974 1023 813
f 813 922 974
f 922 923 976
f 869 921 870
f 712 925 1027
f 872 978 763
f 1028 713 1136
f 1028 816 713
f 979 818 980
f 816 1028 1029
f 873 926 876
f 873 928 926
f 980 818 768
f 930 980 768
f 875 1029 877
f 876 926 931
f 768 1083 930
f 933 932 822
f 770 1139 726
f 823 1087 820
f 1083 824 1033
f 1033 824 771
f 823 985 1087
f 936 878 877
f 823 880 985
f 771 883 987
f 881 1088 879
f 727 826 1034
f 728 983 830
f 990 989 884
f 941 571 833
f 664 991 1215
f 780 882 832
f 664 1215 886
f 779 836 994
f 779 994 780
f 836 944 994
f 942 995 781
f 781 995 887
f 996 887 995
f 836 946 944
f 838 945 1036
f 838 1036 946
f 947 998 835
f 942 835 998
f 783 994 1153
f 949 888 668
f 891 788 948
f 892 1000 1102
f 892 1102 1039
f 844 1155 841
f 668 842 949
f 892 1039 950
f 893 892 845
f 892 950 845
f 847 956 1160
f 950 1003 894
f 1003 954 895
f 1005 902 900
f 1005 955 902
f 849 895 958
f 1008 898 955
f 953 958 897
f 682 1008 896
f 958 895 899
f 1108 852 959
f 741 959 852
f 899 959 741
f 959 899 960
f 854 901 902
f 961 901 853
f 961 853 1010
f 1108 1056 852
f 1056 903 852
f 904 856 906
f 964 798 907
f 855 909 965
f 1014 855 965
f 966 1060 905
f 905 1060 1062
f 905 1062 857
f 860 906 859
f 1013 795 746
f 746 963 1013
f 857 1062 1063
f 795 1013 967
f 798 803 968
f 970 968 803
f 799 795 969
f 795 967 969
f 803 911 970
f 909 971 965
f 908 1234 865
f 969 967 861
f 861 967 910
f 1064 865 1234
f 865 1064 916
f 911 913 973
f 913 912 1022
f 913 1022 973
f 912 910 1022
f 910 1066 1022
f 866 917 1021
f 915 1124 914
f 1069 811 1068
f 1070 1068 811
f 1023 1070 811
f 813 1023 811
f 920 1127 921
f 710 975 1024
f 709 1025 710
f 868 871 1074
f 1130 1074 871
f 921 1244 870
f 870 1244 977
f 980 1079 979
f 1080 924 1077
f 924 1080 1081
f 1087 929 820
f 926 932 931
f 724 931 932
f 982 1031 935
f 1139 1032 726
f 935 1031 937
f 936 877 1086
f 1033 771 987
f 937 983 728
f 776 992 984
f 881 986 1088
f 986 881 831
f 826 984 1034
f 938 827 989
f 827 884 989
f 726 1261 991
f 831 988 986
f 983 1035 830
f 985 880 571
f 1034 1095 828
f 941 985 571
f 1095 883 828
f 879 1091 940
f 990 943 992
f 833 1097 941
f 940 1091 993
f 886 1215 1097
f 940 993 885
f 834 886 1097
f 996 995 1099
f 886 834 890
f 998 1152 942
f 942 1152 995
f 1038 995 1152
f 995 1038 1099
f 998 947 1037
f 841 1037 947
f 890 834 731
f 888 949 999
f 673 1160 788
f 950 1039 1003
f 1002 952 1004
f 1002 1004 1003
f 956 1048 1160
f 1001 1106 952
f 952 1106 1004
f 1004 954 1003
f 1005 900 1007
f 1005 1006 955
f 955 1006 1008
f 1008 957 896
f 1108 1221 1050
f 960 1221 1108
f 1221 960 1049
f 1009 895 954
f 1052 1107 900
f 959 960 1108
f 960 899 1009
f 1009 899 895
f 900 961 1052
f 961 1010 1055
f 1053 962 1057
f 853 904 1010
f 1010 904 906
f 1112 855 1169
f 855 1114 1169
f 1011 903 1056
f 962 1059 1057
f 1113 903 1011
f 962 907 1059
f 963 1112 1012
f 903 1113 966
f 1113 1060 966
f 1060 1061 1062
f 907 798 1059
f 798 968 1059
f 963 1012 1013
f 1118 1234 908
f 1118 908 1175
f 970 911 1015
f 1013 1019 967
f 971 1016 965
f 967 1019 910
f 1020 1018 1017
f 911 973 1022
f 910 1019 1066
f 1017 972 1020
f 971 866 1021
f 919 1020 972
f 1064 1124 916
f 1021 917 972
f 918 972 917
f 972 918 919
f 914 1124 1177
f 1069 1126 920
f 1127 920 1126
f 922 976 974
f 1024 1072 1026
f 1074 1073 868
f 710 1025 975
f 709 1131 1025
f 815 712 1194
f 712 1027 1194
f 1076 1075 978
f 763 978 874
f 817 929 1140
f 817 1140 1078
f 1136 874 978
f 1143 980 930
f 926 928 932
f 1081 928 927
f 1087 1084 929
f 822 932 928
f 928 1081 822
f 1139 822 1082
f 1029 1256 877
f 981 8952 982
f 982 8952 1030
f 982 1030 1031
f 822 1081 1082
f 934 936 981
f 1031 1085 937
f 877 1256 1086
f 937 1085 983
f 726 1032 1145
f 776 938 992
f 879 1088 1091
f 1093 988 830
f 983 1085 1035
f 883 939 987
f 938 989 992
f 989 990 992
f 830 1035 1093
f 1094 939 883
f 883 1095 1094
f 991 1214 1215
f 1091 1149 1216
f 1091 1216 993
f 943 888 1269
f 885 993 1098
f 885 1098 1151
f 885 1151 945
f 945 1151 1036
f 997 996 889
f 1040 1037 841
f 891 948 1155
f 1101 948 788
f 1000 1042 1102
f 841 1155 1040
f 840 1153 951
f 951 1041 1000
f 1042 1000 1041
f 952 1105 1001
f 1002 1003 1043
f 1044 1104 1001
f 1160 1048 1326
f 1104 1377 1001
f 1001 1377 1106
f 1005 1007 1045
f 1005 1045 1161
f 1161 1006 1005
f 1006 1161 1162
f 957 1162 956
f 1106 954 1004
f 956 1162 1048
f 1221 1049 1383
f 1049 960 1106
f 1106 1009 954
f 1107 1007 900
f 957 1008 1006
f 1009 1106 960
f 1050 1163 1108
f 961 1055 1052
f 1051 1109 1054
f 1109 907 1054
f 1054 907 1053
f 1053 907 962
f 1010 906 1055
f 907 1109 1110
f 1057 1059 1111
f 906 860 1110
f 907 1058 964
f 907 1110 1058
f 855 1014 1114
f 860 1058 1110
f 1293 1175 908
f 908 1063 1293
f 1012 1233 1013
f 1117 1013 1233
f 1014 965 1119
f 1013 1117 1019
f 1015 911 1065
f 1022 1065 911
f 1016 971 1067
f 1018 1020 1235
f 1018 1235 1123
f 1065 1022 1066
f 1019 1117 1122
f 1019 1122 1066
f 971 1021 1067
f 972 1017 1067
f 1021 972 1067
f 1020 919 1235
f 919 914 1235
f 914 1177 1235
f 1070 1023 1071
f 1187 1072 1024
f 1127 1301 921
f 923 1299 976
f 1301 1244 921
f 1026 1072 1245
f 1076 1026 1193
f 1026 1245 1193
f 977 1244 1077
f 978 1075 1250
f 817 1078 1196
f 925 1306 1027
f 716 1306 925
f 1134 1135 1141
f 1134 1305 1135
f 980 1143 1079
f 978 1251 1136
f 1028 1136 1252
f 1028 1252 1029
f 1082 1081 1080
f 929 1084 1140
f 1029 1252 1361
f 930 1083 1143
f 1256 1029 1361
f 1085 1031 1030
f 1139 1201 1032
f 936 1203 981
f 1260 1033 987
f 726 1145 1261
f 1035 1085 1089
f 987 1090 1260
f 985 941 1087
f 988 1092 986
f 1035 1089 1093
f 939 1090 987
f 939 1094 1147
f 992 943 1096
f 993 1216 1098
f 996 1099 1218
f 944 946 1153
f 946 1036 1100
f 998 1037 1272
f 889 996 1154
f 994 944 1153
f 889 1154 842
f 999 949 842
f 1153 1041 951
f 788 1160 1101
f 1160 1103 1101
f 1104 1044 1001
f 1001 1105 1324
f 952 1002 1105
f 1003 1039 1043
f 1159 1161 1045
f 1223 1326 1048
f 957 1006 1162
f 1049 1377 1383
f 1377 1049 1106
f 1048 1046 1223
f 1048 1162 1164
f 1050 1221 1163
f 1048 1164 1046
f 1054 1053 1165
f 1052 1055 1109
f 1052 1109 1051
f 1108 1166 1056
f 1056 1166 1011
f 906 1110 1055
f 1012 1112 1229
f 1112 1169 1229
f 1114 1014 1232
f 1113 1170 1060
f 1060 1170 1061
f 1171 1062 1061
f 1115 1228 1173
f 1228 1172 1173
f 1062 1171 1063
f 1115 1173 1120
f 1115 1120 1116
f 965 1016 1119
f 1015 1065 1120
f 1015 1120 970
f 1065 1121 1120
f 1065 1066 1121
f 1064 1234 1124
f 1125 8954 1181
f 1125 1181 1182
f 1070 1179 1068
f 1068 1179 1069
f 1183 1069 1179
f 1069 1183 1126
f 868 1073 1184
f 1184 1186 868
f 975 1025 1241
f 1128 1241 1025
f 868 1186 923
f 1189 974 976
f 1074 1130 1191
f 1076 1193 1075
f 815 1194 1130
f 1025 1131 1192
f 1306 979 1079
f 979 1306 716
f 1132 1141 1133
f 978 1250 1251
f 1132 1134 1141
f 1142 1133 1141
f 8952 1135 1199
f 1204 1079 1143
f 1205 1200 1138
f 1141 1135 1137
f 1135 8952 1137
f 1138 1206 1205
f 1139 1082 1080
f 1083 1258 1143
f 1086 1142 936
f 1142 1203 936
f 1144 1085 1030
f 1083 1033 1208
f 1083 1208 1258
f 1084 1087 1255
f 1033 1260 1208
f 1085 1144 1210
f 1032 1360 1145
f 1089 1085 1210
f 1091 1088 1209
f 1088 986 1209
f 1092 1209 986
f 1034 984 1095
f 984 1312 1095
f 992 1096 1213
f 1261 1214 991
f 1146 1209 1092
f 1092 988 1146
f 1093 1146 988
f 1093 1089 1211
f 1095 1148 1094
f 943 1269 1096
f 1098 1216 1150
f 1372 998 1272
f 998 1372 1152
f 1100 1153 946
f 1036 1151 1270
f 1218 1154 996
f 1270 1100 1036
f 1038 1152 1275
f 1038 1275 1099
f 1153 1100 1041
f 1037 1040 1272
f 1042 1041 1217
f 1042 1217 1219
f 1042 1219 1102
f 1102 1219 1039
f 1322 1155 948
f 948 1101 1322
f 1043 1039 1276
f 1001 1324 1104
f 1105 1002 1156
f 1002 1043 1157
f 1002 1157 1156
f 1158 1045 1220
f 1045 1007 1220
f 1159 1045 1158
f 1162 1222 1164
f 1107 1052 1047
f 1051 1047 1052
f 1163 1166 1108
f 1053 1057 1167
f 1111 1167 1057
f 1109 1055 1110
f 1166 1227 1011
f 1169 1168 1229
f 1169 1114 1232
f 1011 1227 1113
f 1059 1228 1111
f 1059 968 1172
f 1059 1172 1228
f 1228 1115 1116
f 1228 1116 1400
f 1231 1012 1229
f 1232 1014 1119
f 968 1173 1172
f 1012 1231 1233
f 968 970 1173
f 1292 1293 1063
f 1171 1292 1063
f 1120 1173 970
f 1121 1116 1120
f 1116 1121 1174
f 1291 1174 1121
f 1121 1122 1117
f 1121 1117 1291
f 1233 1291 1117
f 1118 1175 1234
f 1066 1122 1121
f 1017 1018 1294
f 1017 1294 1067
f 1124 1234 1176
f 1124 1176 1236
f 1071 1179 1070
f 1179 1180 1183
f 1182 1238 1125
f 8954 1178 1181
f 1240 1180 1179
f 1182 1184 1073
f 1182 1181 1184
f 1071 1023 1417
f 1186 1184 1181
f 974 1417 1023
f 1126 1183 1243
f 1188 1182 1073
f 1024 975 1185
f 1185 1187 1024
f 1301 1127 1126
f 1126 1243 1301
f 1073 1074 1188
f 1191 1188 1074
f 1299 923 1186
f 1072 1187 1129
f 1128 1025 1190
f 976 1299 1350
f 976 1350 1189
f 1025 1192 1190
f 1129 1352 1072
f 1072 1352 1245
f 1245 1247 1193
f 1196 1192 1131
f 1077 1244 1248
f 1353 1134 1132
f 1354 1077 1248
f 1305 1134 1353
f 1306 1079 1197
f 1077 1354 1080
f 1305 1198 1135
f 1079 1204 1197
f 1138 1197 1204
f 1135 1198 1199
f 1201 1080 1354
f 1251 1357 1136
f 1202 1200 1205
f 1080 1201 1139
f 1252 1136 1357
f 1206 1138 1204
f 1203 1141 1137
f 1140 1084 1255
f 1142 1141 1203
f 1143 1258 1204
f 1144 1254 1207
f 1144 1207 1210
f 1207 1254 1257
f 1201 1360 1032
f 1087 1367 1255
f 1257 1309 1207
f 941 1367 1087
f 984 992 1312
f 1263 1210 1262
f 1210 1263 1089
f 1264 1091 1209
f 1437 1090 939
f 1146 1212 1209
f 1146 1093 1268
f 1148 1095 1312
f 1094 1148 1147
f 941 1097 1215
f 1096 1269 1370
f 1149 1439 1216
f 1216 1500 1150
f 1216 1439 1500
f 1269 888 1318
f 1098 1270 1151
f 1217 1041 1100
f 1100 1270 1217
f 1152 1274 1275
f 1099 1275 1218
f 888 999 1318
f 1270 1219 1217
f 1270 1273 1219
f 1219 1276 1039
f 1374 842 1154
f 999 842 1374
f 1103 1277 1101
f 1156 1324 1105
f 1160 1326 1278
f 1007 1107 1220
f 1107 1047 1279
f 1161 1325 1162
f 1054 1224 1051
f 1054 1165 1224
f 1457 1046 1164
f 1053 1224 1165
f 1224 1053 1167
f 1283 1286 1225
f 1224 1167 1287
f 1111 1287 1167
f 1168 1289 1229
f 1168 1169 1232
f 1227 1398 1113
f 1113 1398 1399
f 1230 1170 1113
f 1170 1338 1290
f 1170 1290 1061
f 1061 1290 1171
f 1233 1342 1291
f 1123 1343 1018
f 1293 1234 1175
f 1234 1296 1176
f 1235 1177 1236
f 1124 1236 1177
f 1176 1296 1236
f 1239 1179 1071
f 1348 1179 1239
f 1297 1238 1182
f 1071 1347 1239
f 1179 1348 1240
f 1183 1180 1241
f 975 1241 1180
f 1180 1240 975
f 1185 975 1240
f 1183 1241 1243
f 1182 1188 1242
f 1181 1178 1299
f 1181 1299 1186
f 974 1300 1417
f 1187 1185 1473
f 1187 1473 1129
f 1246 1191 1130
f 1075 1193 1249
f 1192 1196 1195
f 1250 1075 1249
f 1247 1249 1193
f 1302 1132 1133
f 1353 1132 1302
f 1195 1196 1359
f 1078 1359 1196
f 1078 1140 1359
f 1142 1428 1133
f 1198 1030 1199
f 1142 1253 1428
f 1198 1144 1030
f 1253 1142 1086
f 1362 1202 1205
f 1364 1205 1206
f 1362 1205 1364
f 1361 1487 1256
f 1253 1086 1365
f 1354 1360 1201
f 1596 1258 1208
f 1208 1260 1596
f 1256 1259 1086
f 1086 1259 1365
f 992 1213 1310
f 1207 1311 1210
f 1263 1211 1089
f 1209 1212 1265
f 1214 1261 1313
f 1209 1265 1264
f 1146 1268 1267
f 1093 1211 1263
f 1093 1263 1268
f 1091 1264 1434
f 1091 1434 1149
f 1146 1266 1212
f 939 1147 1437
f 1214 1313 1215
f 1313 941 1215
f 1147 1148 1317
f 1147 1317 1437
f 1150 1271 1098
f 1098 1271 1270
f 1274 1152 1372
f 1319 1275 1274
f 1321 1154 1218
f 1154 1321 1374
f 1273 1276 1219
f 1272 1040 1155
f 1272 1155 1323
f 999 1374 1318
f 1273 1157 1043
f 1273 1043 1276
f 1273 1320 1157
f 1155 1322 1323
f 1101 1277 1322
f 1157 1320 1156
f 1220 1450 1158
f 1220 1107 1279
f 1161 1159 1325
f 1222 1162 1325
f 1385 1047 1051
f 1564 1164 1222
f 1280 1163 1221
f 1283 1330 1329
f 1051 1224 1385
f 1163 1280 1166
f 1285 1281 1282
f 1283 1225 1330
f 1385 1224 1337
f 1285 1282 1284
f 1394 1281 1285
f 1284 1286 1285
f 1284 1225 1286
f 1284 1331 1225
f 1225 1331 1330
f 1337 1224 1287
f 1285 1286 1335
f 1286 1283 1332
f 1111 1228 1226
f 1399 1230 1113
f 1230 1338 1170
f 1229 1289 1231
f 1116 1174 1400
f 1231 1342 1233
f 1231 1405 1342
f 1119 1016 1344
f 1067 1344 1016
f 1018 1343 1294
f 1523 1343 1123
f 1293 1292 1295
f 1123 1235 1406
f 1296 1234 1293
f 1293 1295 1296
f 1525 1296 1295
f 1182 1242 1297
f 1071 1417 1347
f 1240 1348 1185
f 1178 1413 1299
f 1243 1298 1301
f 1243 1241 1128
f 1243 1128 1190
f 974 1189 1300
f 1188 1191 1351
f 1478 1244 1301
f 1420 1130 1194
f 1244 1478 1421
f 1244 1421 1248
f 1133 1303 1302
f 1304 1027 1306
f 1248 1421 1354
f 1133 1428 1425
f 1138 1200 1307
f 1138 1307 1197
f 1251 1250 1357
f 1305 1355 1198
f 1308 1198 1355
f 1144 1198 1308
f 1361 1252 1357
f 1428 1253 1365
f 1308 1254 1144
f 1204 1258 1206
f 1363 1206 1258
f 1596 1363 1258
f 1487 1259 1256
f 1255 1367 1366
f 1260 1432 1596
f 1260 1491 1432
f 1360 1431 1145
f 1309 1257 1207
f 992 1310 1312
f 1210 1311 1262
f 941 1313 1367
f 1096 1368 1213
f 1266 1146 1267
f 1435 1090 1437
f 1265 1212 1369
f 1314 1369 1212
f 1212 1266 1314
f 1315 1148 1312
f 1316 1317 1148
f 1148 1315 1316
f 1269 1318 1607
f 1320 1150 1500
f 1150 1320 1271
f 1372 1272 1323
f 1270 1271 1320
f 1270 1320 1273
f 1275 1319 1321
f 1275 1321 1218
f 1321 1373 1374
f 1318 1374 1375
f 1320 1645 1446
f 1322 1447 1323
f 1322 1277 1376
f 1324 1156 1446
f 1104 1378 1377
f 1104 1324 1378
f 1103 1160 1277
f 1278 1277 1160
f 8956 1326 1223
f 1453 1383 1377
f 1328 1327 1382
f 1327 1328 1330
f 1329 1330 1328
f 1279 1047 1385
f 1164 1564 1390
f 1282 1280 1221
f 1221 1383 1391
f 1221 1391 1282
f 1280 1282 1166
f 1282 1281 1166
f 1282 1391 1284
f 1281 1394 1166
f 1331 1284 1456
f 1394 1285 1335
f 1286 1336 1335
f 1227 1166 1459
f 1286 1332 1336
f 1337 1288 1397
f 1288 1337 1287
f 1400 1111 1226
f 1228 1400 1226
f 1287 1111 1403
f 1400 1403 1111
f 1168 1401 1289
f 1338 1230 1402
f 1403 1288 1287
f 1466 1168 1232
f 1405 1231 1289
f 1338 1341 1290
f 1171 1290 1339
f 1465 1400 1174
f 1232 1119 1466
f 1341 1339 1290
f 1174 1291 1465
f 1119 1344 1466
f 1171 1339 1407
f 1294 1578 1067
f 1292 1171 1407
f 1067 1578 1344
f 1295 1292 1524
f 1295 1524 1525
f 1292 1407 1524
f 1235 1236 1406
f 1347 1688 1239
f 1687 1239 1688
f 1416 1297 1242
f 1414 1239 1687
f 1239 1414 1348
f 1348 1414 1415
f 1348 1349 1185
f 1351 1242 1188
f 1473 1185 1349
f 1350 1299 1413
f 1190 1298 1243
f 1298 1190 1192
f 1191 1246 1351
f 1301 1298 1478
f 1129 1473 1589
f 1129 1589 1352
f 1476 1247 1245
f 1246 1130 1420
f 1482 1247 1476
f 1482 1476 1529
f 1194 1027 1304
f 1423 1303 1133
f 1426 1249 1247
f 1356 1304 1306
f 1353 1593 1305
f 1356 1306 1197
f 1355 1305 1593
f 1357 1250 1249
f 1197 1307 1356
f 1202 1307 1200
f 1354 1358 1360
f 1355 1535 1308
f 1308 1535 1488
f 1359 1140 1366
f 1255 1366 1140
f 1488 1254 1308
f 1254 1488 1257
f 1206 1363 1539
f 1206 1539 1364
f 1365 1259 1490
f 1257 1544 1207
f 1311 1207 1544
f 1145 1367 1261
f 1260 1090 1491
f 1261 1367 1313
f 1267 1268 1262
f 1262 1268 1263
f 1491 1090 1435
f 1310 1213 1312
f 1368 1312 1213
f 1312 1368 1315
f 1315 1497 1316
f 1149 1434 1439
f 1370 1269 1371
f 1269 1607 1371
f 1500 1442 1320
f 1320 1442 1645
f 1274 1372 1319
f 1319 1443 1321
f 1446 1156 1320
f 1323 1447 1372
f 1449 1374 1373
f 1374 1449 1375
f 1446 1556 1324
f 1220 1558 1450
f 1508 1158 1450
f 1451 1322 1376
f 1277 1278 1376
f 1454 1376 1278
f 1278 1326 1452
f 1326 1509 1452
f 1379 1377 1378
f 1378 1380 1384
f 1327 1384 1380
f 1380 1381 1327
f 1328 1505 1329
f 1279 1385 1220
f 1159 1508 1325
f 1326 8956 1509
f 1384 1379 1378
f 1327 1381 1382
f 1325 1508 1386
f 1325 1386 1222
f 1222 1386 1564
f 1384 1327 1387
f 1327 1330 1456
f 1327 1456 1387
f 1388 1392 1329
f 1329 1455 1388
f 1383 1453 1391
f 1392 1283 1329
f 1164 1390 1457
f 1456 1284 1391
f 1456 1330 1331
f 1392 1332 1283
f 1166 1393 1459
f 1394 1393 1166
f 1395 1394 1335
f 1334 1333 1337
f 1397 1334 1337
f 1334 1397 1460
f 1334 1460 1333
f 1396 1401 1168
f 1227 1459 1398
f 1399 1516 1230
f 1516 1402 1230
f 1288 1403 1462
f 1396 1168 1464
f 1338 1402 1341
f 1400 1404 1403
f 1340 1341 1572
f 1403 1404 1463
f 1289 1574 1405
f 1466 1464 1168
f 1400 1465 1404
f 1340 1339 1341
f 1294 1577 1578
f 1406 1523 1123
f 1406 1236 1579
f 1296 1525 1236
f 1470 1345 1237
f 1410 1408 1237
f 1345 1409 1346
f 1468 1346 1409
f 1411 1410 1237
f 1346 1468 1471
f 1297 1412 1472
f 1178 1587 1413
f 1416 1412 1297
f 1415 1349 1348
f 1242 1351 1416
f 1350 1413 1189
f 1189 1413 1300
f 1246 1474 1351
f 1298 1192 1195
f 1352 1476 1245
f 1530 1303 1477
f 1246 1420 1419
f 1422 1302 1303
f 1303 1530 1422
f 1194 1304 1420
f 1426 1247 1482
f 1133 1425 1423
f 1353 1302 1481
f 1302 1422 1481
f 1534 1529 1479
f 1353 1481 1593
f 1195 1359 1424
f 1195 1424 1480
f 1529 1534 1482
f 1249 1426 1357
f 1357 1426 1429
f 1354 1421 1358
f 1307 1202 1485
f 1202 1536 1485
f 1358 1359 1366
f 1429 1361 1357
f 1429 1426 1361
f 1202 1362 1536
f 1361 1426 1487
f 1365 1489 1428
f 1595 1257 1488
f 1431 1358 1366
f 1595 1544 1257
f 1362 1364 1430
f 1431 1360 1358
f 1487 1639 1259
f 1431 1366 1145
f 1366 1367 1145
f 1544 1599 1311
f 1267 1433 1548
f 1267 1262 1433
f 1266 1267 1548
f 1368 1436 1315
f 1368 1096 1436
f 1264 1265 1369
f 1096 1370 1436
f 1315 1436 1497
f 1317 1316 1493
f 1316 1497 1494
f 1317 1438 1437
f 1317 1493 1438
f 1440 1496 1441
f 1500 1604 1442
f 1372 1444 1319
f 1445 1319 1444
f 1448 1319 1445
f 1373 1321 1443
f 1372 1447 1444
f 1446 1645 1709
f 1448 1445 1444
f 1444 1504 1448
f 1508 1159 1158
f 1324 1557 1378
f 1505 1328 1507
f 1376 1454 1451
f 1377 1379 1453
f 1378 1557 1380
f 1380 1557 1381
f 1382 1507 1328
f 1220 1385 1511
f 1454 1278 1452
f 1382 1381 1557
f 1455 1329 1505
f 1387 1379 1384
f 1337 1389 1385
f 1453 1379 1391
f 1379 1456 1391
f 1387 1456 1379
f 1513 1457 1390
f 1393 1394 1515
f 1388 1512 1514
f 1388 1514 1392
f 1333 1566 1827
f 1566 1333 1460
f 1515 1394 1458
f 1458 1394 1395
f 1392 1514 1568
f 1612 1337 1333
f 1335 1567 1395
f 1392 1568 1332
f 1335 1336 1567
f 1460 1570 1569
f 1459 1515 1399
f 1459 1399 1398
f 1515 1516 1399
f 1397 1288 1462
f 1516 1461 1402
f 1461 1341 1402
f 1462 1403 1518
f 1463 1518 1403
f 1396 1464 1520
f 1341 1461 1572
f 1465 1291 1467
f 1342 1467 1291
f 1578 1466 1344
f 1522 1671 1343
f 1523 1522 1343
f 1577 1294 1343
f 1671 1621 1343
f 1236 1525 1580
f 1408 1470 1237
f 1345 1470 1409
f 1410 1469 1408
f 1587 1631 1413
f 1414 1418 1415
f 1475 1412 1416
f 1690 1300 1413
f 1475 1416 1351
f 1799 1352 1589
f 1419 1474 1246
f 1528 1351 1474
f 1478 1298 1195
f 1799 1476 1352
f 1303 1423 1477
f 1478 1195 1480
f 1419 1420 1531
f 1420 1304 1356
f 1422 1483 1481
f 1425 1739 1423
f 1422 1484 1483
f 1422 1530 1484
f 1356 1307 1427
f 1424 1359 1421
f 1307 1485 1427
f 1355 1593 1535
f 1698 1425 1428
f 1486 1483 1484
f 1421 1359 1358
f 1748 1486 1484
f 1430 1536 1362
f 1698 1428 1489
f 1640 1486 1748
f 1486 1640 1537
f 1538 1537 1640
f 1364 1542 1430
f 1543 1544 1595
f 1596 1432 1598
f 1259 1639 1490
f 1432 1491 1598
f 1311 1599 1262
f 1262 1599 1433
f 1434 1264 1546
f 1264 1369 1546
f 1493 1316 1492
f 1316 1494 1492
f 1370 1497 1436
f 1266 1495 1314
f 1266 1548 1495
f 1495 1496 1440
f 1495 1548 1496
f 1497 1370 1371
f 1500 1439 1434
f 1314 1495 1498
f 1437 1438 1499
f 1501 1498 1495
f 1495 1440 1501
f 1440 1441 1501
f 1503 1501 1441
f 1551 1441 1496
f 1496 1502 1551
f 1318 1375 1607
f 1441 1551 1503
f 1319 1448 1443
f 1443 1449 1373
f 1443 1448 1449
f 1447 1322 1451
f 1447 1451 1444
f 1444 1451 1504
f 1449 1506 1375
f 1556 1446 1709
f 1504 1609 1448
f 1448 1506 1449
f 1558 1554 1450
f 1508 1450 1559
f 1556 1557 1324
f 1555 1455 1505
f 1511 1558 1220
f 1382 1561 1507
f 1508 1559 1386
f 1454 1452 1510
f 1557 1561 1382
f 1389 1511 1385
f 1386 1613 1564
f 1389 1337 1612
f 1564 1513 1390
f 1614 1457 1513
f 1333 1827 1612
f 1460 1569 1775
f 1393 1515 1459
f 1332 1568 1716
f 1332 1716 1336
f 1618 1397 1462
f 1460 1397 1618
f 1460 1618 1570
f 1517 1618 1462
f 1462 1518 1517
f 1619 1517 1518
f 1518 1463 1404
f 1518 1404 1619
f 1404 1519 1619
f 1401 1574 1289
f 1467 1519 1404
f 1521 1520 1464
f 1404 1465 1467
f 1572 1668 1340
f 1343 1621 1577
f 1624 1339 1340
f 1523 1406 1722
f 1236 1580 1579
f 1409 1470 1628
f 1410 1586 1469
f 1408 1469 1470
f 1470 1469 1585
f 1410 1526 1586
f 1468 1584 1726
f 1468 1726 1471
f 1410 1411 1588
f 1410 1588 1526
f 1411 1472 1588
f 1689 1472 1412
f 1413 1631 1690
f 1690 1417 1300
f 1418 1692 1415
f 1412 1475 1689
f 1691 1689 1475
f 1414 1692 1418
f 1527 1475 1351
f 1531 1474 1419
f 1351 1528 1527
f 1590 1477 1423
f 1477 1590 1530
f 1531 1420 1427
f 1421 1478 1480
f 1420 1356 1427
f 1421 1480 1424
f 1531 1427 1532
f 1739 1425 1940
f 1481 1483 1486
f 1481 1486 1533
f 1530 1592 1484
f 1427 1594 1532
f 1593 1481 1740
f 1485 1594 1427
f 1534 1743 1482
f 1426 1482 1743
f 1743 1639 1426
f 1487 1426 1639
f 1488 1535 1595
f 1365 1490 1489
f 1698 1489 1490
f 1430 1542 1540
f 1539 1542 1364
f 1541 1542 1539
f 1599 1548 1433
f 1544 1642 1599
f 1548 1599 1600
f 1491 1435 1601
f 1545 1494 1371
f 1492 1494 1545
f 1706 1371 1607
f 1493 1492 1547
f 1494 1497 1371
f 1548 1549 1496
f 1437 1499 1435
f 1434 1546 1500
f 1546 1604 1500
f 1498 1369 1314
f 1498 1501 1605
f 1502 1496 1549
f 1549 1550 1502
f 1501 1503 1608
f 1649 1502 1550
f 1442 1604 1645
f 1503 1551 1552
f 1551 1502 1552
f 1503 1552 1507
f 1503 1507 1553
f 1552 1505 1507
f 1552 1502 1505
f 1502 1649 1505
f 1505 1649 1555
f 1504 1451 1609
f 1448 1609 1506
f 1553 1507 1561
f 1451 1510 1609
f 1510 1451 1454
f 1510 1452 1652
f 1452 1509 1652
f 1389 1558 1511
f 1557 1560 1561
f 1386 1559 1613
f 1826 1562 1512
f 1563 1512 1388
f 1388 1455 1563
f 1612 1827 1769
f 1460 1775 1566
f 1515 1615 1516
f 1514 1899 1568
f 1516 1615 1571
f 1567 1336 1617
f 1571 1572 1461
f 1571 1461 1516
f 1617 1336 1667
f 1336 1716 1667
f 1401 1396 1715
f 1517 1619 1663
f 1521 1573 1520
f 1405 1574 1620
f 1784 1521 1464
f 1405 1620 1342
f 1670 1342 1620
f 1784 1464 1576
f 1464 1466 1576
f 1467 1342 1575
f 1670 1575 1342
f 1466 1578 1576
f 1522 1523 1623
f 1839 1524 1407
f 1524 1839 1525
f 1406 1626 1722
f 1406 1579 1626
f 1583 1584 1468
f 1583 1468 1628
f 1409 1628 1468
f 1470 1585 1628
f 1471 1726 1679
f 1471 1679 1587
f 1526 1588 1681
f 1347 1798 1688
f 1347 1417 1798
f 1415 1692 1349
f 1475 1527 1691
f 1589 1473 1734
f 1633 1528 1474
f 1528 1633 1527
f 1737 1479 1529
f 1476 1737 1529
f 1423 1800 1590
f 1423 1739 1738
f 1591 1590 1800
f 1530 1590 1864
f 1864 1592 1530
f 1481 1533 1740
f 1425 1698 1940
f 1485 1536 1594
f 1594 1536 1694
f 1484 1592 1867
f 1638 1533 1486
f 1486 1537 1638
f 1484 1867 1695
f 1484 1695 1748
f 1540 1694 1536
f 1536 1430 1540
f 1699 1698 1490
f 1363 1749 1539
f 1541 1540 1542
f 1543 1642 1544
f 1598 1491 1601
f 1435 1602 1705
f 1435 1705 1601
f 1545 1371 1706
f 1499 1602 1435
f 1369 1498 1546
f 1438 1493 1644
f 1547 1644 1493
f 1546 1498 1605
f 1550 1549 1603
f 1608 1605 1501
f 1606 1649 1550
f 1506 1647 1375
f 1608 1503 1553
f 1506 1609 1652
f 1554 1558 1610
f 1554 1559 1450
f 1609 1510 1652
f 1649 1611 1555
f 1556 1655 1557
f 1555 1611 1455
f 1558 1389 1612
f 1557 1655 1560
f 1455 1611 1659
f 1659 1563 1455
f 1512 1563 1658
f 1564 1613 1513
f 1565 1515 1458
f 1458 1395 1565
f 1515 1565 1615
f 1661 1565 1395
f 1395 1567 1617
f 1395 1617 1661
f 1899 1716 1568
f 1396 1520 1662
f 1664 1572 1571
f 1569 1570 1616
f 1517 1663 1618
f 1401 1715 1717
f 1519 1467 1669
f 1519 1669 1619
f 1574 1401 1717
f 1574 1717 1719
f 1574 1719 1620
f 1624 1340 1668
f 1576 1578 1622
f 1625 1622 1578
f 1578 1577 1625
f 1621 1625 1577
f 1624 1672 1339
f 1407 1339 1672
f 1407 1672 1839
f 1579 1580 1626
f 1525 1839 1580
f 1627 1723 1673
f 1627 1673 1581
f 1673 1582 1581
f 1673 1842 1843
f 1673 1843 1582
f 1581 1584 1583
f 1581 1582 1584
f 1581 1583 1628
f 1584 1582 1676
f 1726 1584 1676
f 1628 1585 1677
f 1469 1586 1585
f 1588 1472 1729
f 1629 1685 1630
f 1588 1729 1731
f 1798 1417 1690
f 1687 1683 1414
f 1683 1632 1414
f 1414 1632 1692
f 1734 1349 1692
f 1473 1349 1734
f 1799 1589 1735
f 1633 1474 1531
f 1423 1634 1800
f 1635 1633 1532
f 1633 1531 1532
f 1590 1591 1801
f 1590 1801 1864
f 1532 1594 1635
f 1635 1594 1637
f 1594 1694 1637
f 1479 1636 2081
f 1479 2081 1534
f 1864 1867 1592
f 1593 1740 1535
f 1533 1638 1740
f 1537 1745 1638
f 1696 1745 1537
f 1697 1696 1537
f 1701 1697 1537
f 1537 1538 1701
f 1539 1749 1541
f 1541 1597 1810
f 1699 1490 1639
f 1751 1538 1640
f 1641 1363 1596
f 1703 1538 1751
f 1596 1598 1643
f 1596 1643 1641
f 1643 1598 1601
f 1601 1705 1643
f 1545 1706 1759
f 1548 1600 1704
f 1704 1603 1549
f 1704 1549 1548
f 1546 1605 1645
f 1438 1644 1499
f 1546 1645 1604
f 1645 1605 1648
f 1550 1603 1818
f 1647 1607 1375
f 1608 1648 1605
f 1550 1764 1646
f 1606 1550 1646
f 1956 1647 1506
f 1646 1650 1606
f 1553 1648 1608
f 1650 1654 1606
f 1606 1654 1649
f 1506 1712 1956
f 1646 1651 1650
f 1506 1652 1712
f 1650 1653 1654
f 1709 1655 1556
f 1553 1561 1560
f 1650 1651 1653
f 1654 1611 1649
f 1652 1509 1892
f 1553 1560 1655
f 1611 1654 1653
f 1558 1612 1610
f 1658 1826 1512
f 1613 1713 1657
f 1657 1513 1613
f 1513 1657 1614
f 1562 1514 1512
f 1775 1827 1566
f 1569 1660 1775
f 1569 1616 1660
f 1571 1774 1664
f 1715 1396 1662
f 1520 1573 1662
f 1570 1618 1663
f 1619 1665 1663
f 1617 1667 1666
f 1619 1669 1665
f 1572 1718 1668
f 1669 1467 1575
f 1719 1670 1620
f 1671 1785 1621
f 1522 1623 1671
f 1624 1668 1721
f 1624 1721 1787
f 1788 1623 1523
f 1624 1787 1672
f 1523 1722 1788
f 1626 1580 1841
f 1723 1627 1789
f 1842 1673 1674
f 1627 1581 1675
f 1582 1725 1676
f 1675 1581 1628
f 1678 1586 1526
f 1526 1681 1678
f 1847 1586 1678
f 1629 1630 1680
f 1630 1684 1686
f 1587 1679 1631
f 1684 1630 1685
f 1629 1682 1685
f 1588 1731 1681
f 1472 1689 1729
f 1687 1686 1683
f 1687 1688 1686
f 1683 1686 1684
f 1684 1632 1683
f 1685 1682 1797
f 1798 1728 1688
f 1631 1795 1690
f 1858 1691 1527
f 1633 1635 1527
f 1858 1527 1635
f 1734 1736 1589
f 1589 1736 1735
f 1423 1738 1634
f 1479 1737 1636
f 1635 1637 1693
f 1800 1861 1591
f 1591 1861 1801
f 1739 1868 1738
f 1804 1637 1694
f 1698 1873 1940
f 1740 1742 1535
f 1804 1694 1540
f 2081 1743 1534
f 1535 1742 1595
f 1541 1804 1540
f 1746 1639 1743
f 1641 1749 1363
f 1702 1810 1597
f 1543 1595 1700
f 1701 1538 1750
f 1538 1703 1750
f 1640 1811 1751
f 1597 1541 1749
f 1643 1754 1641
f 1643 1757 1754
f 1757 1643 1705
f 1599 1816 1600
f 1642 1879 1599
f 1600 1816 1756
f 1600 1756 1704
f 1756 1707 1603
f 1756 1603 1704
f 1547 1819 1644
f 1707 1818 1603
f 1763 1602 1499
f 1644 1762 1499
f 1706 1607 1647
f 1762 1763 1499
f 1818 1764 1550
f 1764 1765 1646
f 1645 1648 1709
f 1711 1709 1648
f 1553 1711 1648
f 1765 1710 1646
f 1651 1646 1710
f 1652 1656 1712
f 1711 1655 1709
f 1711 1553 1655
f 1767 1559 1554
f 1892 1766 1652
f 1651 1710 1823
f 1651 1823 1653
f 1610 1612 1768
f 1767 1824 1559
f 1559 1713 1613
f 1559 1824 1713
f 1656 1652 1766
f 1657 1713 1825
f 1614 1657 1825
f 1614 1825 1770
f 1614 1770 1771
f 1614 1771 1892
f 1614 1892 1509
f 1714 1514 1562
f 1773 1571 1565
f 1615 1565 1571
f 1776 1895 1661
f 1617 1776 1661
f 1776 1617 1666
f 1514 1967 1899
f 1662 1573 1777
f 1616 1570 2046
f 1718 1664 1774
f 1715 1832 1717
f 1573 1780 1777
f 1664 1718 1572
f 1779 1667 1716
f 1669 1720 1665
f 1573 1521 1780
f 1783 1718 1833
f 1666 1667 1779
f 1669 1575 1720
f 1670 1719 1902
f 1575 1670 1720
f 1784 1576 1904
f 1622 1904 1576
f 1718 1783 1721
f 1718 1721 1668
f 1785 1625 1621
f 1672 1787 2053
f 1672 2053 1839
f 1841 1840 1626
f 1723 2057 1673
f 1673 2057 1674
f 1724 1674 1909
f 1789 1627 1846
f 1791 1674 1724
f 1674 1791 1842
f 1843 1725 1582
f 1727 1726 1676
f 1680 1630 1793
f 1678 1681 1794
f 1682 1629 1849
f 1681 1851 1794
f 1630 1728 1793
f 1688 1630 1686
f 1728 1630 1688
f 1795 1631 1679
f 1684 1685 1730
f 1685 1797 1730
f 1795 1921 1690
f 1689 1691 1732
f 1921 1798 1690
f 1632 1855 1692
f 1692 1733 1734
f 1735 1736 1799
f 1693 1858 1635
f 1863 1737 1476
f 1476 1799 1863
f 1802 1693 1637
f 1739 1940 1941
f 1802 1637 1741
f 1638 1744 1740
f 1867 1934 1695
f 1803 1934 1867
f 1744 1638 1745
f 1637 1804 1741
f 1695 1934 1872
f 1742 1805 1595
f 1695 1872 1748
f 1743 1807 1746
f 1595 1805 1700
f 1701 1809 1697
f 1541 1810 1806
f 1639 1746 1699
f 1750 1747 1701
f 1640 1748 1811
f 1876 1810 1702
f 1754 1749 1641
f 1755 1749 1754
f 1749 1752 1597
f 1597 1813 1702
f 1876 1702 1813
f 1749 1755 1752
f 1597 1752 1813
f 1814 1751 1811
f 1703 1751 1753
f 1751 1814 1753
f 1816 1599 1879
f 1492 1545 1760
f 1492 1760 1547
f 1758 1545 1759
f 1705 1602 1883
f 1545 1758 1760
f 1817 1818 1707
f 1644 1819 1762
f 1820 1708 1761
f 1762 1821 1763
f 1708 1819 1761
f 1708 1884 1953
f 1708 1820 1884
f 1958 1554 1610
f 1888 1554 1958
f 1554 1888 1767
f 1710 1890 1823
f 1825 1713 1824
f 1612 1769 1772
f 1612 1772 1768
f 1653 2041 1611
f 1563 1611 2041
f 1769 1827 1772
f 1659 1611 1563
f 1773 1565 1571
f 1565 1661 1571
f 1571 1895 1774
f 1662 1829 1715
f 1774 1895 1718
f 1776 1666 1778
f 1570 1663 2046
f 1829 1832 1715
f 1779 1778 1666
f 1665 1720 1781
f 1719 1717 1832
f 1719 1832 1902
f 1782 1670 1902
f 1720 1670 1782
f 1720 1782 1781
f 1622 1837 1904
f 1671 1978 1785
f 1671 1623 1978
f 1783 1905 1721
f 1787 1721 1905
f 1622 1625 1837
f 1623 1788 1786
f 1625 1785 1837
f 1722 1626 1788
f 1626 1840 1788
f 1841 1580 1839
f 2057 2058 1674
f 1789 1910 1723
f 1674 2058 1909
f 1724 1909 1790
f 1843 1981 1725
f 1846 1627 1675
f 1846 1675 1792
f 1791 1724 1790
f 1628 1792 1675
f 1792 1628 1677
f 1726 1727 1679
f 1680 1912 1629
f 1585 1792 1677
f 1680 1793 1983
f 1586 1847 1585
f 1922 1849 2062
f 1849 1922 1682
f 1681 1731 1851
f 1731 1729 1796
f 1689 1732 1729
f 1682 1998 1797
f 1692 1855 1854
f 1692 1854 1733
f 1734 1733 1736
f 1736 1733 2000
f 1636 1737 1931
f 1863 1931 1737
f 1741 1693 1802
f 1739 1941 1868
f 2014 1868 1941
f 1934 1937 1872
f 1740 1744 1742
f 2081 1807 1743
f 1873 1698 1699
f 1805 1745 1696
f 1541 1806 1804
f 1805 1808 1700
f 1805 1696 1808
f 1696 1697 1808
f 1697 1809 1808
f 1701 1747 1809
f 1806 1810 2147
f 1700 1808 1875
f 1748 1872 1811
f 1543 1700 2148
f 1543 2148 1642
f 1747 1750 1812
f 1752 1878 1813
f 1815 1812 1750
f 1750 1703 1815
f 1752 1755 1878
f 1703 1753 1815
f 1757 1883 1754
f 1880 1755 1754
f 1816 1817 1756
f 1707 1756 1817
f 1757 1705 1883
f 1759 1706 1647
f 1759 1647 1758
f 1547 1760 1819
f 1819 1760 1761
f 1760 1758 1761
f 1647 1761 1758
f 1761 1647 1820
f 1954 1820 1647
f 1708 1762 1819
f 1821 1762 1886
f 1762 1953 1886
f 1953 1762 1708
f 1764 2034 1765
f 2034 1710 1765
f 1768 1958 1610
f 1766 1892 2038
f 1822 2038 1892
f 1767 1888 1889
f 1767 2040 1824
f 1562 1826 1893
f 1770 1965 1771
f 1661 1895 1571
f 1514 1714 1967
f 1660 1616 1828
f 1616 1894 1828
f 1776 1897 1895
f 1777 2105 1662
f 1829 1662 2105
f 1895 1833 1718
f 1776 1778 1897
f 1830 1898 1971
f 1830 1971 1831
f 1663 1665 1974
f 1830 1831 1835
f 1665 1781 1974
f 1836 1778 1779
f 1716 1834 1779
f 1716 1899 1834
f 1834 1830 1835
f 1835 1831 1900
f 1901 1834 1835
f 1900 1901 1835
f 1781 1782 1902
f 1780 1521 1784
f 1783 1833 2050
f 1779 1834 1836
f 1903 1836 1834
f 1783 2050 1905
f 2052 1787 1905
f 1785 1838 1837
f 1787 2052 2053
f 2240 1841 1839
f 1842 1791 2121
f 1789 1846 1844
f 1789 1844 1845
f 1909 1980 1790
f 1791 1790 2183
f 2061 1725 1981
f 1844 1846 1792
f 1982 1725 2061
f 1844 1792 1585
f 1676 1725 1982
f 1676 1982 1989
f 1912 1680 1983
f 1845 1844 1847
f 1845 1847 1678
f 1845 1678 1848
f 1844 1585 1847
f 1912 1986 1629
f 1629 1986 1849
f 1678 1794 1848
f 1727 1850 1679
f 1849 1913 2062
f 1918 1794 1851
f 1793 1728 1916
f 1795 1679 1850
f 1632 1684 1853
f 1998 1682 1922
f 1923 1851 1731
f 1921 1728 1798
f 1728 1921 1852
f 1853 1684 1854
f 1730 1854 1684
f 1632 1853 1855
f 1797 1854 1730
f 1796 2132 1731
f 1729 2132 1796
f 2132 1729 1997
f 1729 1732 1997
f 1732 1691 1857
f 1856 1797 1998
f 1691 1858 1857
f 1860 2002 1859
f 1860 1926 2002
f 2002 1927 1859
f 1862 1860 1861
f 1860 1866 1861
f 1860 1859 1866
f 1927 1865 1859
f 1736 2005 1799
f 1799 2005 1863
f 1800 1634 1862
f 1800 1862 1861
f 1866 1859 1928
f 1859 1865 1864
f 1861 1866 1801
f 1928 1801 1866
f 1738 1868 2011
f 1928 1864 1801
f 1865 1929 1803
f 1931 2081 1636
f 1864 1865 1867
f 1803 1867 1865
f 1803 1929 1934
f 1869 1741 1804
f 1937 1939 1872
f 2081 2018 1807
f 1742 1744 1745
f 1742 1745 1805
f 1808 1809 1874
f 1808 1874 1875
f 1872 1942 1811
f 1809 1747 1812
f 1811 1944 1877
f 2089 1812 1815
f 1881 2089 1815
f 1811 1877 1814
f 1755 1880 1878
f 1642 2025 1879
f 1882 1881 1815
f 1815 1753 1882
f 1879 1948 1816
f 1817 1816 1948
f 1753 1814 1882
f 2093 1817 1948
f 1949 1882 1814
f 2093 1818 1817
f 1883 1602 1821
f 1883 1821 2029
f 1647 1951 1954
f 1602 1763 1821
f 1954 1884 1820
f 2093 1885 1764
f 2093 1764 1818
f 1953 1884 1950
f 1821 1886 1955
f 1956 1712 1887
f 1885 2034 1764
f 1712 2033 1887
f 1712 1656 2033
f 1958 1768 1891
f 1656 1959 2033
f 1889 2040 1767
f 2038 1656 1766
f 1653 1823 1890
f 1768 1772 1891
f 2042 1822 1892
f 1824 2040 1825
f 1962 1825 2040
f 1714 1562 1893
f 1771 1965 1892
f 2042 1892 1965
f 1964 1893 1826
f 1826 1658 1964
f 1825 1963 1770
f 2041 1658 1563
f 2044 1772 1827
f 1714 1893 1967
f 1827 1775 2044
f 1775 1660 2044
f 1896 2044 1660
f 1660 1828 1896
f 1616 2107 1894
f 1969 1898 1830
f 1969 1830 1899
f 1663 1974 2106
f 1663 2106 2046
f 1899 1830 1834
f 1781 1975 1974
f 1834 1901 1903
f 1904 1837 1906
f 1623 1786 1978
f 1837 1838 1906
f 1838 1785 1906
f 2055 1786 1788
f 2240 1839 2053
f 1788 1840 1907
f 2056 1908 1840
f 1840 1841 2056
f 1723 1979 2057
f 1723 1910 1979
f 1981 1843 1842
f 1789 1845 1910
f 1911 1910 1845
f 2121 1791 2183
f 1987 1790 1980
f 1848 1911 1845
f 1983 1793 1982
f 1850 1727 1676
f 1793 1916 1982
f 1913 1849 1986
f 1922 2062 1991
f 2067 1915 1917
f 1915 2063 1917
f 1916 1728 1852
f 1995 1922 1991
f 1920 2067 1917
f 1923 1918 1851
f 2132 1923 1731
f 1997 1732 1857
f 1854 1855 1853
f 1854 1797 1856
f 1927 2002 1924
f 1858 2003 1857
f 1924 1925 1927
f 1860 1862 2006
f 1860 2006 1926
f 1926 2006 2007
f 1858 1693 2003
f 1634 2006 1862
f 1859 1864 1928
f 1927 2008 1865
f 2136 1863 2005
f 2008 1929 1865
f 1738 2140 1634
f 1738 2011 2140
f 1932 1693 1741
f 1935 1933 1930
f 1932 1936 1930
f 1869 1932 1741
f 1937 1934 1929
f 1930 1936 1935
f 1868 2014 2011
f 1935 1936 2082
f 1938 1870 1871
f 1940 1873 2017
f 1873 1807 2019
f 1873 2019 2017
f 1938 2021 1870
f 1871 1870 2022
f 1807 1873 1699
f 1807 1699 1746
f 1872 1939 1942
f 2021 1943 1870
f 1810 1876 2147
f 1700 1875 2148
f 1874 1809 1812
f 2021 2024 1943
f 1946 2024 1945
f 1811 1942 1944
f 2025 1642 2148
f 1945 2090 1946
f 1877 1944 2026
f 1880 2027 1878
f 1947 1814 1877
f 2031 1880 1754
f 1814 1947 1949
f 1883 2029 1754
f 2031 1754 2029
f 1882 2096 2028
f 1882 1949 2096
f 2093 1952 1885
f 1955 1886 1957
f 1886 1953 2154
f 1886 2154 1957
f 1952 2034 1885
f 2034 2036 1710
f 1710 2036 1890
f 1653 1890 1960
f 1961 1653 1960
f 1960 2100 1961
f 2041 1653 1961
f 1962 1963 1825
f 2285 1770 1963
f 1965 1770 2285
f 1893 2045 1967
f 1896 1828 2226
f 1895 1897 1833
f 1969 1967 2045
f 1969 2045 1970
f 1969 1970 1898
f 2107 1616 2046
f 1967 1969 1899
f 1898 2232 1971
f 1832 1829 1972
f 1778 1836 2047
f 1972 2110 1832
f 2047 1836 1977
f 1973 1901 1900
f 1973 1903 1901
f 1831 2054 1900
f 1975 1781 1976
f 1976 1902 1832
f 1976 1832 2110
f 1903 1977 1836
f 1781 1902 1976
f 1904 2290 1784
f 1784 2290 1780
f 1786 2055 2116
f 1788 1907 2055
f 2053 2117 2240
f 1907 1840 1908
f 1908 2056 1907
f 2240 2056 1841
f 2120 1909 2058
f 2180 1979 1910
f 1910 1911 2180
f 1984 2180 1911
f 1842 2121 1981
f 1981 2059 2061
f 1911 1848 1984
f 1848 1988 1984
f 1984 1914 1985
f 1913 1986 2060
f 1848 1794 1988
f 1988 1914 1984
f 1676 1989 1850
f 1914 1988 1794
f 1914 1919 1985
f 1990 2125 1915
f 2126 1915 2125
f 1794 1918 1914
f 1915 2126 2063
f 2130 1914 1918
f 1852 1795 1850
f 1990 1915 2067
f 1990 2067 2065
f 2063 2064 1917
f 1914 2130 1992
f 1919 1914 1992
f 2068 1919 1992
f 1994 1919 2068
f 1795 1852 1921
f 2309 1920 1917
f 2067 1920 1996
f 1920 1993 1996
f 1922 1995 1998
f 2132 1997 2133
f 1856 1998 1999
f 1854 1856 2000
f 2002 1926 2001
f 1854 2000 1733
f 1926 2004 2001
f 1926 2007 2004
f 1736 1999 2005
f 1927 2072 2008
f 1927 1925 2072
f 2077 2009 1933
f 2009 2010 1933
f 2006 1634 2140
f 2006 2080 2007
f 2078 2007 2080
f 1933 2010 1930
f 2010 2075 1930
f 2140 2079 2006
f 2080 2006 2079
f 1932 1930 2075
f 1931 1863 2139
f 2194 2139 1863
f 2139 2081 1931
f 2196 2140 2011
f 2013 1937 1929
f 2083 1936 1932
f 1871 2322 1938
f 2322 1871 2076
f 2076 1871 2015
f 2076 2015 2012
f 2322 2324 1938
f 1937 2013 1939
f 2082 1936 2016
f 1936 2083 2016
f 2081 2084 2018
f 2016 2083 2085
f 1940 2017 1941
f 2324 2144 1938
f 2017 2014 1941
f 1871 2022 2015
f 1869 1804 1806
f 1807 2264 2019
f 2019 2264 2017
f 1938 2144 2021
f 1939 2020 1942
f 1870 1943 2022
f 1943 2024 2022
f 2149 2148 1875
f 1875 1874 2149
f 2023 2022 2024
f 2026 1944 1942
f 2024 1946 2023
f 2089 2088 1812
f 2026 2023 1946
f 1881 1882 2091
f 1877 2026 1947
f 1882 2028 2092
f 1882 2092 2091
f 2031 2030 1880
f 1880 2030 2027
f 2027 2030 2095
f 2027 2095 2207
f 2093 1948 2272
f 1647 1956 1951
f 2029 1821 1955
f 1950 2154 1953
f 1950 1884 2032
f 2157 2032 1884
f 1957 2098 1955
f 2034 1952 2159
f 2100 1960 2035
f 2036 2035 1890
f 1960 1890 2035
f 1958 1891 1888
f 1888 1891 1889
f 2037 1889 1891
f 2038 1959 1656
f 2039 1889 2037
f 1889 2039 2040
f 2041 1961 2100
f 2102 1962 2040
f 1822 2042 2099
f 2283 2099 2042
f 2221 1962 2102
f 1962 2221 1963
f 2347 1965 2162
f 1965 2347 2042
f 1658 2041 2043
f 1658 2043 1964
f 1772 2044 2161
f 2285 2162 1965
f 1894 1966 2223
f 1828 2224 2226
f 1966 1894 2104
f 1968 2105 1777
f 1970 2045 2167
f 2107 2104 1894
f 1897 1778 2103
f 1970 2232 1898
f 1778 2047 2103
f 2109 2103 2047
f 1971 2232 2170
f 2106 1974 2168
f 1975 2168 1974
f 1972 1829 2108
f 1777 1780 2049
f 2050 1833 1897
f 1903 1973 1977
f 1977 1973 2048
f 1900 2048 1973
f 2111 1831 1971
f 1780 2290 2049
f 1900 2054 2112
f 2050 2169 1905
f 1906 2051 1904
f 1905 2169 2052
f 2171 2052 2169
f 2111 2054 1831
f 2116 2114 1786
f 1906 1785 2174
f 2113 2174 1785
f 1785 1978 2113
f 2055 1907 2176
f 1909 2120 1980
f 1981 2121 2182
f 1981 2182 2059
f 1983 2122 1912
f 1912 2060 1986
f 1982 2061 2059
f 1982 2059 1983
f 1913 2060 2062
f 1852 1850 1989
f 1989 1982 1852
f 1916 1852 1982
f 2126 2128 2063
f 1918 1923 2130
f 1991 2062 2248
f 1917 2064 2309
f 2186 1992 2130
f 1920 2309 2129
f 1923 2066 2130
f 2186 2068 1992
f 2129 2309 2185
f 2067 1996 2255
f 1996 1993 2131
f 1991 2371 1995
f 2133 1997 2069
f 1997 1857 2071
f 1998 1995 1999
f 2002 2001 1924
f 1857 2003 2071
f 1924 2070 1925
f 2000 1856 1736
f 1856 1999 1736
f 2070 2072 1925
f 2072 2070 2191
f 2069 2071 2010
f 2010 2071 2073
f 2074 2004 2007
f 2010 2009 2069
f 2075 2010 2073
f 1999 2136 2005
f 2191 2137 2008
f 2008 2072 2191
f 2136 2194 1863
f 2007 2078 2074
f 2137 2012 2008
f 1929 2008 2012
f 1935 2077 1933
f 2003 1693 2075
f 2082 2077 1935
f 2075 1693 1932
f 2140 2141 2079
f 1929 2012 2013
f 2012 2015 2013
f 1932 1869 2083
f 2139 2084 2081
f 2013 2015 1939
f 2195 2016 2197
f 2016 2195 2082
f 2015 2086 1939
f 2017 2143 2014
f 2015 2022 2086
f 2016 2085 2198
f 2086 2022 1939
f 2020 1939 2022
f 2018 2264 1807
f 2087 2020 2022
f 2020 2087 1942
f 2144 2269 2021
f 2022 2023 2087
f 1874 1812 2149
f 2088 2149 1812
f 1942 2087 2026
f 2147 1876 1813
f 2026 2087 2023
f 2337 2024 2021
f 2024 2337 1945
f 2089 1881 2091
f 2090 2206 1946
f 1946 2206 2026
f 1879 2272 1948
f 2028 2096 2094
f 1949 1947 2152
f 1949 2152 2096
f 2029 2153 2031
f 1956 2097 1951
f 2029 1955 2098
f 2029 2098 2153
f 2154 1950 2032
f 2154 2032 2213
f 1951 2097 1954
f 1954 2097 2033
f 2033 1884 1954
f 2215 2035 2036
f 2034 2159 2036
f 2161 2037 1891
f 2100 2101 2041
f 2043 2041 2101
f 2161 1891 1772
f 2040 2039 2102
f 2102 2219 2221
f 2285 1963 2221
f 1893 1964 2164
f 2281 1964 2043
f 2161 2044 2222
f 1893 2164 2045
f 2105 1968 2166
f 2045 2225 2167
f 1968 1777 2231
f 1777 2049 2231
f 1970 2167 2229
f 1970 2229 2232
f 2106 2107 2046
f 1829 2105 2166
f 1829 2166 2108
f 1972 2108 2110
f 2047 1977 2291
f 2048 2291 1977
f 2048 1900 2172
f 1971 2170 2111
f 2172 1900 2233
f 2112 2233 1900
f 1976 2110 1975
f 1904 2051 2290
f 2051 1906 2174
f 2115 2112 2054
f 1978 1786 2113
f 2053 2052 2171
f 2054 2111 2355
f 2171 2234 2053
f 2055 2176 2116
f 2053 2235 2117
f 2117 2238 2240
f 2056 2118 1907
f 2056 2240 2119
f 2056 2119 2118
f 2240 2177 2119
f 2057 1979 2243
f 2241 2058 2057
f 2058 2422 2120
f 1984 1985 2181
f 1984 2181 2180
f 2182 2122 1983
f 2182 1983 2059
f 2183 1790 2123
f 1985 2124 2181
f 1985 1919 2124
f 1919 2253 2124
f 2126 2184 2128
f 2063 2128 2307
f 1990 2065 2127
f 2064 2063 2570
f 2184 2370 2128
f 2064 2570 2367
f 2064 2367 2309
f 2129 1993 1920
f 1991 2250 2371
f 2371 2134 1995
f 2069 1997 2071
f 2134 1999 1995
f 2188 1924 2001
f 1924 2188 2070
f 2069 2009 2135
f 2134 2136 1999
f 2071 2003 2073
f 2009 2077 2135
f 2073 2003 2075
f 2077 2082 2138
f 2141 2509 2079
f 2083 1869 2142
f 2014 2329 2196
f 2196 2011 2014
f 2142 2085 2083
f 2014 2143 2329
f 2016 2198 2197
f 2198 2085 2142
f 1869 2199 2263
f 2017 2264 2143
f 1869 1806 2199
f 2268 2146 2145
f 2145 2202 2201
f 2202 2145 2200
f 2145 2146 2200
f 2269 2337 2021
f 2204 1878 2027
f 2025 2148 1879
f 2207 2204 2027
f 2026 2206 2150
f 2026 2150 1947
f 1947 2338 2152
f 2092 2028 2094
f 2094 2096 2151
f 2031 2095 2030
f 2093 2272 2339
f 2094 2273 2092
f 2153 2275 2031
f 2093 2339 2212
f 2032 2217 2211
f 2097 1956 2033
f 1956 1887 2033
f 2093 2212 1952
f 2032 2157 2217
f 2155 2035 2215
f 2100 2035 2155
f 1957 2156 2098
f 1957 2154 2156
f 1884 2033 2157
f 1959 2157 2033
f 1822 2099 2158
f 2159 2343 2036
f 2343 2218 2036
f 2279 2036 2218
f 2036 2279 2215
f 2100 2216 2101
f 1959 2158 2157
f 1822 2158 2038
f 1959 2038 2158
f 2039 2037 2102
f 2219 2102 2037
f 2281 2043 2160
f 2160 2043 2101
f 2044 1896 2404
f 2224 1828 2165
f 1828 1894 2165
f 2223 2165 1894
f 2045 2164 2225
f 1896 2226 2287
f 2231 2166 1968
f 2103 2109 2228
f 2106 2168 2289
f 2109 2047 2351
f 2047 2291 2351
f 2108 2166 2230
f 2108 2230 2110
f 2103 2169 2050
f 2103 2050 1897
f 2168 1975 2110
f 2168 2110 2230
f 1786 2114 2175
f 1786 2175 2293
f 2113 2293 2174
f 2113 1786 2293
f 2173 2355 2111
f 2237 2115 2054
f 2234 2235 2053
f 2054 2355 2236
f 2054 2236 2237
f 2116 2176 2301
f 2238 2117 2235
f 2176 1907 2178
f 1907 2118 2178
f 2057 2243 2241
f 1979 2180 2179
f 2181 2179 2180
f 2120 2422 1980
f 2121 2244 2182
f 2182 2244 2122
f 2122 2305 1912
f 1912 2305 2060
f 2246 2062 2060
f 2062 2246 2431
f 2123 1790 1987
f 1987 2306 2123
f 2248 2062 2431
f 1990 2247 2125
f 2125 2363 2126
f 2126 2363 2184
f 1919 1994 2253
f 2063 2307 2570
f 2127 2065 2369
f 2184 2249 2370
f 1994 2068 2253
f 2065 2310 2369
f 2309 2251 2185
f 2252 2185 2251
f 2130 2066 2186
f 1993 2129 2185
f 2068 2190 2253
f 2131 1993 2254
f 1923 2132 2317
f 1923 2317 2066
f 2132 2133 2317
f 2131 2255 1996
f 2186 2190 2068
f 2186 2187 2190
f 2004 2257 2001
f 2070 2188 2256
f 2070 2256 2191
f 2189 2133 2069
f 2069 2135 2189
f 2441 2136 2134
f 2074 2192 2004
f 2137 2191 2381
f 2136 2441 2194
f 2012 2137 2381
f 2135 2077 2138
f 2076 2012 2322
f 2080 2259 2078
f 2139 2194 2084
f 2140 2196 2141
f 2080 2079 2259
f 2195 2138 2082
f 2262 2195 2197
f 2329 2143 2511
f 2144 2324 2265
f 2084 2264 2018
f 2145 2332 2268
f 2145 2201 2332
f 2146 2147 2200
f 2146 1806 2147
f 1813 1878 2200
f 2200 2147 1813
f 2269 2335 2337
f 2202 2203 2201
f 2088 2148 2149
f 2148 2088 2205
f 2089 2205 2088
f 1945 2337 2090
f 1879 2148 2272
f 2091 2271 2089
f 2150 2338 1947
f 2207 2095 2208
f 2271 2091 2092
f 2271 2092 2209
f 2210 2094 2151
f 2095 2031 2275
f 2209 2092 2273
f 2096 2152 2342
f 2213 2032 2211
f 2213 2214 2154
f 2156 2276 2098
f 2216 2100 2155
f 2343 2345 2218
f 2278 2217 2157
f 2158 2278 2157
f 2281 2160 2280
f 2283 2220 2099
f 2161 2222 2037
f 2042 2347 2283
f 2164 1964 2281
f 2162 2285 2536
f 2162 2536 2347
f 2222 2044 2472
f 2404 2472 2044
f 2163 1966 2348
f 1896 2287 2286
f 2166 2231 2227
f 2107 2106 2289
f 2109 2351 2228
f 2230 2166 2288
f 2103 2228 2169
f 2410 2169 2228
f 2169 2410 2171
f 2111 2170 2352
f 2171 2410 2234
f 2173 2111 2352
f 2233 2112 2298
f 2293 2175 2294
f 2298 2112 2115
f 2235 2234 2295
f 2298 2115 2237
f 2355 2358 2236
f 2238 2235 2299
f 2239 2298 2237
f 2303 2301 2176
f 2237 2236 2239
f 2300 2239 2236
f 2304 2303 2176
f 2176 2178 2304
f 2177 2118 2119
f 2241 2242 2058
f 2058 2242 2422
f 1979 2179 2243
f 2245 2179 2181
f 2422 2362 1980
f 2183 2123 2430
f 2305 2426 2060
f 2364 2245 2181
f 1980 2362 1987
f 2246 2060 2428
f 2181 2124 2364
f 2124 2253 2364
f 2306 2433 2123
f 2363 2125 2247
f 2496 2184 2363
f 1990 2127 2308
f 2184 2496 2249
f 2128 2569 2307
f 1991 2248 2250
f 2255 2065 2067
f 2312 2254 1993
f 2185 2312 1993
f 2312 2185 2372
f 2315 2186 2066
f 2187 2186 2315
f 2250 2434 2371
f 2371 2441 2134
f 2001 2257 2375
f 2001 2375 2313
f 2001 2313 2188
f 2188 2313 2314
f 2317 2133 2189
f 2188 2314 2256
f 2004 2192 2257
f 2318 2257 2192
f 2189 2135 2317
f 2256 2381 2191
f 2135 2138 2317
f 2319 2317 2138
f 2138 2193 2319
f 2012 2381 2384
f 2193 2323 2319
f 2194 2441 2258
f 2078 2192 2074
f 2012 2384 2322
f 2195 2260 2138
f 2387 2138 2260
f 2195 2262 2260
f 2193 2138 2387
f 2196 2261 2141
f 2328 2142 1869
f 2261 2330 2141
f 2084 2325 2264
f 2509 2141 2330
f 2391 2144 2265
f 2197 2198 2266
f 2198 2267 2266
f 2198 2142 2267
f 2142 2328 2267
f 2452 2269 2144
f 2332 2201 2393
f 2268 2392 2146
f 2146 2392 2199
f 2146 2199 1806
f 2201 2203 2336
f 2148 2205 2272
f 2339 2272 2205
f 2271 2205 2089
f 2206 2338 2150
f 2210 2151 2397
f 2340 2273 2094
f 2340 2094 2210
f 2151 2096 2342
f 2151 2342 2341
f 1952 2209 2274
f 2209 2273 2274
f 2339 1952 2212
f 2153 2462 2275
f 2098 2276 2153
f 2153 2276 2462
f 2215 2277 2155
f 2154 2214 2156
f 2343 2159 1952
f 2155 2464 2216
f 2158 2344 2401
f 2279 2277 2215
f 2158 2099 2344
f 2220 2344 2099
f 2218 2345 2279
f 2402 2160 2216
f 2101 2216 2160
f 2402 2280 2160
f 2037 2468 2219
f 2037 2222 2282
f 2219 2346 2221
f 2221 2346 2536
f 2164 2281 2284
f 2604 2284 2281
f 2221 2536 2285
f 1966 2163 2349
f 2404 1896 2286
f 2349 2223 1966
f 2165 2406 2224
f 1966 2104 2348
f 2164 2284 2405
f 2164 2405 2225
f 2224 2406 2226
f 2226 2406 2287
f 2227 2288 2166
f 2225 2405 2167
f 2167 2409 2229
f 2730 2232 2229
f 2232 2730 2170
f 2352 2170 2608
f 2289 2168 2230
f 2290 2353 2049
f 2353 2231 2049
f 2048 2172 2291
f 2295 2234 2410
f 2291 2172 2233
f 2291 2233 2354
f 2414 2173 2352
f 2051 2174 2292
f 2354 2233 2298
f 2173 2414 2355
f 2293 2292 2174
f 2114 2116 2175
f 2296 2175 2116
f 2295 2297 2235
f 2116 2301 2296
f 2298 2239 2356
f 2236 2358 2300
f 2239 2300 2484
f 2118 2304 2178
f 2304 2118 2303
f 2238 2302 2240
f 2240 2302 2177
f 2245 2492 2179
f 2362 2422 2555
f 2122 2244 2305
f 2430 2427 2183
f 2428 2060 2426
f 2362 2306 1987
f 2123 2433 2430
f 2363 2247 2432
f 2253 2368 2364
f 2127 2369 2308
f 2569 2128 2499
f 2434 2250 2248
f 2252 2251 2574
f 2311 2368 2253
f 2253 2190 2311
f 2065 2255 2310
f 2315 2066 2317
f 2131 2254 2438
f 2436 2372 2185
f 2255 2131 2316
f 2438 2316 2131
f 2314 2374 2256
f 2190 2320 2443
f 2255 2316 2376
f 2375 2257 2318
f 2187 2379 2190
f 2190 2379 2320
f 2318 2192 2377
f 2377 2192 2383
f 2192 2259 2383
f 2259 2192 2078
f 2084 2194 2258
f 2322 2384 2324
f 2084 2258 2325
f 2326 2260 2262
f 2260 2326 2582
f 1869 2263 2328
f 2327 2196 2329
f 2324 2449 2265
f 2262 2197 2326
f 2266 2326 2197
f 2266 2267 2389
f 2267 2328 2389
f 2143 2264 2511
f 2268 2332 2389
f 2268 2389 2392
f 2333 2331 2201
f 2336 2333 2201
f 2455 2333 2336
f 2334 2202 2200
f 2200 1878 2334
f 2204 2334 1878
f 2202 2334 2203
f 2203 2334 2336
f 2334 2204 2207
f 2337 2270 2458
f 2337 2458 2090
f 2207 2208 2334
f 2458 2338 2206
f 2397 2460 2210
f 2339 2205 2209
f 2205 2271 2209
f 2338 2395 2152
f 2342 2152 2395
f 2339 2209 1952
f 2151 2341 2397
f 2274 2273 2340
f 2095 2275 2208
f 1952 2274 2343
f 2211 2214 2213
f 2276 2156 2214
f 2278 2211 2217
f 2281 2280 2535
f 2037 2282 2468
f 2219 2468 2346
f 2222 2472 2282
f 2349 2163 2348
f 2104 2407 2348
f 2407 2104 2107
f 2227 2408 2288
f 2405 2409 2167
f 2730 2229 2409
f 2298 2356 2354
f 2355 2743 2358
f 2297 2359 2235
f 2421 2296 2301
f 2235 2359 2418
f 2235 2418 2299
f 2239 2357 2356
f 2357 2239 2360
f 2484 2360 2239
f 2299 2418 2302
f 2299 2302 2238
f 2361 2303 2118
f 2118 2177 2361
f 2302 2361 2177
f 2241 2243 2487
f 2242 2241 2422
f 2422 2423 2555
f 2183 2427 2244
f 2183 2244 2121
f 2244 2493 2305
f 2305 2493 2426
f 2245 2364 2559
f 2363 2497 2496
f 2248 2431 2365
f 2570 2307 2569
f 2248 2365 2434
f 2369 2366 2308
f 2370 2499 2128
f 2249 2498 2370
f 2367 2251 2309
f 2252 2574 2373
f 2311 2501 2368
f 2311 2190 2700
f 2699 2700 2190
f 2434 2435 2371
f 2255 2376 2310
f 2252 2373 2185
f 2375 2437 2313
f 2313 2374 2314
f 2313 2437 2374
f 2315 2317 2378
f 2190 2443 2699
f 2371 2435 2441
f 2439 2374 2437
f 2315 2378 2187
f 2318 2380 2375
f 2374 2439 2442
f 2317 2319 2378
f 2318 2377 2380
f 2256 2374 2442
f 2256 2442 2381
f 2378 2379 2187
f 2377 2321 2380
f 2319 2385 2378
f 2382 2320 2379
f 2377 2642 2321
f 2381 2442 2384
f 2642 2448 2321
f 2321 2448 2388
f 2445 2321 2388
f 2319 2323 2447
f 2319 2447 2641
f 2259 2079 2386
f 2383 2259 2386
f 2701 2387 2260
f 2446 2324 2384
f 2193 2447 2323
f 2324 2446 2449
f 2261 2196 2327
f 2329 2511 2327
f 2330 2785 2509
f 2451 2326 2266
f 2328 2263 2390
f 2263 2199 2390
f 2264 2325 2511
f 2449 2391 2265
f 2389 2328 2392
f 2390 2392 2328
f 2391 2452 2144
f 2390 2199 2392
f 2331 2393 2201
f 2331 2266 2393
f 2393 2389 2332
f 2452 2520 2269
f 2333 2586 2331
f 2520 2521 2269
f 2521 2456 2269
f 2269 2456 2335
f 2335 2270 2337
f 2336 2459 2455
f 2090 2458 2206
f 2458 2590 2338
f 2395 2338 2523
f 2336 2334 2208
f 2336 2208 2396
f 2340 2210 2394
f 2461 2340 2394
f 2210 2460 2394
f 2397 2341 2398
f 2340 2461 2274
f 2208 2275 2526
f 2343 2274 2461
f 2275 2462 2526
f 2211 2463 2214
f 2214 2463 2276
f 2343 2461 2400
f 2277 2465 2155
f 2155 2465 2464
f 2211 2278 2399
f 2158 2399 2278
f 2345 2343 2400
f 2527 2277 2279
f 2466 2467 2470
f 2220 2283 2664
f 2470 2467 2403
f 2281 2535 2604
f 2346 2533 2536
f 2347 2536 2664
f 2347 2664 2283
f 2405 2284 2604
f 2604 2537 2405
f 2406 2165 2473
f 2350 2348 2407
f 2409 2405 2537
f 2227 2475 2408
f 2107 2289 2407
f 2289 2230 2407
f 2230 2288 2407
f 2228 2411 2410
f 2228 2351 2411
f 2409 2672 2730
f 2351 2354 2411
f 2730 2412 2170
f 2170 2412 2608
f 2351 2291 2354
f 2051 2415 2290
f 2415 2477 2290
f 2290 2477 2353
f 2353 2477 2231
f 2354 2416 2411
f 2292 2415 2051
f 2354 2480 2416
f 2355 2414 2742
f 2415 2292 2544
f 2292 2293 2481
f 2293 2294 2417
f 2356 2480 2354
f 2357 2478 2546
f 2360 2478 2357
f 2478 2360 2679
f 2355 2742 2743
f 2294 2175 2417
f 2296 2417 2175
f 2358 2743 2616
f 2681 2417 2296
f 2357 2546 2356
f 2421 2420 2296
f 2358 2419 2300
f 2301 2303 2421
f 2485 2421 2303
f 2419 2484 2300
f 2486 2303 2361
f 2423 2422 2551
f 2424 2491 2425
f 2244 2427 2560
f 2425 2491 2624
f 2491 2561 2624
f 2425 2624 2429
f 2429 2556 2425
f 2246 2428 2431
f 2433 2626 2430
f 2432 2497 2363
f 2431 2428 2365
f 2308 2428 2247
f 2247 1990 2308
f 2308 2365 2428
f 2364 2368 2495
f 2365 2308 2366
f 2570 2571 2367
f 2366 2434 2365
f 2496 2498 2249
f 2370 2500 2499
f 2369 2434 2366
f 2434 2369 2435
f 2251 2630 2631
f 2369 2310 2576
f 2574 2695 2373
f 2311 2700 2501
f 2373 2696 2185
f 2440 2438 2254
f 2379 2378 2385
f 2578 2376 2316
f 2316 2438 2440
f 2320 2382 2443
f 2445 2380 2321
f 2642 2377 2383
f 2444 2384 2442
f 2705 2385 2319
f 2642 2383 2581
f 2319 2641 2705
f 2384 2444 2446
f 2444 2514 2446
f 2387 2701 2641
f 2387 2641 2193
f 2193 2641 2447
f 2079 2509 2386
f 2388 2448 2508
f 2446 2514 2449
f 2582 2326 2711
f 2327 2450 2261
f 2330 2261 2450
f 2391 2516 2452
f 2391 2449 2516
f 2266 2389 2393
f 2266 2331 2451
f 2519 2453 2454
f 2333 2455 2586
f 2456 2457 2335
f 2455 2459 2654
f 2656 2654 2459
f 2335 2457 2270
f 2338 2590 2523
f 2396 2459 2336
f 2395 2525 2342
f 2208 2593 2396
f 2526 2593 2208
f 2399 2463 2211
f 2463 2597 2276
f 2466 2529 2464
f 2158 2662 2399
f 2279 2345 2527
f 2465 2277 2527
f 2529 2216 2464
f 2158 2401 2662
f 2529 2466 2470
f 2282 2471 2468
f 2470 2403 2469
f 2282 2472 2471
f 2349 2348 2534
f 2404 2286 2472
f 2349 2534 2223
f 2165 2223 2534
f 2165 2534 2473
f 2407 2475 2350
f 2475 2227 2474
f 2286 2287 2607
f 2539 2607 2287
f 2287 2406 2539
f 2407 2288 2475
f 2288 2408 2475
f 2227 2231 2540
f 2730 2541 2412
f 2413 2540 2231
f 2410 2411 2416
f 2609 2414 2352
f 2415 2476 2477
f 2544 2476 2415
f 2231 2477 2413
f 2480 2542 2416
f 2679 2479 2478
f 2543 2478 2479
f 2410 2416 2295
f 2297 2295 2416
f 2359 2416 2542
f 2543 2546 2478
f 2293 2417 2547
f 2293 2547 2481
f 2297 2416 2359
f 2359 2542 2418
f 2480 2356 2482
f 2356 2546 2738
f 2360 2484 2483
f 2745 2358 2616
f 2296 2420 2681
f 2484 2419 2745
f 2419 2358 2745
f 2421 2485 2550
f 2418 2549 2302
f 2303 2486 2485
f 2487 2488 2241
f 2489 2487 2490
f 2487 2243 2179
f 2551 2422 2241
f 2489 2491 2424
f 2489 2490 2491
f 2490 2554 2491
f 2551 2553 2423
f 2425 2552 2424
f 2491 2554 2561
f 2423 2553 2555
f 2559 2492 2245
f 2244 2560 2493
f 2494 2428 2426
f 2426 2493 2494
f 2427 2430 2560
f 2428 2494 2432
f 2495 2559 2364
f 2247 2428 2432
f 2362 2758 2306
f 2624 2568 2429
f 2306 2567 2433
f 2626 2433 2567
f 2497 2628 2496
f 2501 2573 2368
f 2628 2498 2496
f 2839 2569 2499
f 2630 2367 2571
f 2367 2630 2251
f 2498 2572 2370
f 2500 2370 2572
f 2435 2369 2576
f 2310 2376 2576
f 2185 2696 2502
f 2185 2502 2436
f 2637 2576 2376
f 2312 2772 2254
f 2435 2697 2441
f 2441 2697 2634
f 2504 2375 2380
f 2375 2504 2640
f 2439 2503 2442
f 2376 2578 2637
f 2504 2380 2445
f 2442 2503 2505
f 2441 2634 2258
f 2442 2505 2444
f 2701 2260 2781
f 2386 2855 2383
f 2581 2383 2855
f 2445 2584 2504
f 2781 2260 2706
f 2388 2508 2445
f 2444 2505 2506
f 2506 2505 2639
f 2260 2582 2706
f 2386 2509 2507
f 2584 2445 2508
f 2514 2444 2510
f 2444 2506 2510
f 2510 2506 2512
f 2785 2644 2509
f 2510 2512 2514
f 2330 2450 2785
f 2449 2514 2513
f 2515 2513 2514
f 2514 2512 2515
f 2517 2515 2512
f 2512 2506 2517
f 2449 2513 2516
f 2453 2516 2513
f 2513 2515 2453
f 2452 2516 2519
f 2516 2453 2519
f 2517 2453 2515
f 2451 2331 2518
f 2522 2454 2453
f 2453 2517 2522
f 2519 2454 2713
f 2521 2589 2456
f 2459 2524 2656
f 2459 2396 2524
f 2460 2397 2592
f 2594 2461 2394
f 2394 2460 2594
f 2342 2525 2341
f 2461 2719 2400
f 2276 2597 2462
f 2462 2597 2526
f 2598 2599 2465
f 2600 2464 2465
f 2528 2464 2600
f 2399 2662 2463
f 2400 2527 2345
f 2400 2719 2527
f 2464 2528 2466
f 2601 2402 2216
f 2467 2466 2528
f 2402 2601 2280
f 2530 2280 2601
f 2216 2529 2530
f 2528 2531 2467
f 2530 2529 2532
f 2470 2532 2529
f 2280 2530 2535
f 2532 2535 2530
f 2531 2603 2467
f 2467 2603 2808
f 2468 2471 2346
f 2346 2725 2533
f 2532 2470 2535
f 2469 2535 2470
f 2467 2808 2403
f 2534 2348 2350
f 2403 2808 2728
f 2472 2286 2670
f 2472 2670 2729
f 2726 2350 2474
f 2726 2474 2538
f 2469 2403 2668
f 2469 2668 2606
f 2286 2607 2670
f 2350 2475 2474
f 2538 2474 2227
f 2227 2540 2538
f 2608 2412 2541
f 2609 2352 2608
f 2735 2477 2476
f 2543 2479 2736
f 2480 2545 2542
f 2822 2414 2610
f 2482 2545 2480
f 2676 2546 2543
f 2414 2822 2742
f 2547 2292 2481
f 2548 2547 2417
f 2542 2615 2418
f 2738 2482 2356
f 2483 2679 2360
f 2681 2548 2417
f 2418 2615 2549
f 2745 2483 2484
f 2681 2420 2421
f 2421 2550 2823
f 2302 2549 2361
f 2684 2746 2489
f 2487 2489 2746
f 2487 2746 2488
f 2241 2488 2551
f 2552 2489 2424
f 2487 2179 2490
f 2551 2826 2553
f 2490 2179 2492
f 2490 2492 2554
f 2561 2554 2559
f 2554 2492 2559
f 2425 2556 2622
f 2425 2622 2552
f 2561 2559 2558
f 2560 2557 2493
f 2562 2494 2493
f 2555 2829 2362
f 2758 2362 2829
f 2430 2564 2625
f 2430 2625 2560
f 2556 2565 2757
f 2494 2562 2432
f 2562 2497 2432
f 2561 2495 2624
f 2562 2563 2497
f 2567 2306 2758
f 2430 2627 2564
f 2566 2565 2556
f 2430 2626 2627
f 2556 2429 2566
f 2495 2368 2691
f 2628 2497 2563
f 2368 2573 2691
f 2569 2693 2570
f 2631 2574 2251
f 2575 2573 2501
f 2501 2700 2575
f 2435 2576 2632
f 2373 2695 2696
f 2435 2632 2697
f 2372 2436 2773
f 2372 2773 2312
f 2436 2502 2773
f 2437 2633 2439
f 2638 2440 2254
f 2375 2640 2635
f 2375 2635 2437
f 2439 2577 2503
f 2439 2633 2577
f 2443 2382 2636
f 2443 2636 2699
f 2503 2577 2579
f 2503 2579 2505
f 2385 2705 2379
f 2316 2440 2578
f 2579 2639 2505
f 2580 2379 2705
f 2379 2580 2382
f 2584 2643 2504
f 2640 2504 2643
f 2583 2506 2639
f 2508 2448 2584
f 2511 2325 2327
f 2327 2325 2450
f 2326 2451 2711
f 2506 2583 2647
f 2452 2519 2585
f 2506 2647 2517
f 2518 2331 2586
f 2520 2452 2712
f 2519 2713 2585
f 2521 2520 2712
f 2454 2522 2648
f 2522 2517 2648
f 2455 2587 2586
f 2455 2654 2587
f 2456 2655 2457
f 2456 2589 2655
f 2457 2655 2270
f 2270 2867 2458
f 2656 2524 2658
f 2588 2657 2591
f 2657 2659 2591
f 2524 2396 2593
f 2397 2398 2592
f 2395 2523 2525
f 2800 2341 2525
f 2596 2593 2526
f 2594 2595 2461
f 2719 2465 2527
f 2719 2598 2465
f 2600 2465 2599
f 2875 2401 2344
f 2530 2601 2216
f 2602 2531 2528
f 2603 2531 2602
f 2471 2725 2346
f 2350 2605 2534
f 2726 2538 2667
f 2535 2606 2604
f 2535 2469 2606
f 2472 2729 2471
f 2668 2403 2728
f 2671 2473 2534
f 2406 2473 2671
f 2537 2672 2409
f 2540 2612 2538
f 2611 2610 2414
f 2413 2612 2540
f 2676 2543 2736
f 2542 2545 2614
f 2676 2738 2546
f 2544 2292 2678
f 2739 2678 2292
f 2545 2482 2614
f 2548 2613 2547
f 2542 2677 2615
f 2738 2614 2482
f 2885 2744 2618
f 2681 2421 2617
f 2823 2550 2744
f 2744 2550 2618
f 2485 2618 2550
f 2618 2485 2619
f 2823 2617 2421
f 2485 2486 2620
f 2485 2620 2619
f 2549 2620 2361
f 2486 2361 2620
f 2488 2746 2683
f 2489 2552 2684
f 2488 2826 2551
f 2552 2621 2684
f 2553 2753 2555
f 2829 2555 2753
f 2556 2757 2622
f 2557 2562 2493
f 2558 2559 2495
f 2560 2625 2557
f 2561 2558 2495
f 2557 2563 2562
f 2757 2565 2623
f 2564 2627 2625
f 2624 2691 2761
f 2842 2625 2627
f 2911 2565 2566
f 2624 2761 2568
f 2563 2692 2628
f 2429 2568 2629
f 2568 2761 2629
f 2839 2693 2569
f 2570 2693 2571
f 2500 2764 2499
f 2571 3036 2694
f 2571 2694 2630
f 2498 2628 2572
f 2915 2574 2631
f 2575 2700 2766
f 2312 2773 2698
f 2632 2576 2637
f 2697 2632 2637
f 2254 2772 2638
f 2437 2635 2633
f 2702 2637 2578
f 2638 2784 2440
f 2579 2577 2639
f 2578 2440 2784
f 2701 2778 2641
f 2702 2258 2634
f 2507 2855 2386
f 2782 2641 2778
f 2711 2706 2582
f 2702 2703 2258
f 2258 2703 2325
f 2644 2507 2509
f 2448 2786 2584
f 2325 2703 2450
f 2450 2709 2785
f 2451 2518 2859
f 2451 2859 2711
f 2647 2583 2646
f 2645 2789 2646
f 2646 2789 2647
f 2452 2585 2712
f 2713 2863 2861
f 2713 2454 2863
f 2521 2714 2650
f 2651 2587 2654
f 2649 2652 2588
f 2652 2653 2588
f 2521 2650 2589
f 2588 2653 2657
f 2650 2716 2589
f 2867 2270 2655
f 2795 2589 2716
f 2655 2589 2795
f 2797 2458 2867
f 2458 2797 2590
f 2659 2657 2653
f 2596 2658 2524
f 2523 3004 2525
f 2524 2593 2596
f 2591 2659 2718
f 2801 2594 2460
f 2592 2398 2660
f 2398 2341 2660
f 2341 2717 2660
f 2525 3004 2800
f 2591 2718 2799
f 2799 2718 2869
f 2595 2594 2719
f 2594 2801 2719
f 2717 2341 2800
f 2596 2526 2661
f 2721 2661 2526
f 2526 2597 2721
f 2597 2463 2721
f 2598 2804 2599
f 2599 2804 2600
f 2600 2663 2528
f 2220 2875 2344
f 2528 2663 2602
f 2602 2663 2665
f 2602 2665 2666
f 2807 2603 2602
f 2809 2533 2725
f 2536 2533 2809
f 2536 2727 2664
f 2664 2727 2876
f 2537 2604 2672
f 2604 2606 2672
f 2606 2668 2730
f 2668 2728 2669
f 2668 2669 2730
f 2607 2673 2670
f 2607 2539 2673
f 2539 2674 2673
f 2406 2671 2539
f 2541 2814 2608
f 2610 2611 2733
f 2609 2611 2414
f 2678 2476 2544
f 2735 2413 2477
f 2675 2885 2881
f 2680 2881 2885
f 2736 2737 2676
f 2542 2614 2677
f 2678 2739 2820
f 2547 2739 2292
f 2739 2547 2613
f 2885 2618 2680
f 2619 2680 2618
f 2615 2677 2549
f 2683 2746 2682
f 2683 2826 2488
f 2685 2553 2826
f 2552 2755 2621
f 2686 2687 2689
f 2686 2756 2687
f 2686 2689 2688
f 2688 2689 2690
f 2689 2687 2837
f 2563 2557 2625
f 2688 2690 2759
f 2758 2835 2567
f 2688 2759 2763
f 2624 2495 2691
f 2625 2842 2563
f 2692 2563 2842
f 2629 2566 2429
f 2627 2626 2567
f 2629 2761 2983
f 2843 2983 2761
f 2693 2912 2571
f 2572 2628 2844
f 2917 2695 2845
f 2695 2917 2696
f 2772 2312 2698
f 2768 2700 2699
f 2768 2771 2700
f 2772 2986 2638
f 2633 2635 2577
f 2634 2697 2637
f 2635 2707 2577
f 2707 2635 2640
f 2639 2577 2707
f 2580 2636 2382
f 2634 2637 2702
f 2640 2704 2707
f 2702 2578 2703
f 2578 2784 2703
f 2583 2639 2707
f 2641 2782 2705
f 2643 2704 2640
f 2710 2707 2704
f 2708 2706 2711
f 2581 2926 2642
f 2857 2643 2584
f 2709 2450 2703
f 2642 2786 2448
f 2710 2645 2707
f 2707 2645 2583
f 2858 2787 2710
f 2645 2646 2583
f 2710 2787 2645
f 2712 2585 2929
f 2929 2585 2861
f 2861 2585 2713
f 2992 2645 2787
f 2645 2992 2789
f 2587 2518 2586
f 2521 2712 2860
f 2521 2860 2714
f 2863 2454 2648
f 2647 3054 2517
f 2715 2587 2651
f 2648 2517 2791
f 2517 3054 2791
f 2649 2790 2652
f 2651 2654 2652
f 2653 2652 2654
f 2654 2656 2653
f 2658 2653 2656
f 2591 2793 2588
f 2596 2653 2658
f 2653 2596 2659
f 2793 2591 2866
f 2590 2797 2798
f 2590 2798 2523
f 2718 2659 2596
f 2802 2801 2460
f 2460 2592 2802
f 2660 2802 2592
f 2661 2869 2718
f 2595 2719 2461
f 2598 2719 2871
f 2600 2804 2663
f 2662 2401 2722
f 2873 2805 2723
f 2804 2723 2724
f 2804 2724 2663
f 2220 2664 2875
f 2805 2879 2723
f 2806 2723 2879
f 2723 2806 2724
f 2663 2724 2806
f 2603 2807 2808
f 2807 2602 2666
f 2605 2350 2726
f 2808 2810 2728
f 2536 2809 2727
f 2673 2729 2670
f 2674 2729 2673
f 2534 2605 2671
f 2730 2672 2606
f 2730 2669 2541
f 2817 2538 2612
f 2734 2731 2816
f 2734 2732 2731
f 2734 2816 2737
f 2734 2737 2736
f 2881 2680 2816
f 2676 2737 2738
f 2677 2614 2740
f 2677 2740 2741
f 2614 2737 2740
f 2614 2738 2737
f 2680 2619 2677
f 2680 2677 2741
f 2679 2483 2960
f 2887 2616 2743
f 2616 2887 2745
f 2619 2620 2677
f 2549 2677 2620
f 2684 2824 2746
f 2683 2682 2826
f 2747 2895 2750
f 2747 2826 2748
f 2621 2754 2684
f 2749 2826 2747
f 2747 2750 2749
f 2749 2685 2826
f 2749 2750 2753
f 2751 2754 2752
f 2553 2685 2749
f 2753 2553 2749
f 2900 2827 2752
f 2552 2622 2755
f 2832 2827 2900
f 2898 2686 2688
f 2898 2688 2974
f 2622 2757 2902
f 2757 2623 2902
f 2689 2837 2690
f 2904 2567 2835
f 2759 2690 2908
f 2690 2837 2909
f 2838 2623 2565
f 2763 2759 2764
f 2566 2629 2760
f 2566 2760 2911
f 2838 2565 2911
f 2691 2762 2761
f 2567 2841 2627
f 2759 2499 2764
f 2763 2764 2500
f 2765 2843 2761
f 2761 2762 2765
f 2573 2762 2691
f 2627 2841 2842
f 2572 2763 2500
f 2571 2912 3036
f 3036 2912 2910
f 2630 2915 2631
f 2628 2692 2844
f 2766 3043 2575
f 2696 2917 2767
f 2846 2768 2770
f 2767 2779 2696
f 2767 2847 2779
f 2771 2768 2916
f 2700 2919 2766
f 2696 2775 2502
f 2696 2779 2775
f 2770 2768 2776
f 2768 2699 2776
f 2771 2919 2700
f 2699 2636 2776
f 2775 2779 2780
f 2777 2769 2774
f 2636 2580 2776
f 2986 2923 2638
f 2921 2780 2779
f 2777 2774 2701
f 2777 2701 2781
f 2774 2778 2701
f 2580 2705 2782
f 2853 2784 2638
f 2854 2780 2921
f 2643 2857 2704
f 2710 2704 2927
f 2703 2784 2709
f 2709 2784 2785
f 2785 2853 2644
f 2786 2857 2584
f 2927 2858 2710
f 2518 2587 2788
f 2788 2587 2715
f 2863 2648 2931
f 3054 2647 2789
f 2792 2790 2649
f 2715 2651 2652
f 2715 2652 2790
f 2714 2995 2650
f 2865 2649 2588
f 2588 2793 2865
f 2995 2716 2650
f 2655 2795 2796
f 2655 2796 2867
f 2716 2794 2795
f 2866 2591 2799
f 2716 3195 2794
f 2719 2801 2871
f 2660 2717 2802
f 2800 2720 2717
f 2661 2718 2596
f 2869 2661 2803
f 2661 2721 2939
f 2661 2939 2803
f 2662 2721 2463
f 2721 2662 2872
f 2722 2872 2662
f 2875 2722 2401
f 2875 2664 3072
f 2880 2663 2806
f 2665 2663 2880
f 2880 2806 2879
f 2667 3134 2726
f 2880 2813 2665
f 2725 2471 2729
f 2725 2729 2811
f 2728 2810 2669
f 2605 3019 2671
f 2667 2538 2815
f 2814 2669 2810
f 2671 2951 2539
f 2539 2951 2674
f 2538 2817 2815
f 2541 2669 2814
f 2609 2608 2814
f 2675 2881 2818
f 2954 2610 2733
f 2476 2883 2735
f 2476 2678 2883
f 2953 2735 2883
f 2815 2735 2953
f 2735 2815 2817
f 2817 2413 2735
f 2817 2612 2413
f 2816 2741 2737
f 2479 2955 2736
f 2678 2820 2819
f 2739 2886 2820
f 2820 2886 2821
f 2613 2886 2739
f 2816 2680 2741
f 2613 2548 2888
f 2891 2888 2548
f 2679 2960 2479
f 2742 3024 2743
f 2743 3024 2887
f 2548 2681 2891
f 2887 2963 2745
f 2744 2889 2823
f 2964 2890 2483
f 2483 2745 2964
f 2963 2964 2745
f 2681 2617 2891
f 2823 2891 2617
f 2746 2824 2965
f 2746 2965 2682
f 2824 2684 2751
f 2682 2825 2826
f 2748 2826 2825
f 2825 2747 2748
f 2747 2825 2895
f 2893 2752 2827
f 2893 2827 2896
f 2684 2754 2751
f 2893 2751 2752
f 2750 2895 2828
f 2621 2970 2754
f 2621 2755 2970
f 2754 3026 2752
f 2750 2828 2831
f 2753 2750 2831
f 2753 2831 2829
f 2827 2832 2830
f 2898 2972 2686
f 2756 2686 2972
f 2902 2755 2622
f 2903 2831 2828
f 2834 2756 2901
f 2756 2976 2687
f 2829 2831 2758
f 2835 2758 2831
f 2903 2835 2831
f 2974 2688 2836
f 2687 3093 2837
f 2904 2835 2903
f 2763 2836 2688
f 2909 2908 2690
f 2839 2499 2759
f 2759 2908 2839
f 2760 2629 2840
f 2567 2904 2841
f 2629 3039 2840
f 2908 2693 2839
f 2629 2983 3039
f 2843 2984 2983
f 2763 2572 2914
f 2765 2762 2843
f 2842 3038 2692
f 2843 2762 2913
f 2573 2575 2762
f 2914 2692 3038
f 2572 2844 2914
f 2695 2574 2845
f 2574 2915 2845
f 3045 2916 2846
f 2845 3044 2917
f 2917 2847 2767
f 2769 2777 2846
f 2846 2770 2769
f 2846 2916 2768
f 2918 2779 2847
f 2916 2848 2771
f 2775 2850 2502
f 2769 2770 2774
f 2776 2849 2770
f 2919 2771 2848
f 2698 2986 2772
f 2773 2502 2850
f 2774 2770 2849
f 2850 2775 2924
f 2780 2924 2775
f 2774 2849 2778
f 2580 2849 2776
f 2852 2777 2781
f 2782 2778 2849
f 2783 2852 2781
f 2924 2780 2786
f 2854 2786 2780
f 2642 2924 2786
f 2783 2781 2706
f 2706 2708 2783
f 2784 2853 2785
f 2581 2855 2926
f 2704 2857 2856
f 2856 2927 2704
f 2853 2507 2644
f 2857 2786 2854
f 2859 2708 2711
f 2928 2859 2518
f 2518 2788 2862
f 2518 2862 2928
f 2788 2715 2862
f 2792 2930 3110
f 2792 3110 2862
f 2790 2792 2715
f 2931 2648 2932
f 2648 2791 2932
f 3253 2791 3054
f 2792 2649 2864
f 2995 3002 2716
f 2795 3006 2796
f 2796 3006 2867
f 2867 3062 3122
f 2867 3122 2797
f 2798 3060 3194
f 2798 3194 2523
f 2523 3194 3004
f 2795 2794 3005
f 2795 3005 2938
f 2869 2868 2799
f 2717 2720 3007
f 2869 2803 3010
f 3009 2871 2801
f 2802 2717 2870
f 2721 2872 2939
f 2598 2871 2804
f 2871 2873 2723
f 2871 2723 2804
f 2722 2874 2872
f 2722 2875 2943
f 3072 2664 2876
f 3014 2805 2873
f 3014 2878 2805
f 2667 2812 3134
f 2805 2878 2879
f 2877 2807 2666
f 2807 2946 2808
f 2725 2947 2809
f 2876 2727 3072
f 2726 3134 3018
f 2726 3018 2605
f 2879 3206 2880
f 3076 2880 3206
f 2808 2946 2810
f 2809 2947 2727
f 3072 2727 2947
f 2813 2880 3076
f 2811 2729 2949
f 2667 2815 2812
f 2950 2814 2810
f 2729 2674 2949
f 2884 2812 2815
f 2814 2950 2609
f 3020 2733 2611
f 2611 2609 3020
f 2950 3020 2609
f 2953 2884 2815
f 3023 2883 2678
f 2955 2734 2736
f 2678 2819 3023
f 2821 2819 2820
f 2675 2882 2885
f 2957 2955 2479
f 2737 2741 2740
f 2613 2888 2958
f 2744 2885 3085
f 2822 2959 2742
f 2960 2483 2961
f 2742 2959 3024
f 2744 3085 2889
f 2483 2890 2961
f 2823 2889 2891
f 2682 2965 2825
f 2892 2825 2965
f 2893 2966 2824
f 2751 2893 2824
f 2825 2894 2895
f 2895 2894 2967
f 2894 2896 2967
f 2827 2830 2896
f 2752 3029 2900
f 2972 2899 2756
f 2899 2973 2756
f 2756 2973 2901
f 2832 2900 3157
f 2832 3157 2830
f 2828 2897 2903
f 2756 2834 2976
f 2687 2976 2833
f 2833 2976 3159
f 2978 2830 3157
f 2905 2976 2834
f 2833 3159 3092
f 2833 3092 2687
f 2687 3092 3093
f 2623 2838 2902
f 2834 2906 2905
f 2901 2906 2834
f 2980 2837 3093
f 2904 2903 2981
f 2763 2907 2836
f 2907 2763 2914
f 2837 2980 2910
f 2911 3035 2838
f 2904 2981 2982
f 2908 2909 2912
f 2908 2912 2693
f 2909 2837 2912
f 2837 2910 2912
f 2904 2982 2841
f 2842 2841 2982
f 3036 2910 2980
f 2983 2984 3164
f 2843 2913 2984
f 2915 2630 3041
f 2630 2694 3041
f 2575 3043 2762
f 2845 2915 3044
f 3047 2846 2777
f 2917 3048 2847
f 2851 3047 2777
f 2916 2985 2848
f 2848 2985 2919
f 2919 3100 2766
f 2850 2698 2773
f 2779 2918 2921
f 2922 2919 2985
f 2852 2851 2777
f 2851 2852 2987
f 2988 2919 2922
f 2925 2920 2850
f 2850 2924 2925
f 2849 2580 2782
f 2923 2853 2638
f 2925 2924 2642
f 2921 2857 2854
f 2853 2923 2507
f 2783 2708 2989
f 2507 2920 2855
f 2926 2925 2642
f 2992 2787 2858
f 2993 2862 3110
f 2861 2863 2929
f 2792 2862 2715
f 2714 2860 2998
f 2994 2789 2992
f 2789 2994 3054
f 2930 2792 2864
f 2995 2714 2998
f 2649 2933 2864
f 2934 2933 2865
f 2933 2649 2865
f 2935 2934 2865
f 2995 3000 3002
f 2793 2935 2865
f 2935 2793 3003
f 2793 2866 3003
f 3006 2795 2938
f 2867 3006 3062
f 2797 2936 2798
f 2798 2936 3060
f 2799 2937 2866
f 2716 3002 3195
f 2799 2868 2937
f 2868 2869 3010
f 3007 2870 2717
f 2720 2800 3007
f 2801 2802 3065
f 2801 3065 3009
f 2802 2870 3065
f 2941 2944 2940
f 2941 3069 2944
f 2944 3069 2942
f 2874 2722 2943
f 2944 2942 3016
f 2875 3072 2943
f 3132 2877 2945
f 2877 3132 2807
f 3134 2812 3073
f 3014 3206 2878
f 2666 2665 2877
f 2807 3132 2946
f 3017 2946 3132
f 2725 2811 2947
f 3018 3075 2605
f 2878 3206 2879
f 2946 3017 2810
f 3075 3019 2605
f 2948 2665 2813
f 3272 2810 3017
f 2810 3272 2950
f 2671 3019 2951
f 2949 2674 2951
f 2812 2884 3081
f 3139 2954 2733
f 3139 2733 3079
f 2952 3079 2733
f 2953 3021 2884
f 2675 2818 2882
f 2816 2818 2881
f 3022 2732 2734
f 2955 3022 2734
f 2954 3139 2956
f 2821 2886 2819
f 2886 2613 2958
f 2479 2960 2957
f 2610 2954 2822
f 2891 2889 2962
f 2890 2964 3149
f 2890 3149 3025
f 2824 2966 2965
f 2893 2896 2892
f 2893 2892 2966
f 2892 2894 2825
f 2892 2896 2894
f 3027 2895 2967
f 2895 3027 2828
f 2896 2968 2967
f 2969 2828 3027
f 2971 2754 2970
f 3026 2754 2971
f 2828 2969 2897
f 3026 3028 2752
f 3029 2752 3028
f 2896 2830 2968
f 3032 2968 2830
f 2973 2899 2972
f 2755 2902 3030
f 3033 2897 2969
f 2836 2907 2974
f 3032 2830 2978
f 2973 2977 2901
f 2979 2902 2838
f 2897 3033 2903
f 2903 3033 2981
f 2901 2977 2906
f 2982 3038 2842
f 2694 3036 3162
f 2914 2844 2692
f 2913 2762 3043
f 2916 3045 3046
f 2766 3100 3043
f 3101 2847 3048
f 3102 2916 3046
f 3167 2917 3044
f 2917 3167 3048
f 2847 3101 3049
f 2847 3049 2918
f 2916 3102 2985
f 2698 2850 3105
f 2919 2988 3100
f 2921 2918 3050
f 3049 3050 2918
f 3050 3174 2921
f 2852 2783 2987
f 2987 2783 2989
f 2921 3174 2857
f 2923 2920 2507
f 2989 2708 3051
f 2855 2920 2926
f 2857 3239 2856
f 2856 3239 3177
f 2856 3177 2927
f 2927 3244 2858
f 2927 3177 3244
f 2859 2991 2990
f 2990 2708 2859
f 2991 2859 2928
f 3110 3053 2993
f 2860 2712 2998
f 2712 2929 2996
f 2998 2712 2996
f 2929 2863 2997
f 2929 2997 2996
f 2863 2931 2997
f 3115 2933 3055
f 2933 3115 2864
f 2930 2864 3115
f 3001 3055 2933
f 2998 2996 2999
f 2996 2997 3056
f 2996 3056 2999
f 2997 2931 3058
f 2931 2932 3058
f 3001 2933 2934
f 2995 2998 3000
f 2998 2999 3000
f 2934 2935 3001
f 3003 2866 2937
f 2797 3122 2936
f 2794 3195 3063
f 2794 3063 3005
f 2937 2868 3010
f 3008 3007 2800
f 3004 3008 2800
f 2803 3127 3010
f 3012 3069 2941
f 2941 2940 3068
f 2941 3068 3012
f 2939 2872 3013
f 2873 2871 3014
f 2872 2874 3013
f 3015 3069 3012
f 3206 3137 3076
f 2813 3077 2948
f 3020 2950 3272
f 2812 3081 3273
f 2733 3020 2952
f 3021 3081 2884
f 2953 2883 3021
f 2819 3145 3023
f 2819 3083 3145
f 2819 2886 3083
f 2882 3085 2885
f 2956 2822 2954
f 2956 3280 2822
f 2886 2958 3084
f 2958 2888 3084
f 2960 2961 2957
f 2959 2822 3024
f 2888 2891 3146
f 2891 2962 3146
f 2962 2889 3085
f 2961 2890 3025
f 3087 3149 2964
f 3087 2964 2963
f 2965 2966 2892
f 3346 2971 3292
f 2971 3346 3026
f 2967 2968 3155
f 3027 3089 2969
f 2970 2755 3030
f 3089 3091 2974
f 3091 2898 2974
f 2972 2898 3091
f 2975 3030 2902
f 3157 2900 3029
f 3089 2974 2907
f 2977 2973 3161
f 3157 3031 2978
f 3093 3094 2980
f 3161 3098 2977
f 2906 3034 2905
f 2906 2977 3034
f 2760 3035 2911
f 3035 2979 2838
f 3033 2907 2914
f 3033 2914 2981
f 3098 3037 2977
f 2977 3037 3097
f 2977 3097 3034
f 2981 2914 2982
f 3162 3036 3096
f 2983 3164 3039
f 3038 2982 2914
f 2984 3040 3164
f 2694 3299 3041
f 3042 2984 2913
f 2846 3047 3045
f 3233 3045 3047
f 2987 3047 2851
f 3105 2986 2698
f 2923 2986 3105
f 2920 3105 2850
f 2987 2989 3051
f 2922 2985 3104
f 2920 2925 2926
f 2922 3104 2988
f 2857 3174 3052
f 2857 3052 3239
f 3106 2990 2991
f 3106 2708 2990
f 2991 3107 3106
f 2991 2928 3107
f 3053 3110 3178
f 3178 3110 3378
f 2992 2858 3180
f 2928 2862 3053
f 3053 2862 2993
f 3115 3110 2930
f 3111 3445 3117
f 3054 3251 3253
f 2997 3058 3056
f 3058 2932 3057
f 2932 2791 3057
f 2791 3192 3057
f 2791 3253 3188
f 2791 3188 3192
f 3000 2999 3185
f 3000 3185 3059
f 3120 2935 3003
f 3193 3002 3000
f 3061 3124 3120
f 3120 3003 3061
f 2937 3061 3003
f 3193 3195 3002
f 2938 3005 3197
f 2938 3197 3006
f 3062 3006 3197
f 3062 3197 3122
f 3125 3065 2870
f 3007 3125 2870
f 3126 3123 3010
f 2871 3009 3203
f 3009 3065 3203
f 2803 3011 3127
f 3066 3129 3011
f 3066 3064 3129
f 3067 3064 3012
f 3012 3068 3067
f 2940 3266 3068
f 3013 3205 3066
f 3066 3205 3064
f 3064 3267 3012
f 2940 2944 3131
f 2940 3131 3266
f 2944 3016 3131
f 2943 3270 2874
f 3069 3015 2942
f 3071 2942 3015
f 2942 3071 3016
f 2665 2948 2877
f 3074 2947 2811
f 2947 3074 3072
f 3133 3072 3074
f 3274 3019 3075
f 3078 3213 2952
f 3020 3078 2952
f 3078 3020 3272
f 2951 3019 3275
f 2952 3213 3079
f 3080 3273 3081
f 3080 3081 3082
f 3140 2816 2731
f 2731 2732 3140
f 2883 3023 3279
f 3214 3279 3023
f 2883 3279 3021
f 2818 2816 3141
f 3081 3021 3142
f 3081 3142 3082
f 2882 2818 3141
f 3139 3144 2956
f 3023 3145 3214
f 3022 2955 2957
f 3083 2886 3084
f 2882 3141 3085
f 2956 3144 3280
f 3084 2888 3146
f 3084 3146 3086
f 2957 2961 3148
f 2822 3280 3024
f 3024 3219 2887
f 2961 3025 3148
f 3087 2963 2887
f 3025 3149 3152
f 3346 3088 3026
f 3027 2967 3154
f 3089 3027 3154
f 3153 2971 2970
f 3153 2970 3090
f 3026 3029 3028
f 3026 3088 3029
f 2970 3030 3090
f 2968 3032 3155
f 2907 3033 3089
f 2979 2975 2902
f 2973 3158 3161
f 3097 2905 3034
f 3094 3227 2980
f 2978 3031 3095
f 2978 3095 3032
f 2980 3227 3096
f 3035 3296 2979
f 2980 3096 3036
f 2760 3230 3035
f 2760 2840 3230
f 3098 3161 3166
f 3164 3163 3039
f 3162 3299 2694
f 3166 3231 3098
f 3040 2984 3042
f 3098 3231 3037
f 3419 3041 3299
f 2913 3043 3042
f 3044 2915 3041
f 3044 3041 3167
f 3042 3043 3100
f 3169 3168 3047
f 3048 3170 3101
f 3047 2987 3169
f 3167 3232 3048
f 3170 3048 3232
f 3171 3049 3101
f 3103 3050 3049
f 2985 3099 3104
f 3175 3050 3103
f 3104 3099 2988
f 2923 3105 2920
f 3106 3051 2708
f 3107 2928 3053
f 2858 3244 3108
f 3108 3180 2858
f 3053 3178 3107
f 3180 3181 2992
f 2992 3181 2994
f 3247 3110 3115
f 3111 3113 3112
f 3109 3114 3246
f 3246 3187 3250
f 2994 3251 3054
f 3111 3117 3113
f 3117 3059 3185
f 3114 3116 3246
f 3246 3116 3187
f 3445 3059 3117
f 3189 3055 3001
f 3059 3445 3447
f 3121 2999 3056
f 3056 3058 3118
f 3057 3118 3058
f 3120 3119 3189
f 3189 3001 3120
f 3118 3057 3191
f 3119 3120 3124
f 2935 3120 3001
f 3000 3059 3193
f 3123 3061 2937
f 3195 3200 3063
f 3122 3197 3255
f 3004 3194 3199
f 3010 3123 2937
f 3195 3451 3200
f 3199 3008 3004
f 3007 3008 3125
f 3010 3127 3126
f 3011 3128 3127
f 3128 3011 3129
f 3064 3067 3129
f 3130 3067 3068
f 3065 3263 3203
f 2871 3203 3014
f 3267 3064 3205
f 3131 3016 3070
f 3270 2943 3211
f 3016 3071 3070
f 2943 3072 3133
f 2943 3133 3211
f 3071 3015 3459
f 2877 3077 2945
f 2948 3077 2877
f 3074 2811 2949
f 3073 2812 3273
f 3212 3136 3018
f 3212 3018 3134
f 3073 3212 3134
f 2813 3138 3077
f 3272 3135 3078
f 3018 3136 3075
f 2949 2951 3275
f 3273 3080 3277
f 3143 3080 3082
f 3285 3141 2816
f 3140 3285 2816
f 3022 2957 3215
f 3214 3145 3282
f 3146 2962 3147
f 3147 2962 3085
f 3219 3336 2887
f 3149 3087 3341
f 3148 3025 3344
f 3025 3152 3344
f 2971 3153 3292
f 2967 3155 3154
f 3154 3091 3089
f 3090 3030 3156
f 2973 2972 3091
f 3030 2975 3156
f 3088 3352 3029
f 3033 2969 3089
f 2973 3091 3222
f 3158 2973 3222
f 3352 3157 3029
f 2975 2979 3160
f 3032 3095 3155
f 2905 3159 2976
f 3159 3225 3092
f 3157 3352 3031
f 3094 3093 3092
f 3092 3225 3094
f 3161 3158 3295
f 3296 3160 2979
f 3164 3040 3165
f 3165 3040 3234
f 3166 3363 3231
f 3042 3234 3040
f 3234 3042 3099
f 3233 3047 3168
f 3045 3233 3046
f 3042 3100 3099
f 3046 3428 3102
f 3099 3100 2988
f 3102 3428 2985
f 3235 2985 3428
f 3172 2987 3051
f 3099 2985 3235
f 3049 3171 3103
f 3103 3173 3175
f 3103 3171 3173
f 3173 3237 3175
f 3242 3175 3237
f 3242 3237 3238
f 3242 3241 3175
f 3176 3051 3106
f 3174 3239 3052
f 3107 3176 3106
f 3108 3179 3180
f 3180 3179 3308
f 3180 3308 3181
f 3182 3109 3246
f 3247 3378 3110
f 3112 3113 3248
f 3184 3247 3115
f 3248 3111 3112
f 3183 3114 3109
f 2994 3181 3251
f 3183 3186 3116
f 3183 3116 3114
f 3184 3115 3055
f 3184 3055 3189
f 3184 3189 3119
f 3184 3119 3316
f 3111 3248 3445
f 3185 2999 3121
f 3116 3186 3191
f 3116 3191 3190
f 3116 3190 3187
f 3252 3187 3190
f 3188 3381 3192
f 3056 3118 3121
f 3254 3119 3124
f 3193 3059 3447
f 3317 3060 2936
f 3060 3317 3194
f 3122 3196 2936
f 3122 3198 3196
f 3451 3195 3449
f 3063 3200 3005
f 3005 3259 3197
f 3255 3197 3259
f 3198 3122 3255
f 3388 3254 3124
f 3124 3061 3388
f 3201 3388 3061
f 3061 3123 3201
f 3008 3199 3260
f 3262 3256 3068
f 3126 3202 3123
f 3008 3260 3204
f 3068 3321 3262
f 3205 3013 3324
f 3207 3208 3209
f 3013 2874 3324
f 3209 3208 3210
f 3015 3012 3267
f 3131 3070 3325
f 3209 3210 3268
f 3269 3132 2945
f 3536 3132 3269
f 3017 3132 3536
f 3459 3015 3323
f 2945 3077 3607
f 3328 3071 3459
f 3206 3326 3137
f 3133 3074 3211
f 3273 3212 3073
f 3137 3138 3076
f 2813 3076 3138
f 3395 3019 3274
f 3395 3275 3019
f 3079 3278 3139
f 3080 3143 3277
f 3022 3140 2732
f 3139 3278 3144
f 3021 3279 3334
f 3021 3334 3142
f 3142 3334 3281
f 3216 3285 3140
f 3142 3281 3082
f 3082 3281 3143
f 3083 3339 3145
f 3083 3084 3339
f 3146 3147 3217
f 3147 3085 3338
f 3085 3141 3338
f 3280 3218 3024
f 3024 3218 3219
f 3086 3146 3217
f 3148 3342 2957
f 3087 2887 3336
f 3220 3151 3150
f 3343 3220 3286
f 3148 3344 3342
f 3220 3343 3151
f 3149 3341 3152
f 3290 3152 3341
f 3151 3289 3150
f 3151 3221 3289
f 3291 3152 3290
f 3152 3291 3344
f 3349 3088 3346
f 3154 3155 3224
f 3154 3224 3222
f 3154 3222 3091
f 3090 3156 3223
f 3160 3156 2975
f 3156 3160 3294
f 3155 3226 3224
f 3155 3095 3226
f 3225 3354 3094
f 3094 3354 3227
f 3295 3363 3161
f 3031 3226 3095
f 3230 3355 3035
f 3031 3297 3226
f 3161 3363 3166
f 3097 3415 3356
f 3162 3096 3299
f 3039 3163 3301
f 3097 3037 3415
f 3357 3419 3299
f 3165 3234 3364
f 3505 3046 3233
f 3428 3046 3505
f 3368 3101 3170
f 3101 3368 3171
f 3172 3169 2987
f 3099 3235 3236
f 3175 3174 3050
f 3237 3307 3238
f 3174 3175 3239
f 3240 3239 3175
f 3241 3240 3175
f 3051 3176 3172
f 3176 3107 3243
f 3177 3239 3240
f 3244 3177 3240
f 3107 3178 3376
f 3245 3109 3182
f 3245 3183 3109
f 3308 3439 3181
f 3312 3113 3117
f 3312 3117 3249
f 3312 3249 3313
f 3313 3249 3186
f 3313 3186 3183
f 3181 3443 3251
f 3117 3185 3249
f 3185 3121 3249
f 3381 3188 3253
f 3190 3057 3252
f 3252 3057 3192
f 3248 3521 3445
f 3249 3121 3118
f 3249 3118 3186
f 3186 3118 3191
f 3190 3191 3057
f 3254 3316 3119
f 3600 3194 3317
f 3193 3449 3195
f 3196 3383 2936
f 2936 3383 3317
f 3005 3200 3259
f 3194 3600 3384
f 3194 3384 3199
f 3259 3200 3258
f 3257 3260 3199
f 3199 3384 3257
f 3202 3388 3201
f 3201 3123 3202
f 3129 3386 3128
f 8958 3386 3129
f 3200 3451 3318
f 3200 3318 3258
f 3065 3125 3263
f 3204 3125 3008
f 3202 3126 3261
f 3127 3261 3126
f 3203 3263 3264
f 3125 3265 3263
f 3203 3264 3014
f 3265 3125 3204
f 3260 3390 3204
f 3068 3266 3321
f 3014 3264 3207
f 3264 3265 3207
f 3265 3208 3207
f 3265 3204 3208
f 3204 3390 3208
f 3205 3324 3392
f 3014 3207 3209
f 3014 3209 3206
f 3210 3208 3390
f 3267 3205 3392
f 3326 3206 3268
f 3206 3209 3268
f 3267 3323 3015
f 2874 3270 3324
f 3536 3456 3017
f 3211 3271 3270
f 3668 3017 3456
f 3211 3074 3271
f 3272 3017 3668
f 3327 3077 3138
f 3074 2949 3271
f 3331 3271 2949
f 3075 3136 3274
f 3212 3273 3332
f 2949 3275 3331
f 3276 3274 3136
f 3136 3212 3276
f 3079 3213 3278
f 3022 3215 3140
f 3278 3333 3144
f 3279 3214 3334
f 3144 3333 3280
f 3140 3215 3337
f 3338 3141 3335
f 3339 3283 3145
f 3217 3147 3338
f 3216 3140 3286
f 3140 3337 3284
f 3140 3284 3286
f 2957 3342 3550
f 3084 3086 3339
f 3216 3286 3220
f 3216 3220 3285
f 3220 3287 3285
f 3401 3403 3341
f 3341 3087 3401
f 3087 3336 3401
f 3220 3150 3287
f 3150 3288 3287
f 3286 3340 3343
f 3345 3151 3343
f 3288 3150 3405
f 3150 3289 3405
f 3221 3151 3345
f 3347 3349 3346
f 3158 3222 3224
f 3224 3298 3158
f 3298 3224 3226
f 3293 3351 3228
f 3228 3353 3293
f 3296 3294 3160
f 3298 3295 3158
f 3358 3228 3351
f 3353 3228 3229
f 3227 3354 3414
f 2905 3097 3356
f 3227 3414 3096
f 3226 3297 3359
f 3226 3359 3298
f 3298 3498 3295
f 3300 3229 3228
f 3298 3359 3498
f 3360 3228 3358
f 2840 3039 3417
f 3039 3301 3417
f 3164 3165 3163
f 3228 3302 3300
f 3037 3421 3415
f 3303 3416 3304
f 3300 3231 3363
f 3231 3302 3037
f 3364 3234 3423
f 3371 3303 3304
f 3506 3232 3167
f 3167 3041 3506
f 3305 3367 3303
f 3303 3371 3305
f 3304 3365 3371
f 3365 3306 3371
f 3583 3505 3233
f 3233 3168 3581
f 3168 3427 3581
f 3234 3099 3235
f 3236 3235 3099
f 3428 3642 3235
f 3232 3430 3170
f 3170 3430 3368
f 3169 3172 3373
f 3237 3432 3307
f 3368 3433 3171
f 3171 3433 3374
f 3171 3374 3173
f 3173 3374 3237
f 3238 3307 3375
f 3238 3375 3242
f 3176 3243 3172
f 3241 3244 3240
f 3241 3242 3108
f 3241 3108 3244
f 3436 3376 3178
f 3436 3178 3378
f 3436 3378 3654
f 3108 3242 3179
f 3308 3309 3439
f 3378 3247 3516
f 3248 3311 3310
f 3311 3248 3312
f 3312 3248 3113
f 3653 3312 3313
f 3245 3313 3183
f 3182 3246 3441
f 3516 3184 3316
f 3184 3516 3247
f 3246 3250 3314
f 3181 3439 3443
f 3379 3248 3310
f 3252 3192 3315
f 3381 3315 3192
f 3316 3254 3385
f 3447 3382 3193
f 3193 3382 3449
f 3254 3388 3385
f 3259 3387 3255
f 3202 3261 3388
f 3257 3319 3260
f 3262 3321 3389
f 3260 3319 3320
f 3263 3265 3264
f 3390 3260 3320
f 3321 3266 3457
f 3322 3268 3210
f 3210 3390 3322
f 3323 3267 3392
f 3325 3393 3131
f 3269 2945 3607
f 3270 3271 3324
f 3070 3071 3540
f 3070 3540 3325
f 3325 3540 3393
f 3459 3461 3328
f 3607 3077 3327
f 3138 3330 3327
f 3135 3272 3329
f 3540 3071 3328
f 3394 3138 3137
f 3138 3394 3330
f 3332 3273 3463
f 3277 3463 3273
f 3397 3078 3135
f 3395 3331 3275
f 3274 3276 3466
f 3332 3276 3212
f 3213 3078 3278
f 3333 3278 3078
f 3143 3475 3277
f 3399 3214 3282
f 3214 3399 3334
f 3334 3399 3281
f 3333 3218 3280
f 3281 3399 3545
f 3215 2957 3337
f 3398 3219 3218
f 3398 3336 3219
f 3282 3145 3402
f 3145 3283 3402
f 3141 3285 3335
f 3086 3217 3339
f 3284 3340 3286
f 3405 3289 3478
f 3344 3291 3482
f 3291 3290 3554
f 3291 3554 3482
f 3346 3292 3348
f 3348 3292 3153
f 3153 3090 3223
f 3156 3350 3223
f 3294 3350 3156
f 3088 3412 3352
f 3351 3293 3486
f 3159 3490 3225
f 3352 3297 3031
f 3225 3490 3354
f 3035 3488 3296
f 3488 3035 3355
f 3295 3418 3363
f 3096 3492 3357
f 3096 3357 3299
f 3295 3498 3418
f 3300 3302 3231
f 3302 3228 3360
f 3163 3165 3301
f 3357 3499 3419
f 3362 3303 3366
f 3362 3416 3303
f 3363 3361 3300
f 3416 3420 3304
f 3426 3419 3499
f 3366 3303 3367
f 3365 3304 3420
f 3421 3037 3302
f 3366 3367 3577
f 3041 3419 3506
f 3419 3426 3506
f 3504 3365 3425
f 3234 3235 3423
f 3306 3365 3504
f 3368 3367 3305
f 3369 3368 3305
f 3305 3371 3369
f 3370 3371 3306
f 3306 3431 3370
f 3374 3369 3371
f 3372 3168 3169
f 3168 3372 3427
f 3642 3584 3235
f 3232 3507 3509
f 3232 3509 3430
f 3169 3373 3372
f 3374 3432 3237
f 3432 3434 3307
f 3373 3435 3372
f 3375 3513 3308
f 3242 3375 3308
f 3242 3308 3179
f 3308 3513 3309
f 3513 3437 3309
f 3377 3313 3245
f 3377 3245 3438
f 3309 3437 3439
f 3311 3312 3653
f 3653 3313 3377
f 3245 3182 3441
f 3440 3516 3316
f 3441 3246 3314
f 3441 3314 3442
f 3314 3250 3380
f 3250 3187 3380
f 3187 3252 3315
f 3187 3315 3380
f 3444 3248 3379
f 3251 3443 3253
f 3381 3253 3443
f 3248 3444 3521
f 3317 3383 3600
f 3600 3526 3384
f 3387 3452 3255
f 3386 8958 3454
f 3259 3258 3387
f 3384 3319 3257
f 3389 8958 3256
f 3256 3262 3389
f 8958 3389 3535
f 3390 3320 3532
f 3389 3321 3457
f 3532 3322 3390
f 3532 3533 3322
f 3268 3391 3455
f 3266 3131 3457
f 3326 3268 3455
f 3323 3392 3459
f 3269 3605 3536
f 3392 3458 3459
f 3324 3271 3460
f 3326 3394 3137
f 3272 3668 3329
f 3135 3329 3397
f 3271 3331 3611
f 3466 3395 3274
f 3396 3463 3277
f 3332 3463 3464
f 3276 3332 3466
f 3464 3466 3332
f 3333 3078 3397
f 3396 3277 3475
f 3333 3397 3218
f 3398 3218 3397
f 3281 3475 3143
f 3398 3469 3336
f 3402 3399 3282
f 3469 3401 3336
f 3337 2957 3284
f 3283 3548 3402
f 3217 3338 3615
f 3400 3403 3401
f 3283 3339 3548
f 3339 3404 3548
f 3339 3217 3404
f 3335 3285 3477
f 3285 3287 3477
f 3551 3341 3403
f 3340 3284 3550
f 3342 3407 3550
f 3289 3406 3478
f 3288 3405 3481
f 3221 3345 3289
f 3342 3344 3407
f 3344 3482 3408
f 3343 3553 3345
f 3557 3345 3553
f 3348 3409 3346
f 3409 3347 3346
f 3409 3410 3347
f 3347 3410 3349
f 3410 3411 3349
f 3348 3153 3485
f 3153 3223 3485
f 3412 3088 3349
f 3486 3413 3487
f 3486 3487 3351
f 3701 3351 3487
f 3297 3352 3412
f 3488 3294 3296
f 3159 2905 3566
f 3159 3566 3490
f 3490 3491 3354
f 3351 3567 3358
f 3354 3491 3414
f 3358 3567 3704
f 3096 3414 3492
f 3230 3495 3355
f 3356 3415 3638
f 3230 2840 3417
f 3416 3362 3500
f 3417 3301 3502
f 3301 3165 3503
f 3165 3364 3503
f 3420 3422 3365
f 3365 3422 3425
f 3232 3506 3507
f 3426 3367 3430
f 3508 3306 3504
f 3431 3306 3508
f 3423 3235 3429
f 3368 3430 3367
f 3368 3369 3433
f 3432 3374 3371
f 3371 3370 3432
f 3511 3432 3370
f 3370 3431 3511
f 3235 3584 3644
f 3369 3374 3433
f 3432 3511 3434
f 3172 3435 3373
f 3307 3434 3512
f 3435 3172 3243
f 3307 3512 3375
f 3375 3512 3513
f 3107 3376 3243
f 3436 3243 3376
f 3654 3378 3517
f 3311 3592 3310
f 3314 3380 3442
f 3443 3520 3381
f 3316 3385 3657
f 3445 3521 3446
f 3445 3446 3447
f 3382 3447 3449
f 3523 3449 3447
f 3449 3523 3451
f 3255 3452 3198
f 3198 3452 3196
f 3387 3528 3452
f 3261 3453 3388
f 3454 3527 3386
f 3258 3531 3387
f 3319 3384 3791
f 3454 3530 3527
f 3529 3320 3319
f 3791 3529 3319
f 3535 3454 8958
f 3318 3731 3531
f 3318 3531 3258
f 3530 3454 3534
f 3535 3534 3454
f 3268 3322 3391
f 3322 3533 3391
f 3131 3393 3457
f 3668 3456 3794
f 3324 3460 3537
f 3324 3537 3392
f 3326 3455 3394
f 3393 3540 3538
f 3462 3330 3394
f 3330 3462 3327
f 3461 3539 3328
f 3677 3328 3539
f 3541 3397 3329
f 3331 3395 3611
f 3396 3464 3463
f 3397 3541 3468
f 3467 3466 3464
f 3396 3467 3464
f 3398 3397 3468
f 3468 3469 3398
f 3678 3396 3475
f 3470 3471 3472
f 3400 3472 3471
f 3401 3472 3400
f 3472 3401 3473
f 3473 3401 3469
f 3402 3474 3399
f 3399 3474 3545
f 3335 3476 3338
f 3550 3284 2957
f 3615 3617 3217
f 3476 3615 3338
f 3400 3471 3809
f 3404 3217 3616
f 3335 3477 3476
f 3400 3809 3403
f 3403 3809 3551
f 3477 3287 3617
f 3287 3480 3617
f 3288 3480 3287
f 3478 3481 3405
f 3341 3551 3290
f 3407 3340 3550
f 3874 3290 3551
f 3288 3481 3480
f 3340 3407 3343
f 3553 3343 3407
f 3407 3344 3408
f 3409 3484 3624
f 3409 3624 3483
f 3484 3409 3348
f 3483 3410 3409
f 3411 3412 3349
f 3413 3486 3560
f 3293 3353 3486
f 3412 3559 3297
f 3636 3489 3353
f 3630 3488 3355
f 3353 3229 3636
f 2905 3356 3566
f 3491 3492 3414
f 3359 3297 3493
f 3300 3636 3229
f 3355 3495 3494
f 3497 3636 3300
f 3704 3360 3358
f 3300 3361 3497
f 3499 3357 3492
f 3360 3704 3501
f 3362 3366 3496
f 3359 3635 3498
f 3497 3361 3363
f 3362 3637 3500
f 3230 3417 3495
f 3500 3420 3416
f 3575 3420 3500
f 3301 3503 3502
f 3420 3575 3422
f 3302 3360 3424
f 3302 3424 3421
f 3360 3501 3424
f 3574 3415 3421
f 3424 3501 3421
f 3426 3577 3367
f 3425 3422 3578
f 3425 3578 3772
f 3425 3772 3504
f 3233 3581 3583
f 3430 3506 3426
f 3505 3642 3428
f 3430 3507 3506
f 3508 3510 3431
f 3431 3510 3511
f 3427 3372 3646
f 3647 3646 3372
f 3509 3507 3430
f 3435 3647 3372
f 3235 3644 3429
f 3511 3586 3434
f 3434 3586 3512
f 3513 3651 3437
f 3589 3514 3587
f 3377 3438 3590
f 3589 3652 3514
f 3514 3652 3515
f 3591 3437 3651
f 3516 3440 3378
f 3517 3378 3440
f 3245 3441 3519
f 3245 3519 3438
f 3652 3518 3515
f 3440 3316 3657
f 3379 3310 3592
f 3379 3592 3444
f 3518 3594 3515
f 3439 3437 3591
f 3441 3442 3519
f 3439 3591 3443
f 3442 3380 3594
f 3380 3315 3594
f 3443 3591 3520
f 3657 3385 3726
f 3659 3521 3444
f 3597 3521 3659
f 3450 3726 3385
f 3447 3446 3522
f 3523 3447 3522
f 3522 3446 3523
f 3383 3787 3600
f 3524 3451 3523
f 3196 3525 3383
f 3452 3525 3196
f 3453 3385 3388
f 3601 3453 3261
f 3448 3386 3527
f 3451 3524 3664
f 3526 3791 3384
f 3451 3664 3318
f 3387 3603 3528
f 3387 3531 3603
f 3530 3534 3736
f 3529 3532 3320
f 3389 3604 3535
f 3455 3391 3606
f 3391 3735 3606
f 3391 3533 3735
f 3794 3456 3536
f 3669 3458 3392
f 3458 3669 3459
f 3459 3669 3461
f 3455 3606 3394
f 3327 3608 3607
f 3673 3329 3668
f 3461 3671 3539
f 3271 3611 3801
f 3328 3677 3540
f 3329 3673 3541
f 3395 3466 3542
f 3673 3468 3541
f 3466 3467 3543
f 3467 3396 3543
f 3544 3610 3613
f 3473 3468 3609
f 3543 3465 3466
f 3473 3609 3544
f 3613 3470 3544
f 3472 3544 3470
f 3544 3472 3473
f 3469 3468 3473
f 3681 3678 3475
f 3470 3807 3471
f 3545 3547 3281
f 3545 3546 3547
f 3475 3281 3547
f 3471 3807 3809
f 3617 3549 3217
f 3404 3616 3548
f 3618 3478 3479
f 3478 3618 3481
f 3406 3552 3478
f 3480 3481 3686
f 3622 3290 3874
f 3289 3345 3406
f 3406 3345 3621
f 3290 3622 3554
f 3345 3557 3621
f 3482 3556 3408
f 3623 3554 3555
f 3482 3623 3556
f 3482 3554 3623
f 3759 3483 3624
f 3348 3558 3484
f 3483 3626 3410
f 3483 3759 3626
f 3410 3626 3411
f 3348 3485 3558
f 3485 3223 3627
f 3629 3627 3223
f 3223 3350 3629
f 3411 3692 3559
f 3411 3559 3412
f 3413 3561 3487
f 3294 3562 3350
f 3353 3563 3486
f 3564 3487 3561
f 3488 3562 3294
f 3353 3489 3563
f 3488 3630 3562
f 3561 3697 3564
f 3487 3886 3701
f 3699 3563 3489
f 3351 3701 3567
f 3566 3565 3490
f 3489 3636 3699
f 3355 3695 3630
f 3355 3494 3695
f 3297 3570 3493
f 3492 3491 3706
f 3494 3495 3568
f 3572 3496 3571
f 3493 3570 3635
f 3572 3362 3496
f 3572 3637 3362
f 3495 3710 3568
f 3493 3635 3359
f 3708 3499 3492
f 3708 3496 3366
f 3417 3710 3495
f 3573 3498 3635
f 3573 3497 3363
f 3575 3500 3637
f 3502 3710 3417
f 3498 3573 3418
f 3363 3418 3573
f 3503 3364 3576
f 3426 3499 3577
f 3422 3575 3578
f 3501 3713 3421
f 3421 3579 3574
f 3772 3580 3504
f 3581 3640 3583
f 3423 3429 3834
f 3583 3714 3505
f 3505 3714 3642
f 3581 3427 3582
f 3504 3585 3508
f 3580 3645 3504
f 3508 3585 3510
f 3648 3512 3586
f 3512 3648 3513
f 3436 3840 3243
f 3436 3654 3649
f 3436 3649 3840
f 3587 3514 3588
f 3513 3648 3651
f 3515 3593 3588
f 3654 3517 3440
f 3438 3519 3590
f 3652 3656 3518
f 3519 3660 3590
f 3518 3656 3594
f 3515 3594 3595
f 3515 3595 3593
f 3593 3595 3520
f 3596 3660 3519
f 3656 3442 3594
f 3781 3442 3656
f 3594 3315 3595
f 3381 3595 3315
f 3595 3381 3520
f 3519 3442 3596
f 3781 3596 3442
f 3596 3781 3724
f 3596 3724 3780
f 3521 3597 3784
f 3521 3661 3446
f 3599 3727 3598
f 3728 3446 3661
f 3453 3662 3726
f 3598 3448 3599
f 3446 3728 3523
f 3726 3450 3453
f 3523 3728 3524
f 3601 3598 3453
f 3524 3730 3664
f 3524 3728 3730
f 3730 3728 3663
f 3525 3787 3383
f 3450 3385 3453
f 3530 3736 3602
f 3665 3528 3603
f 3529 3734 3532
f 3731 3854 3531
f 3532 3734 3533
f 3533 3793 3735
f 3534 3535 3738
f 3535 3604 3738
f 3794 3536 3605
f 3392 3537 3669
f 3607 3608 3269
f 3671 3461 3669
f 3799 3394 3606
f 3796 3462 3394
f 3462 3796 3327
f 3608 3327 3796
f 3670 3673 3668
f 3674 3744 3538
f 3460 3271 3537
f 3540 3674 3538
f 3540 3677 3674
f 3544 3742 3610
f 3610 3742 3675
f 3609 3742 3544
f 3468 3672 3609
f 3673 3672 3468
f 3395 3542 3611
f 3465 3542 3466
f 3543 3396 3612
f 3678 3612 3396
f 3542 3465 3680
f 3679 3613 3610
f 3678 3681 3865
f 3470 3613 3679
f 3470 3679 3807
f 3545 3474 3546
f 3475 3683 3681
f 3402 3614 3474
f 3474 3614 3682
f 3474 3682 3546
f 3546 3682 3547
f 3547 3683 3475
f 3402 3548 3614
f 3615 3476 3617
f 3476 3477 3617
f 3479 3814 3684
f 3548 3616 3614
f 3217 3549 3616
f 3479 3478 3552
f 3479 3552 3619
f 3480 3686 3620
f 3552 3406 3621
f 3555 3554 3622
f 3556 3623 3688
f 3557 3556 3755
f 3624 3625 3759
f 3692 3411 3626
f 3485 3627 3558
f 3692 3628 3559
f 3628 3692 3696
f 3486 3694 3760
f 3760 3560 3486
f 3760 3762 3560
f 3560 3823 3413
f 3562 3629 3350
f 3694 3486 3563
f 3630 3627 3629
f 3629 3562 3630
f 3413 3631 3561
f 3564 3886 3487
f 3559 3628 3297
f 3628 3699 3297
f 3565 3702 3490
f 3297 3699 3570
f 3699 3636 3633
f 3491 3490 3702
f 3695 3494 3632
f 3632 3494 3568
f 3568 3569 3703
f 3566 3356 3705
f 3634 3572 3571
f 3634 3707 3572
f 3637 3572 3707
f 3568 3710 3569
f 3636 3497 3573
f 3415 3574 3638
f 3577 3499 3708
f 3708 3366 3577
f 3423 3576 3364
f 3713 3501 3712
f 3713 3579 3421
f 3581 3582 3639
f 3580 3899 3641
f 3583 3640 3714
f 3582 3427 3646
f 3641 3716 3580
f 3834 3429 3643
f 3716 3645 3580
f 3504 3645 3585
f 3511 3510 3586
f 3435 3243 3647
f 3243 3840 4025
f 3650 3587 3588
f 3650 3588 3719
f 3589 3587 3650
f 3652 3589 3650
f 3588 3514 3515
f 3592 3311 3721
f 3377 3590 3655
f 3591 3651 3593
f 3721 3658 3592
f 3656 3652 3907
f 3591 3593 3520
f 3658 3444 3592
f 3658 3659 3444
f 3660 3596 3780
f 3659 3725 3970
f 3521 3784 3661
f 3662 3598 3727
f 3659 3970 3597
f 3662 3453 3598
f 8959 3599 3448
f 3664 3730 3731
f 3525 3452 3732
f 3600 3791 3526
f 3528 3732 3452
f 3528 3665 3732
f 3318 3664 3731
f 3531 3790 3603
f 3533 3734 3793
f 3389 3457 3666
f 3389 3666 3604
f 3269 3608 3605
f 3457 3393 3740
f 3741 3393 3538
f 3538 3744 3741
f 3743 3669 3537
f 3669 3743 3671
f 3797 3742 3609
f 3609 3672 3797
f 3672 3673 3670
f 3676 3539 3671
f 3611 3542 3746
f 3865 3745 3678
f 3681 3749 3865
f 3682 3812 3547
f 3547 3812 3683
f 3681 3683 3749
f 3814 3479 3816
f 3617 3480 3750
f 3813 3618 3479
f 3813 3479 3684
f 3616 3685 3614
f 3616 3549 3685
f 3618 3813 3993
f 3618 3993 3481
f 3479 3619 3816
f 3551 3809 3873
f 3551 3873 3874
f 3481 3993 3686
f 3620 3686 3877
f 3552 3621 3687
f 3552 3687 3619
f 3407 3408 3553
f 3553 3408 3557
f 3557 3408 3556
f 3557 3755 3621
f 3556 3688 3755
f 3484 3757 3624
f 3624 3757 3625
f 3757 3689 3625
f 3761 3625 3689
f 3689 3764 3761
f 3690 3692 3626
f 3880 3691 3689
f 3764 3689 3691
f 3692 3690 3693
f 3692 3693 3696
f 3823 3560 3762
f 3823 3631 3413
f 3695 3627 3630
f 3563 3699 3696
f 3697 3561 3884
f 3628 3696 3699
f 3697 3698 3700
f 3697 3700 3564
f 3701 3948 3567
f 3702 3565 3766
f 3632 3568 3703
f 3570 3699 3633
f 3702 3766 3491
f 3567 3948 3704
f 3356 3638 3705
f 3633 3636 3635
f 3706 3634 3496
f 3706 3767 3634
f 3634 3571 3496
f 3634 3767 3707
f 3570 3633 3635
f 3492 3706 3708
f 3496 3708 3706
f 3573 3635 3636
f 3707 3709 3637
f 3637 3709 3575
f 3711 3710 3502
f 3502 3503 3711
f 3712 3769 3828
f 3575 3898 3578
f 3576 3711 3503
f 3834 3576 3423
f 3712 3771 3713
f 3580 3772 3899
f 3772 3578 3833
f 3581 3639 3640
f 3714 3958 3642
f 3584 3642 3717
f 3644 3584 3429
f 3585 3645 3718
f 3716 3838 3645
f 3585 3718 3586
f 3585 3586 3510
f 3586 3718 3648
f 3647 3243 4025
f 3719 3588 3720
f 3720 3588 3651
f 3720 3651 3648
f 3588 3593 3651
f 3440 3657 3775
f 3654 3440 3649
f 3655 3722 3377
f 3658 3721 3778
f 3655 3590 3660
f 4098 3659 3658
f 3778 4098 3658
f 3655 3660 3722
f 3722 3660 3780
f 3727 3726 3662
f 3785 3597 3970
f 3599 3910 3727
f 3970 3846 3785
f 3784 3912 3661
f 3661 3847 3728
f 3728 3729 3663
f 3786 3663 3729
f 3527 3788 8959
f 3663 3789 3730
f 3525 3732 3733
f 3600 3853 3791
f 3975 3731 3730
f 3665 3792 3732
f 3791 3855 3529
f 3734 3529 3855
f 3854 3790 3531
f 3736 3534 3978
f 3534 3738 3978
f 3457 3737 3666
f 3605 3980 3794
f 3604 3666 3737
f 3604 3737 3798
f 3668 3794 3670
f 3738 3604 3739
f 3604 3798 3739
f 3393 3741 3740
f 3394 3799 3796
f 3742 3797 3859
f 3797 3672 3670
f 3671 3743 3676
f 3674 3863 3744
f 3677 3863 3674
f 3803 3801 3611
f 3611 3746 3803
f 3610 3866 3679
f 3542 3680 3746
f 3678 3745 3612
f 3806 3746 3680
f 3806 3465 3543
f 3543 3747 3806
f 3748 3747 3543
f 3543 3612 3748
f 3680 3465 3806
f 3865 3749 3805
f 3808 3749 3683
f 3682 3614 3810
f 3817 3685 3549
f 3549 3617 3817
f 3750 3817 3617
f 3750 3480 3751
f 3480 3620 3877
f 3480 3877 3751
f 3993 3877 3686
f 3622 3874 3752
f 3622 3879 3555
f 3754 3878 3755
f 3555 3879 3623
f 3687 3621 3755
f 3687 3755 3878
f 3754 3755 3688
f 3754 3688 3756
f 3756 3688 3623
f 3484 3558 3757
f 3757 3758 3689
f 3689 3758 3880
f 3625 3761 3759
f 3558 3627 3821
f 3759 3819 3626
f 3626 3819 3820
f 3626 3820 3690
f 3690 3820 3760
f 3693 3690 3694
f 3690 3760 3694
f 3764 3765 3761
f 3691 3763 3764
f 3693 3694 3696
f 3764 3763 3765
f 3563 3696 3694
f 3561 3631 3884
f 3698 3697 3884
f 3886 3564 3700
f 3632 3703 3945
f 3700 3891 4001
f 3948 3701 3886
f 3698 3891 3700
f 3566 3705 3565
f 3767 3491 3766
f 3767 3706 3491
f 3501 3768 3712
f 3895 3709 3827
f 3575 3770 3898
f 3575 3709 3770
f 3574 3579 3771
f 3771 3579 3713
f 3578 3898 3833
f 3712 3828 3771
f 3772 3833 3899
f 3640 3958 3714
f 3582 3959 3639
f 3642 3958 3715
f 3834 3643 3837
f 3582 3646 3902
f 3642 3715 3717
f 3717 3643 3429
f 3717 3429 3584
f 3716 4021 3838
f 3839 3645 3838
f 3774 3645 3839
f 3645 3774 3718
f 3647 4025 3646
f 4021 4022 3838
f 3718 3720 3648
f 3775 3776 3440
f 3440 3776 3649
f 3311 3653 3721
f 3653 3377 3722
f 3777 3721 3653
f 3722 3777 3653
f 3726 3961 3657
f 3777 3778 3721
f 3780 3779 3722
f 3777 3722 3908
f 3779 3908 3722
f 3723 3779 3780
f 3724 3723 3780
f 3781 3782 3724
f 3844 3724 3782
f 3727 3966 3726
f 3966 3727 3783
f 3597 3785 3784
f 3784 3785 3912
f 3661 3912 3847
f 3786 3850 3663
f 3729 3848 3786
f 3663 3850 3789
f 3600 3787 3853
f 3730 3789 3975
f 3731 3975 3790
f 3792 3733 3732
f 3731 3790 3854
f 3856 3793 3734
f 3857 3667 3606
f 3735 3857 3606
f 3457 3740 3737
f 3605 3608 3795
f 3799 3606 3667
f 3537 3860 3743
f 3676 3743 3860
f 3675 3742 3859
f 3801 3537 3271
f 3537 3801 3860
f 3800 3744 3863
f 3744 3800 3923
f 3610 3675 3866
f 3676 3802 3539
f 3864 3539 3802
f 3539 3864 3677
f 3863 3677 3864
f 3745 3865 3612
f 3612 3804 3748
f 3747 3748 3868
f 3748 3867 3868
f 3806 3747 3929
f 3679 3866 3869
f 3679 3869 3807
f 3749 3808 3805
f 3682 3810 3811
f 3682 3811 3812
f 3683 3812 3871
f 3683 3871 3808
f 3812 3811 3871
f 3808 3871 3872
f 3810 3614 3685
f 3810 3685 3815
f 3810 3815 3811
f 3752 3938 3622
f 3752 3874 3938
f 3938 3995 3622
f 3754 3753 3878
f 3995 3879 3622
f 3878 3876 3687
f 3753 3754 3818
f 3756 3818 3754
f 3879 3818 3756
f 3623 3879 3756
f 3757 3558 3943
f 3759 3761 3819
f 3761 3822 3819
f 3820 3881 3760
f 3695 3821 3627
f 3882 3691 3880
f 3761 3765 3822
f 3760 3883 3762
f 3763 3691 3882
f 3762 3883 3823
f 3823 3884 3631
f 3945 3695 3632
f 3945 3703 3824
f 3886 4075 3948
f 3766 3949 3767
f 3703 3569 3825
f 3767 3949 3826
f 3767 3826 3709
f 3709 3707 3767
f 3826 3827 3709
f 3569 3710 4005
f 3501 3704 3768
f 3769 3712 3768
f 3953 3638 3574
f 3709 3897 3770
f 3710 3954 3896
f 3953 3574 3771
f 3710 3711 3954
f 3828 3769 3894
f 3770 3897 3898
f 3711 3576 4263
f 3576 3834 4263
f 3829 3836 3831
f 3898 3832 3833
f 3828 3835 3771
f 3835 3828 3900
f 3901 3960 3773
f 3836 3829 3773
f 3960 3901 4206
f 3641 4020 3716
f 3902 3959 3582
f 3960 3903 3773
f 3837 3717 4210
f 3717 3837 3643
f 3903 4088 3773
f 3774 3839 3720
f 3774 3720 3718
f 3839 3719 3720
f 3840 3649 3776
f 3841 4098 3778
f 3841 3842 3963
f 3908 3779 3906
f 3779 3909 3906
f 3779 3723 3909
f 3659 4098 3725
f 3777 3908 3778
f 3656 3907 3782
f 3656 3782 3781
f 3723 3724 3843
f 3727 3910 3783
f 3724 3844 3843
f 3845 3910 3599
f 3912 3785 3846
f 3599 8959 3845
f 3788 3845 8959
f 3846 3911 3912
f 3849 3786 3848
f 3786 3849 3850
f 3852 3729 3728
f 3852 3728 3847
f 3729 3852 3848
f 3789 3850 3974
f 3733 3914 3525
f 3525 3914 3787
f 4163 3787 3914
f 3787 3915 3853
f 3853 3915 4035
f 3974 3975 3789
f 3914 3733 3976
f 3853 4035 3791
f 4035 3855 3791
f 3792 3665 3917
f 3855 4035 4036
f 3603 3917 3665
f 4038 3856 3734
f 3734 3855 4038
f 3735 3793 4039
f 3856 4039 3793
f 3857 3735 3979
f 3605 4040 3980
f 3794 3980 3983
f 3608 3918 3795
f 3608 3858 3918
f 3795 3918 4040
f 3795 4040 3605
f 3794 3983 3670
f 3738 3739 3981
f 3798 3737 3984
f 3796 3858 3608
f 3799 3667 3921
f 3799 3919 3796
f 3676 3860 4043
f 3676 4043 3861
f 3863 3862 3800
f 3676 3861 4047
f 3676 4047 3802
f 3864 3990 3863
f 3866 3675 3925
f 3865 3804 3612
f 3929 3746 3806
f 3928 3748 3804
f 3929 3747 3933
f 3747 3868 3933
f 3867 3748 3928
f 3809 3807 3869
f 3869 3925 3809
f 3925 3870 3809
f 3814 3934 3684
f 3936 3809 3870
f 3684 3934 3813
f 3993 3813 3934
f 3809 3936 3873
f 3816 3619 4063
f 3817 3815 3685
f 3938 3874 3875
f 3750 3751 3941
f 3619 3687 3876
f 3996 3878 3753
f 3757 3943 3758
f 3819 3881 3820
f 3758 3998 3880
f 3819 3822 3881
f 3760 3881 3883
f 3883 3884 3823
f 3765 3946 3822
f 4071 3698 3884
f 3765 3885 3946
f 4071 3888 3698
f 3945 3824 4130
f 3886 3700 4001
f 3886 4133 4075
f 3947 3946 3887
f 3698 3888 3890
f 3698 3890 3891
f 4075 4006 3948
f 3565 3705 3892
f 3565 3892 3766
f 3766 3892 3949
f 3824 3703 3889
f 3825 3889 3703
f 3949 3893 3826
f 3704 3948 3768
f 3953 3705 3638
f 3825 3569 4005
f 3827 3826 3893
f 3951 3893 4007
f 3893 3951 3827
f 3895 3827 3951
f 4005 3710 3896
f 3768 3894 3769
f 3953 3771 3830
f 4011 4010 3831
f 3954 3711 4016
f 3898 3897 3832
f 3828 3894 3900
f 3831 3955 3829
f 3771 3835 3830
f 3955 3773 3829
f 3833 3832 4082
f 3832 4014 4082
f 3955 3901 3773
f 3899 3833 4082
f 3835 3900 3901
f 3900 4206 3901
f 3641 3956 4020
f 4020 4021 3716
f 4024 3646 4025
f 3719 3838 4022
f 3838 3719 3839
f 3776 3775 3840
f 4025 3840 3775
f 3904 3842 3841
f 4026 3652 3650
f 3963 4098 3841
f 3841 3905 3904
f 3652 4027 3907
f 3962 3907 4027
f 3841 3778 3905
f 3908 3905 3778
f 3964 3908 3906
f 3961 3726 3966
f 3843 3909 3723
f 3909 3843 4029
f 3968 3782 3967
f 3966 3783 4152
f 3970 3725 4098
f 4097 3783 3910
f 3968 3844 3782
f 3911 4102 3912
f 3845 3788 3602
f 3846 4099 3851
f 3846 3851 3911
f 3847 3912 4227
f 3847 4227 3913
f 3847 3913 3852
f 3850 3973 3974
f 3787 4163 3915
f 3602 3736 4033
f 3792 3916 3976
f 3792 3976 3733
f 3790 3917 3603
f 3856 3977 4039
f 3857 3979 3667
f 3735 4039 3979
f 3737 3740 4041
f 3740 3741 4041
f 3858 3796 3919
f 3670 3920 3797
f 3983 3920 3670
f 3919 3799 3921
f 3739 3798 4114
f 3922 3741 3744
f 3744 3923 3922
f 3675 3859 3986
f 4045 3923 3800
f 3860 4042 4043
f 3924 3800 3862
f 3800 3924 4045
f 3801 3803 3926
f 3863 4048 3862
f 3675 3988 3925
f 3802 3990 3864
f 4048 3863 3990
f 3927 3804 3865
f 3932 3927 3865
f 3865 3805 3932
f 3746 3929 4055
f 3804 3931 3928
f 3933 3930 3929
f 3866 3925 3869
f 3868 3867 3991
f 3868 3991 3933
f 3867 3928 4056
f 3867 4056 3991
f 3805 3808 4053
f 3805 4053 3932
f 3808 3872 4053
f 3814 3816 4060
f 3925 4119 3870
f 4119 3992 3870
f 3811 3940 3935
f 3811 3935 3871
f 3871 3935 3872
f 3870 3992 3936
f 3811 3815 3940
f 3935 3940 3937
f 3936 3874 3873
f 3936 3875 3874
f 3875 3936 3938
f 3815 3817 3940
f 3750 3941 3817
f 3993 3994 3877
f 3619 3876 4063
f 3939 4253 3753
f 3939 3753 3818
f 3939 3818 4374
f 3817 3941 3940
f 3751 3877 3941
f 3877 3994 3941
f 3876 4064 4063
f 4374 3818 3879
f 3879 3942 4374
f 3942 3879 3995
f 3876 3878 3996
f 3876 3996 4064
f 3821 3943 3558
f 3882 3880 3998
f 3944 3881 3822
f 4000 3944 3822
f 4069 3883 3881
f 3821 3695 3945
f 4069 4071 3883
f 3884 3883 4071
f 3822 3946 4000
f 3763 4072 3765
f 4128 3765 4072
f 3947 4000 3946
f 3885 3765 4128
f 3889 4130 3824
f 3885 3887 3946
f 4003 3890 3888
f 3949 4007 3893
f 4003 3950 3890
f 3953 4008 3705
f 4005 3896 3952
f 3895 3897 3709
f 3955 3831 4010
f 4017 4011 3831
f 3894 4137 3900
f 3901 3830 3835
f 3901 3955 3830
f 4017 3831 3836
f 3834 3837 4208
f 3641 3899 3956
f 3900 4137 4206
f 3639 3959 3957
f 4210 3958 4139
f 3958 4210 3715
f 3715 4210 3717
f 3836 3773 4019
f 3960 4211 3903
f 3775 3657 3961
f 3652 4089 4027
f 3652 4026 4089
f 3904 3905 4095
f 3905 3908 4095
f 3908 3964 4095
f 3907 3962 3965
f 3907 3965 3782
f 3962 4027 3965
f 3782 3965 3967
f 3843 3844 3968
f 3783 4097 4152
f 3910 3969 4097
f 3910 3845 4100
f 3910 4100 3969
f 3970 4223 3846
f 3848 3852 3972
f 3848 3972 3849
f 3849 3972 3971
f 3851 4162 4034
f 4103 3975 3974
f 4164 3914 3976
f 3915 4104 4035
f 3978 4033 3736
f 4106 3792 3917
f 3792 4106 3916
f 3790 4037 3917
f 3856 4038 4231
f 4038 3855 4036
f 4231 3977 3856
f 3978 3738 3981
f 4112 3983 3980
f 3737 3982 3984
f 4040 3918 4113
f 3737 4041 3982
f 3858 3919 4170
f 3858 4170 3918
f 3739 3985 4169
f 3739 4114 3985
f 3859 3797 3986
f 3798 3984 4114
f 3675 3986 3988
f 3861 4043 3987
f 3801 3926 3860
f 3987 4047 3861
f 4047 3990 3802
f 3925 3988 4119
f 3988 3989 4119
f 4055 3803 3746
f 3804 3927 3932
f 3929 3930 4055
f 3991 3930 3933
f 4058 3814 4060
f 4053 3872 3935
f 4053 3935 3937
f 3814 4058 3934
f 3992 4059 4182
f 3994 3937 3940
f 3938 3936 3992
f 3992 4182 3938
f 4126 3938 4182
f 3938 4126 3995
f 3753 4253 3996
f 3943 3821 4189
f 3997 3758 3943
f 3758 4066 3998
f 3758 3997 4066
f 3881 3944 4070
f 3881 4070 4069
f 3882 4072 3763
f 3945 4130 3999
f 3888 4071 4131
f 3888 4131 4003
f 4001 3891 4002
f 3891 4078 4002
f 4003 4131 4004
f 3890 4078 3891
f 3889 3825 4077
f 3892 4007 3949
f 3952 4076 4005
f 4005 4192 3825
f 4077 3825 4192
f 3950 4078 3890
f 4008 3892 3705
f 3892 4008 4007
f 4003 4004 3950
f 4007 4009 3951
f 4012 3951 4009
f 4009 4008 3953
f 4009 3953 3830
f 3895 4081 3897
f 4136 3897 4081
f 4080 3894 3768
f 4011 4015 4012
f 3954 4016 4013
f 3955 4009 3830
f 4014 3897 4136
f 4011 4017 4015
f 3897 4014 3832
f 4263 4016 3711
f 3899 4082 4207
f 3639 4083 3640
f 3639 3957 4083
f 3640 4083 3958
f 3836 4019 4017
f 3899 4018 3956
f 3957 3959 4142
f 3956 4085 4020
f 3773 4088 4019
f 3959 3902 4023
f 3959 4023 4142
f 3902 3646 4023
f 3903 4211 4088
f 4023 3646 4024
f 4022 4148 3719
f 3719 4148 3650
f 3842 3904 4090
f 4027 4092 3965
f 3964 3906 4095
f 3965 4092 3967
f 4028 3967 4092
f 4153 4098 3963
f 4029 3843 4030
f 3843 3968 4030
f 4030 3968 4031
f 3967 4031 3968
f 4031 3967 4028
f 4223 3970 4098
f 4099 3846 4223
f 3845 3602 4100
f 4033 4100 3602
f 3912 4102 4227
f 4032 3849 3971
f 3849 4032 3850
f 4155 3850 4032
f 4162 3851 4099
f 3911 3851 4102
f 4034 4102 3851
f 3852 3913 3972
f 3850 4155 3973
f 4101 3973 4155
f 3974 3973 4101
f 4163 4351 3915
f 3914 4164 4163
f 3915 4351 4104
f 3975 4103 4037
f 3790 3975 4037
f 3976 3916 4164
f 3978 3981 4109
f 3979 4039 4108
f 4040 4235 3980
f 3980 4235 4112
f 3981 4169 4236
f 3981 3739 4169
f 3667 4110 3921
f 4170 4113 3918
f 3922 4041 3741
f 3919 4044 4170
f 3797 3920 4241
f 4045 3922 3923
f 4044 3919 3921
f 3921 4115 4044
f 4042 3987 4043
f 4115 3921 4111
f 3986 3797 3988
f 3987 4042 4047
f 3862 4174 3924
f 4045 3924 4174
f 4046 3988 3797
f 4047 4367 3990
f 3988 4046 3989
f 4049 3989 4046
f 4046 4179 4049
f 4049 4179 4050
f 3990 4051 4048
f 3989 4049 4119
f 4049 4050 4119
f 4121 4119 4050
f 3990 4244 4051
f 4122 4050 4052
f 3804 3932 4120
f 3804 4120 4054
f 3804 4054 3931
f 3928 3931 4054
f 3991 4056 4124
f 4119 4057 3992
f 4057 4181 3992
f 3992 4181 4059
f 3937 3994 4061
f 3937 4061 4250
f 3934 4058 4125
f 3934 4125 3993
f 3994 3940 4062
f 3994 3993 4125
f 3994 4125 4061
f 3816 4063 4060
f 3940 3941 4062
f 4062 3941 3994
f 3995 4126 3942
f 4064 3996 4253
f 3943 4189 3997
f 4066 4067 3998
f 4067 4065 3998
f 3998 4065 4068
f 3998 4068 3882
f 3821 3945 4189
f 3999 4189 3945
f 3882 4068 4072
f 4069 4070 4071
f 3944 4000 4070
f 4073 4070 4000
f 4001 4074 3886
f 4133 3886 4074
f 3947 4196 4000
f 3889 4077 4195
f 3887 4196 3947
f 4079 4004 4131
f 4076 4192 4005
f 3948 4006 3768
f 4076 3952 4259
f 3768 4006 4080
f 4008 4009 4007
f 4004 4079 3950
f 3952 3896 4259
f 4009 4011 4012
f 3951 4012 3895
f 3896 3954 4013
f 4009 4010 4011
f 4012 4015 3895
f 4009 3955 4010
f 4014 4136 4082
f 3894 4080 4262
f 3894 4262 4137
f 4017 4138 4015
f 4018 3899 4207
f 4083 4325 3958
f 4017 4019 4084
f 3956 4018 4207
f 3956 4086 4085
f 3956 4207 4086
f 4087 4085 4086
f 4211 3960 4206
f 4209 4019 4088
f 4146 4020 4085
f 4085 4087 4146
f 4021 4020 4022
f 4212 4022 4020
f 4146 4212 4020
f 4211 4143 4088
f 4024 4025 3775
f 4148 4026 3650
f 4149 4089 4026
f 4215 4027 4089
f 4092 4027 4215
f 3904 4095 4096
f 3966 4091 3961
f 4095 3906 4154
f 3906 3909 4150
f 3906 4150 4154
f 4029 4030 4093
f 4093 4030 4031
f 4031 4094 4093
f 4028 4092 4277
f 4154 4096 4095
f 4031 4028 4094
f 4028 4277 4094
f 4223 4278 4099
f 4100 4033 4158
f 4032 4156 4155
f 4102 4226 4227
f 3972 4159 3971
f 4155 4157 4101
f 4034 4228 4102
f 3913 4227 4159
f 3913 4159 3972
f 4101 4160 3974
f 4160 4103 3974
f 3916 4165 4164
f 4165 3916 4106
f 4033 3978 4234
f 4229 4107 4105
f 3978 4109 4234
f 4108 3667 3979
f 4108 4110 3667
f 4040 4113 4235
f 4110 4111 3921
f 3982 4041 4168
f 3982 4168 3984
f 4041 3922 4364
f 3922 4238 4364
f 3920 3983 4112
f 3920 4112 4241
f 4044 4116 4170
f 3797 4241 4046
f 4045 4172 3922
f 4044 4115 4116
f 3860 4295 4042
f 3860 3926 4295
f 4047 4042 4367
f 4367 4178 3990
f 4048 4176 4174
f 4048 4174 3862
f 4046 4175 4179
f 4048 4051 4117
f 4048 4117 4176
f 4050 4179 4052
f 3932 4053 4118
f 3990 4178 4244
f 4120 3932 4118
f 4055 3930 4303
f 3991 4124 4123
f 4056 3928 4124
f 4054 4124 3928
f 4057 4300 4181
f 4183 4060 4063
f 4374 4253 3939
f 3942 4126 4309
f 4186 4067 4066
f 4065 4067 4186
f 4127 4187 4066
f 3997 4127 4066
f 4189 4127 3997
f 4128 4072 4068
f 4070 4129 4071
f 4129 4070 4073
f 4129 4131 4071
f 4194 4131 4129
f 4002 4134 4001
f 4074 4001 4134
f 4132 4196 3887
f 4131 4194 4079
f 4076 4317 4257
f 4076 4259 4317
f 4079 4260 4319
f 4078 3950 4198
f 4079 4198 3950
f 3896 4261 4259
f 3896 4013 4135
f 3896 4135 4261
f 4013 4016 4435
f 3895 4015 4081
f 4015 4136 4081
f 4015 4199 4136
f 4136 4200 4082
f 4207 4082 4200
f 4017 4084 4138
f 4083 3957 4201
f 4139 3958 4325
f 3834 4208 4263
f 4140 4202 4203
f 4209 4084 4019
f 4086 4141 4087
f 4267 4087 4141
f 4209 4088 4145
f 4087 4144 4146
f 4144 4087 4267
f 4143 4145 4088
f 4023 4024 4147
f 4022 4212 4213
f 4022 4213 4148
f 4442 4024 3775
f 4148 4149 4026
f 4149 4148 4273
f 4149 4215 4089
f 3842 4090 4214
f 3842 4214 4275
f 4215 4216 4092
f 3963 3842 4219
f 3842 4275 4219
f 4092 4216 4401
f 4092 4401 4277
f 3966 4152 4091
f 3963 4219 4153
f 4150 3909 4151
f 4097 3969 4152
f 4223 4098 4153
f 4100 4222 3969
f 4222 4100 4345
f 3971 4280 4032
f 4160 4101 4157
f 4102 4228 4226
f 4034 4105 4228
f 4350 4228 4105
f 4162 4283 4034
f 4107 4350 4105
f 4166 4035 4104
f 4034 4283 4105
f 4567 4105 4283
f 4166 4036 4035
f 4106 3917 4037
f 4107 4229 4285
f 4231 4038 4232
f 4038 4036 4232
f 4234 4109 4286
f 4358 4229 4284
f 4039 3977 4108
f 4110 4108 4167
f 3981 4236 4109
f 4110 4167 4111
f 4041 4364 4289
f 4241 4112 4237
f 4170 4116 4113
f 3922 4172 4238
f 3984 4171 4114
f 4174 4172 4045
f 4115 4365 4177
f 4115 4177 4116
f 4173 4116 4177
f 4175 4243 4179
f 4176 4117 4294
f 4118 4053 4369
f 4121 4301 4119
f 4179 4298 4052
f 4245 3926 3803
f 4301 4057 4119
f 3803 4055 4245
f 4303 4245 4055
f 4250 4369 4053
f 4122 4121 4050
f 4053 3937 4250
f 4058 4060 4248
f 4121 4122 4302
f 4249 4303 3930
f 4124 4054 4247
f 4308 3930 3991
f 3991 4123 4308
f 4180 4123 4124
f 4124 4247 4180
f 4058 4246 4125
f 4307 4181 4300
f 4252 4059 4181
f 4375 4059 4252
f 4059 4375 4182
f 4375 4126 4182
f 4063 4064 4183
f 3942 4309 4374
f 4126 4375 4309
f 4184 4065 4186
f 4184 4185 4065
f 4066 4187 4186
f 4187 4127 4188
f 4127 4189 4188
f 4188 4189 4190
f 4189 3999 4190
f 4068 4255 4128
f 4128 4255 3885
f 4130 4256 3999
f 3885 4132 3887
f 4073 4194 4129
f 4074 4313 4133
f 4133 4313 4191
f 4130 3889 4256
f 4000 4196 4073
f 4191 4075 4133
f 3889 4316 4256
f 3889 4195 4316
f 4196 4193 4073
f 4078 4134 4002
f 4191 4006 4075
f 4192 4076 4382
f 4257 4382 4076
f 4192 4195 4077
f 4135 4013 4435
f 4080 4006 4318
f 4015 4138 4199
f 4200 4136 4199
f 4083 4265 4325
f 4083 4201 4265
f 4207 4200 4264
f 4325 4389 4139
f 4328 4139 4389
f 4266 4137 4262
f 4204 4140 4203
f 4084 4209 4138
f 3957 4142 4205
f 3957 4205 4201
f 4328 4210 4139
f 4202 4140 4206
f 4207 4141 4086
f 4266 4206 4137
f 4206 4140 4211
f 3837 4210 4392
f 4140 4204 4211
f 4267 4272 4144
f 4143 4441 4145
f 4146 4271 4212
f 4212 4273 4213
f 3775 4333 4442
f 3775 3961 4333
f 4213 4273 4148
f 4215 4149 4335
f 4091 4399 3961
f 4217 4214 4090
f 4090 3904 4217
f 4093 4094 4341
f 4277 4341 4094
f 3904 4096 4218
f 4151 3909 4029
f 4096 4154 4220
f 4221 4152 3969
f 4222 4221 3969
f 4154 4150 4220
f 4343 4150 4151
f 4153 4219 4404
f 4153 4404 4223
f 4100 4158 4345
f 4223 4404 4278
f 4156 4224 4155
f 4156 4346 4224
f 4162 4099 4278
f 3971 4159 4280
f 4225 4032 4280
f 4032 4225 4156
f 4155 4224 4157
f 4281 4157 4224
f 4033 4161 4158
f 4282 4159 4227
f 4103 4160 4409
f 4103 4409 4037
f 4163 4411 4351
f 4233 4161 4033
f 4163 4164 4411
f 4104 4351 4353
f 4104 4353 4166
f 4233 4033 4234
f 4105 4567 4229
f 4106 4037 4230
f 4106 4230 4165
f 4036 4354 4232
f 4036 4166 4354
f 4285 4229 4358
f 4167 4108 4359
f 4235 4237 4112
f 4236 4169 4288
f 4168 4041 4289
f 4113 4240 4235
f 4235 4240 4237
f 4169 3985 4239
f 4113 4116 4240
f 4290 4241 4237
f 3985 4114 4239
f 4171 4239 4114
f 4242 4238 4172
f 4116 4173 4240
f 4175 4046 4241
f 4241 4290 4175
f 4243 4175 4290
f 4174 4291 4172
f 4242 4172 4291
f 4292 4240 4173
f 4176 4294 4174
f 4245 4295 3926
f 4297 4179 4243
f 4179 4297 4298
f 4244 4178 4367
f 4302 4301 4121
f 4057 4301 4300
f 4247 4054 4120
f 4058 4248 4246
f 4303 4249 4305
f 3930 4308 4249
f 4180 4247 4306
f 4250 4125 4251
f 4251 4125 4246
f 4123 4180 4308
f 4250 4061 4125
f 4060 4183 4248
f 4184 4379 4185
f 4186 4187 4426
f 4065 4185 4254
f 4065 4254 4068
f 4188 4190 4311
f 4068 4310 4255
f 4190 3999 4256
f 4313 4314 4191
f 4194 4073 4193
f 4382 4429 4192
f 4193 4260 4194
f 4134 4078 4197
f 4314 4432 4191
f 4432 4318 4191
f 4006 4191 4318
f 4317 4258 4257
f 4193 4196 4383
f 4079 4194 4260
f 4078 4198 4197
f 4198 4079 4197
f 4319 4197 4079
f 4318 4385 4080
f 4016 4263 4490
f 4080 4385 4262
f 4203 4321 4204
f 4321 4326 4204
f 4138 4264 4199
f 4138 4209 4264
f 4266 4202 4206
f 4207 4264 4327
f 4207 4327 4141
f 4392 4208 3837
f 4392 4263 4208
f 4327 4331 4267
f 4327 4267 4141
f 4142 4330 4205
f 4269 4209 4334
f 4209 4269 4329
f 4268 4329 4269
f 4142 4023 4330
f 4209 4145 4334
f 4267 4331 4272
f 4023 4147 4270
f 4146 4144 4271
f 4144 4272 4271
f 4024 4442 4147
f 4212 4271 4273
f 4273 4271 4149
f 4335 4149 4271
f 4216 4215 4335
f 4274 4214 4217
f 4335 4337 4216
f 4339 4275 4214
f 4217 3904 4274
f 4218 4274 3904
f 4216 4337 4401
f 4218 4096 4220
f 4029 4093 4276
f 4029 4276 4151
f 4091 4152 4340
f 4152 4342 4340
f 4275 4339 4219
f 4402 4219 4339
f 4220 4150 4343
f 4151 4276 4343
f 4152 4451 4342
f 4152 4221 4451
f 4404 4219 4402
f 4278 4279 4162
f 4159 4282 4348
f 4159 4348 4280
f 4227 4226 4282
f 4162 4279 4283
f 4409 4160 4349
f 4228 4350 4226
f 4164 4165 4410
f 4164 4410 4411
f 4285 4350 4107
f 4350 4285 4454
f 4230 4352 4165
f 4229 4567 4284
f 4353 4354 4166
f 4357 4359 4108
f 4108 3977 4357
f 3977 4231 4357
f 4109 4236 4286
f 4287 4286 4236
f 4288 4287 4236
f 4362 4111 4167
f 4240 4293 4237
f 4290 4237 4293
f 4168 4363 4171
f 4111 4362 4115
f 4365 4115 4362
f 4240 4292 4293
f 4290 4293 4243
f 4042 4296 4367
f 4291 4174 4294
f 4292 4243 4293
f 4295 4366 4042
f 4296 4042 4366
f 4367 4368 4419
f 4367 4419 4244
f 4051 4299 4294
f 4051 4294 4117
f 4118 4369 4120
f 4244 4299 4051
f 4369 4250 4304
f 4120 4470 4247
f 4247 4470 4372
f 4250 4251 4304
f 4251 4246 4304
f 4247 4372 4306
f 4180 4306 4308
f 4307 4300 4370
f 4307 4373 4181
f 4181 4373 4252
f 4376 4183 4064
f 4253 4374 4377
f 4309 4375 4424
f 4064 4253 4376
f 4377 4376 4253
f 4184 4378 4379
f 4184 4186 4378
f 4426 4378 4186
f 4380 4426 4187
f 4187 4188 4380
f 4311 4380 4188
f 4310 4068 4254
f 4311 4190 4256
f 4255 4310 3885
f 4132 3885 4310
f 4074 4134 4312
f 4074 4312 4313
f 4312 4134 4481
f 4382 4257 4431
f 4258 4431 4257
f 4195 4192 4429
f 4429 4316 4195
f 4315 4134 4197
f 4193 4383 4260
f 4383 4483 4260
f 4197 4319 4487
f 4261 4135 4384
f 4135 4435 4384
f 4483 4319 4260
f 4435 4016 4490
f 4321 4322 4323
f 4263 4439 4490
f 4324 4388 4202
f 4388 4203 4202
f 4199 4264 4200
f 4321 4323 4326
f 4262 4202 4266
f 4201 4205 4390
f 4201 4390 4265
f 4329 4264 4209
f 4328 4392 4210
f 4326 4393 4204
f 4390 4205 4330
f 4211 4204 4393
f 4211 4393 4143
f 4329 4268 4327
f 4331 4327 4268
f 4334 4397 4269
f 4269 4394 4268
f 4332 4272 4331
f 4270 4147 4442
f 4395 4145 4441
f 4334 4145 4395
f 4335 4271 4272
f 4272 4332 4335
f 4398 4335 4332
f 4335 4398 4337
f 4274 4336 4214
f 4218 4338 4274
f 4218 4220 4500
f 4218 4500 4450
f 4218 4450 4338
f 4093 4341 4400
f 4093 4400 4276
f 4220 4343 4500
f 4277 4401 4344
f 4221 4222 4451
f 4345 4158 4618
f 4404 4405 4503
f 4404 4503 4278
f 4278 4503 4279
f 4225 4346 4156
f 4158 4161 4347
f 4280 4348 4406
f 4280 4406 4225
f 4281 4407 4157
f 4157 4407 4160
f 4413 4161 4233
f 4230 4037 4409
f 4233 4355 4413
f 4233 4234 4355
f 4234 4286 4355
f 4232 4412 4231
f 4460 4413 4355
f 4356 4355 4286
f 4414 4285 4358
f 4415 4359 4357
f 4460 4355 4361
f 4362 4167 4359
f 4460 4361 4463
f 4355 4356 4361
f 4288 4169 4239
f 4168 4289 4363
f 4363 4239 4171
f 4362 4461 4365
f 4291 4416 4242
f 4365 4466 4177
f 4367 4296 4368
f 4297 4518 4298
f 4295 4245 4418
f 4294 4299 4291
f 4369 4470 4120
f 4052 4581 4122
f 4246 4248 4527
f 4300 4301 4370
f 4371 4370 4301
f 4301 4302 4371
f 4302 4122 4371
f 4303 4305 4420
f 4420 4305 4249
f 4471 4421 4248
f 4249 4308 4420
f 4372 4423 4306
f 4248 4183 4471
f 4307 4370 4373
f 4308 4306 4422
f 4423 4422 4306
f 4252 4373 4531
f 4252 4531 4375
f 4379 4427 4185
f 4185 4427 4254
f 4476 4254 4427
f 4254 4476 4310
f 4310 4477 4132
f 4311 4256 4381
f 4537 4132 4477
f 4256 4316 4430
f 4592 4132 4537
f 4134 4315 4481
f 4132 4592 4196
f 4645 4196 4592
f 4197 4487 4315
f 4482 4431 4258
f 4196 4645 4383
f 4317 4259 4434
f 4317 4434 4258
f 4385 4318 4432
f 4483 4320 4319
f 4203 4388 4387
f 4319 4437 4487
f 4203 4386 4321
f 4386 4322 4321
f 4386 4545 4322
f 4320 4437 4319
f 4545 4438 4322
f 4385 4486 4262
f 4322 4438 4323
f 4265 4547 4325
f 4202 4262 4324
f 4323 4492 4326
f 4325 4547 4389
f 4389 4391 4328
f 4391 4439 4328
f 4328 4439 4392
f 4326 4492 4440
f 4264 4329 4327
f 4330 4023 4494
f 4652 4023 4270
f 4394 4269 4397
f 4443 4268 4394
f 4268 4443 4331
f 4496 4331 4443
f 4331 4496 4332
f 4399 4333 3961
f 4395 4396 4334
f 4334 4396 4397
f 4397 4444 4394
f 4654 4396 4395
f 4214 4446 4339
f 4214 4336 4446
f 4274 4338 4336
f 4398 4445 4337
f 4402 4339 4612
f 4276 4400 4403
f 4341 4277 4400
f 4343 4276 4500
f 4276 4403 4736
f 4400 4277 4344
f 4400 4344 4403
f 4451 4222 4345
f 4346 4619 4224
f 4281 4224 4502
f 4348 4282 4406
f 4349 4160 4407
f 4283 4279 4503
f 4349 4407 4409
f 4226 4408 4282
f 4161 4413 4457
f 4410 4165 4566
f 4411 4456 4351
f 4351 4456 4353
f 4352 4455 4165
f 4165 4455 4566
f 4232 4354 4412
f 4353 4412 4354
f 4458 4357 4231
f 4356 4286 4360
f 4510 4360 4286
f 4286 4287 4510
f 4359 4415 4362
f 4459 4362 4415
f 4356 4510 4515
f 4362 4459 4461
f 4289 4364 4462
f 4356 4515 4361
f 4287 4288 4465
f 4288 4239 4465
f 4238 4242 4682
f 4242 4467 4682
f 4242 4416 4467
f 4461 4466 4365
f 4295 4579 4366
f 4292 4417 4243
f 4298 4518 4576
f 4298 4576 4052
f 4368 4296 4419
f 4299 4522 4291
f 4369 4580 4526
f 4369 4304 4520
f 4297 4243 4469
f 4297 4469 4518
f 4244 4522 4299
f 4468 4520 4246
f 4246 4527 4468
f 4244 4419 4522
f 4304 4246 4520
f 4122 4581 4632
f 4122 4632 4371
f 4525 4245 4303
f 4303 4420 4525
f 4248 4421 4527
f 4525 4420 4308
f 4308 4422 4529
f 4422 4423 4472
f 4375 4531 4424
f 4309 4424 4425
f 4379 4378 4640
f 4379 4532 4427
f 4534 4476 4427
f 4477 4310 4476
f 4381 4256 4430
f 4595 4313 4312
f 4382 4479 4429
f 4382 4478 4479
f 4428 4312 4481
f 4313 4595 4314
f 4480 4314 4595
f 4429 4430 4316
f 4314 4480 4432
f 4315 4487 4484
f 4258 4433 4482
f 4383 4645 4483
f 4258 4434 4433
f 4385 4432 4544
f 4385 4544 4486
f 4599 4545 4386
f 4259 4261 4434
f 4261 4384 4434
f 4384 4435 4601
f 4387 4386 4203
f 4483 4648 4320
f 4436 4387 4388
f 4489 4438 4545
f 4262 4486 4324
f 4265 4493 4547
f 4265 4390 4493
f 4389 4547 4391
f 4263 4392 4439
f 4390 4330 4494
f 4326 4440 4393
f 4393 4440 4441
f 4652 4494 4023
f 4550 4442 4333
f 4442 4550 4270
f 4394 4444 4443
f 4496 4398 4332
f 4447 4448 4444
f 4654 4655 4396
f 4397 4396 4444
f 4444 4396 4447
f 4396 4449 4447
f 4339 4446 4612
f 4396 4655 4449
f 4451 4499 4342
f 4276 4736 4500
f 4403 4344 4557
f 4402 4501 4560
f 4402 4560 4404
f 4618 4158 4347
f 4346 4225 4406
f 4346 4406 4562
f 4224 4619 4502
f 4346 4562 4619
f 4504 4407 4281
f 4452 4281 4502
f 4406 4282 4621
f 4504 4453 4407
f 4161 4457 4347
f 4282 4408 4563
f 4350 4454 4226
f 4567 4283 4565
f 4410 4456 4411
f 4507 4285 4414
f 4566 4564 4410
f 4410 4564 4456
f 4413 4460 4457
f 4231 4412 4458
f 4412 4353 4458
f 4509 4458 4353
f 4353 4623 4509
f 4459 4415 4357
f 4458 4459 4357
f 4510 4356 4360
f 4284 4568 4358
f 4358 4568 4414
f 4289 4624 4363
f 4289 4462 4624
f 4363 4624 4239
f 4464 4515 4287
f 4287 4516 4464
f 4361 4514 4463
f 4287 4465 4516
f 4291 4519 4574
f 4291 4574 4416
f 4416 4574 4467
f 4177 4466 4573
f 4177 4573 4173
f 4366 4579 4296
f 4173 4575 4292
f 4292 4517 4417
f 4295 4578 4579
f 4295 4418 4578
f 4579 4521 4296
f 4296 4521 4419
f 4369 4520 4580
f 4243 4417 4469
f 4419 4521 4582
f 4369 4526 4470
f 4523 4584 4370
f 4470 4528 4372
f 4308 4529 4525
f 4472 4529 4422
f 4372 4586 4423
f 4370 4584 4373
f 4373 4584 4530
f 4586 4472 4423
f 4473 4374 4309
f 4374 4473 4377
f 4697 4377 4473
f 4425 4473 4309
f 4376 4377 4588
f 4426 4474 4378
f 4532 4379 4640
f 4535 4474 4426
f 4380 4475 4426
f 4426 4475 4535
f 4534 4427 4590
f 4312 4428 4595
f 4382 4431 4478
f 4479 4430 4429
f 4594 4431 4482
f 4592 4540 4645
f 4315 4484 4481
f 4432 4480 4544
f 4482 4433 4543
f 4485 4599 4386
f 4485 4386 4387
f 4434 4384 4600
f 4384 4601 4600
f 4483 4844 4648
f 4436 4485 4387
f 4489 4647 4488
f 4647 4489 4545
f 4437 4721 4487
f 4436 4388 4491
f 4648 4437 4320
f 4324 4491 4388
f 4324 4486 4491
f 4391 4547 4604
f 4490 4439 4605
f 4605 4391 4604
f 4391 4605 4439
f 4390 4494 4493
f 4440 4492 4608
f 4143 4393 4441
f 4440 4609 4441
f 4551 4496 4443
f 4444 4448 4443
f 4448 4555 4443
f 4655 4554 4449
f 4448 4447 4732
f 4448 4732 4615
f 4448 4615 4555
f 4338 4450 4497
f 4554 4498 4449
f 4449 4498 4447
f 4447 4498 4732
f 4337 4445 4401
f 4401 4445 4616
f 4612 4558 4402
f 4612 4552 4558
f 4401 4616 4344
f 4558 4501 4402
f 4736 4403 4557
f 4557 4344 4617
f 4344 4559 4617
f 4345 4618 4737
f 4405 4404 4560
f 4619 4562 4671
f 4452 4504 4281
f 4282 4563 4621
f 4409 4407 4230
f 4407 4453 4230
f 4503 4620 4283
f 4226 4505 4408
f 4226 4454 4505
f 4283 4620 4565
f 4454 4285 4506
f 4285 4507 4506
f 4230 4453 4352
f 4352 4453 4455
f 4566 4455 4453
f 4564 4745 4456
f 4456 4623 4353
f 4458 4509 4508
f 4459 4458 4508
f 4461 4459 4511
f 4459 4569 4511
f 4510 4287 4515
f 4462 4571 4624
f 4513 4460 4463
f 4465 4239 4678
f 4624 4571 4572
f 4571 4462 4679
f 4462 4364 4679
f 4361 4515 4514
f 4364 4238 4512
f 4364 4512 4679
f 4238 4682 4512
f 4461 4570 4466
f 4466 4570 4683
f 4573 4575 4173
f 4575 4517 4292
f 4291 4522 4519
f 4417 4517 4469
f 4583 4519 4522
f 4468 4527 4759
f 4524 4630 4523
f 4523 4370 4524
f 4371 4524 4370
f 4419 4631 4522
f 4693 4527 4421
f 4523 4630 4584
f 4470 4526 4528
f 4372 4528 4634
f 4372 4634 4586
f 4774 4471 4183
f 4695 4183 4376
f 4531 4373 4530
f 4473 4425 4697
f 4587 4697 4425
f 4531 4638 4424
f 4424 4638 4775
f 4376 4588 4695
f 4425 4424 4639
f 4775 4639 4424
f 4588 4377 4589
f 4377 4697 4589
f 4640 4378 4474
f 4474 4535 4533
f 4532 4590 4427
f 4535 4475 4538
f 4536 4538 4475
f 4381 4475 4380
f 4380 4311 4381
f 4590 4702 4534
f 4701 4476 4534
f 4476 4701 4477
f 4475 4381 4536
f 4536 4381 4430
f 4538 4478 4539
f 4538 4536 4479
f 4538 4479 4478
f 4536 4430 4479
f 4478 4431 4539
f 4540 4592 4593
f 4595 4542 4541
f 4595 4596 4542
f 4595 4541 4480
f 4480 4541 4599
f 4480 4599 4485
f 4480 4485 4544
f 4483 4645 4844
f 4544 4485 4491
f 4436 4491 4485
f 4487 4546 4484
f 4544 4491 4486
f 4435 4490 4794
f 4488 4602 4489
f 4489 4722 4438
f 4720 4602 4488
f 4797 4604 4547
f 4548 4493 4494
f 4607 4440 4608
f 4611 4495 4651
f 4549 4495 4611
f 4610 4270 4550
f 4270 4610 4652
f 4496 4551 4398
f 4443 4555 4551
f 4551 4445 4398
f 4551 4555 4445
f 4446 4336 4613
f 4336 4338 4613
f 4556 4552 4614
f 4450 4500 4497
f 4498 4554 4732
f 4737 4451 4345
f 4501 4667 4560
f 4405 4560 4561
f 4405 4561 4503
f 4502 4619 4744
f 4457 4618 4347
f 4406 4673 4562
f 4452 4502 4672
f 4620 4503 4561
f 4674 4564 4504
f 4504 4452 4674
f 4454 4506 4505
f 4565 4676 4567
f 4622 4456 4745
f 4456 4622 4623
f 4568 4284 4567
f 4567 4676 4568
f 4414 4568 4677
f 4819 4568 4748
f 4677 4568 4819
f 4459 4508 4569
f 4461 4511 4570
f 4460 4513 4684
f 4463 4514 4513
f 4512 4682 4679
f 4515 4464 4514
f 4467 4574 4682
f 4683 4573 4466
f 4465 4876 4516
f 4574 4519 4627
f 4574 4627 4688
f 4576 4577 4052
f 4583 4627 4519
f 4520 4468 4759
f 4052 4577 4581
f 4521 4691 4629
f 4521 4629 4582
f 4631 4419 4582
f 4245 4525 4418
f 4630 4766 4584
f 4524 4371 4632
f 4471 4693 4421
f 4525 4529 4636
f 4585 4529 4472
f 4637 4586 4634
f 4471 4774 4771
f 4586 4585 4472
f 4584 4768 4530
f 4531 4530 4768
f 4639 4587 4425
f 4640 4699 4532
f 4535 4704 4533
f 4535 4591 4539
f 4535 4539 4704
f 4534 4702 4701
f 4591 4535 4538
f 4591 4538 4539
f 4641 4537 4477
f 4641 4592 4537
f 4593 4592 4641
f 4595 4428 4596
f 4482 4598 4788
f 4481 4718 4428
f 4481 4484 4718
f 4718 4644 4428
f 4542 4954 4541
f 4541 4954 4599
f 4482 4543 4598
f 4543 4433 4434
f 4599 4954 4646
f 4599 4646 4545
f 4434 4600 4847
f 4721 4546 4487
f 4648 4721 4437
f 4602 4722 4489
f 4605 4794 4490
f 4438 4603 4323
f 4722 4603 4438
f 4493 4797 4547
f 4323 4603 4492
f 4606 4605 4724
f 4492 4603 4608
f 4548 4494 4650
f 4608 4649 4495
f 4495 4649 4651
f 4494 4652 4650
f 4440 4607 4609
f 4607 4608 4495
f 4549 4607 4495
f 4653 4611 4651
f 4549 4609 4607
f 4395 4441 4609
f 4333 4399 4853
f 4446 4613 4612
f 4613 4803 4612
f 4445 4555 4553
f 4613 4338 4660
f 4338 4497 4660
f 4555 4615 4553
f 4091 4340 4859
f 4733 4342 4499
f 4340 4342 4733
f 4499 4451 4733
f 4445 4553 4804
f 4445 4804 4616
f 4500 4736 4735
f 4556 4740 4558
f 4556 4558 4552
f 4344 4616 4559
f 4558 4740 4666
f 4558 4667 4501
f 4558 4666 4667
f 4560 4667 4743
f 4618 4457 4670
f 4673 4406 4621
f 4744 4672 4502
f 4408 4675 4563
f 4621 4563 4675
f 4672 4674 4452
f 4408 4505 4675
f 4621 4675 5020
f 4564 4453 4504
f 4676 4565 4620
f 4453 4564 4566
f 4506 4507 4817
f 4749 4750 4511
f 4511 4569 4749
f 4569 4508 4749
f 4509 4749 4508
f 4460 4684 4824
f 4624 4678 4239
f 4679 4753 4571
f 4876 4465 4678
f 4679 4682 4681
f 4682 4574 4875
f 4683 4685 4573
f 4685 4686 4573
f 4686 4575 4573
f 4626 4514 4464
f 4574 4688 4875
f 4626 4464 4516
f 4517 4575 4687
f 4756 4518 4469
f 4518 4756 4576
f 4760 4516 4876
f 4626 4516 4760
f 4578 4762 4628
f 4578 4628 4579
f 4579 4628 4521
f 4627 4583 4830
f 4578 4418 4762
f 4521 4628 4691
f 4581 4577 4828
f 4582 4629 4764
f 4631 4583 4522
f 4633 4524 4632
f 4633 4632 4581
f 4582 4764 4765
f 4582 4765 4631
f 4528 4526 4580
f 4528 4580 4635
f 4771 4693 4471
f 4528 4635 4634
f 4768 4584 4766
f 4634 4635 4694
f 4529 4585 4636
f 4772 4585 4586
f 4634 4694 4637
f 4774 4183 4695
f 4775 4638 4773
f 4776 4589 4697
f 4474 4698 4640
f 4699 4640 4698
f 4474 4533 4698
f 5047 4698 4533
f 4700 4532 4699
f 4590 4532 4700
f 4700 4705 4590
f 4590 4705 4702
f 4777 4477 4701
f 4641 4477 4777
f 4593 4641 4706
f 4593 4941 4540
f 4539 4431 4594
f 4540 4941 4785
f 4597 4712 4708
f 4708 4707 4597
f 4597 4707 4713
f 4428 4644 4596
f 4642 4842 4643
f 4842 4597 4643
f 4842 4712 4597
f 4540 4785 4645
f 4643 4597 4715
f 4597 4713 4715
f 4598 4543 4788
f 4644 4718 4714
f 4484 4546 4718
f 4794 4601 4435
f 4898 4725 4720
f 4725 4602 4720
f 4797 4723 4604
f 4604 4723 4605
f 4605 4723 4724
f 4649 4608 4603
f 4851 4650 4652
f 4611 4653 4729
f 4728 4550 4333
f 4550 4728 4610
f 4395 4609 4654
f 4609 4549 4654
f 4549 4611 4654
f 4654 4611 4655
f 4611 4658 4655
f 4658 4729 4656
f 4656 4659 4658
f 4656 4657 4659
f 4655 4658 4554
f 4554 4658 4659
f 4399 4091 4859
f 4552 4801 4614
f 4612 4801 4552
f 4612 4803 4801
f 4613 4660 4803
f 4554 4659 4732
f 4497 4500 4660
f 4660 4500 4661
f 4451 4737 4733
f 4660 4661 4663
f 4664 4661 4500
f 4500 4735 4664
f 4736 4557 4662
f 4739 4662 4557
f 4557 4617 4739
f 4617 4559 4741
f 4616 4741 4559
f 4667 4668 4743
f 4661 4664 4669
f 4665 4669 4664
f 4621 5020 4673
f 4564 4674 4745
f 4506 4817 5022
f 4870 4816 4676
f 4676 4816 4568
f 4747 4623 4622
f 4623 4747 4509
f 4748 4568 4816
f 4749 4509 4747
f 4460 4824 4818
f 4570 4511 4751
f 4752 4571 4753
f 4679 4681 4680
f 4572 4625 4624
f 4570 4751 4683
f 4756 4822 4576
f 4576 4822 4577
f 4686 4687 4575
f 4689 4756 4469
f 4514 4626 4513
f 4687 4689 4517
f 4469 4517 4689
f 4627 4830 4688
f 4626 4690 4513
f 4630 4524 4829
f 4760 4690 4626
f 4762 4418 4761
f 4520 4763 4580
f 4878 4759 4527
f 4828 4633 4581
f 4692 4761 4418
f 4764 4629 4691
f 4418 4525 4692
f 4931 4692 4525
f 4525 4636 4931
f 4580 4763 4635
f 4635 4763 4694
f 4767 4694 4763
f 4836 4694 4767
f 4694 4836 4770
f 4770 4769 4694
f 4637 4694 4769
f 4586 4637 4772
f 4637 4769 4772
f 4768 4696 4531
f 4531 4696 4638
f 4773 4638 4696
f 4587 4639 4697
f 4695 4588 4937
f 4588 4589 4937
f 4703 4701 4702
f 4700 4779 4705
f 4778 4702 4705
f 4641 4777 4706
f 4704 4539 4782
f 4539 4594 4709
f 4539 4709 4782
f 4707 4784 4713
f 4708 4712 4710
f 4713 4784 4787
f 4594 4482 4788
f 4642 4643 4711
f 4842 4786 4712
f 4716 4596 4644
f 4596 4716 4542
f 4844 4711 4643
f 4715 4844 4643
f 4716 4644 4714
f 4543 4434 4846
f 4645 4785 4844
f 4718 4792 4714
f 4646 4845 4545
f 4791 4545 4845
f 4434 4847 4846
f 4717 4844 4715
f 4791 4647 4545
f 4488 4647 4791
f 4898 4488 4791
f 4546 4719 4718
f 4898 4720 4488
f 4844 4717 4648
f 4648 4717 4715
f 4715 4721 4648
f 4721 4719 4546
f 4602 4796 4722
f 4605 4606 4794
f 4493 4799 4797
f 4726 4603 4722
f 4493 4548 4799
f 4795 5006 4725
f 4602 4725 5007
f 4548 4650 4799
f 4603 4726 4649
f 4800 4649 4726
f 4649 4902 4651
f 4649 4800 4902
f 4651 4902 4727
f 4651 4727 4653
f 4652 4610 4851
f 4729 4653 4656
f 4656 4653 4657
f 4653 4727 4730
f 4653 4730 4657
f 4611 4729 4658
f 4657 4731 4659
f 4657 4730 4731
f 4399 4859 5015
f 4614 4801 4854
f 4659 4615 4732
f 4804 4553 4615
f 4733 4737 4805
f 4660 4663 4803
f 4734 4803 4663
f 4556 4614 4806
f 4556 4806 4740
f 4736 4664 4735
f 4736 4662 4664
f 4738 4664 4662
f 4662 4739 4738
f 4741 4739 4617
f 4663 4661 4742
f 4664 4738 4665
f 4670 4737 4618
f 4740 4866 4666
f 4661 4669 4742
f 4667 4666 4668
f 4867 4669 4665
f 4670 4457 4916
f 4810 4560 4743
f 4811 4561 4560
f 5018 4671 4562
f 4965 4671 5018
f 4671 4965 4619
f 4744 4619 4965
f 4673 4814 4562
f 4561 4811 4620
f 4674 4672 4813
f 4674 4815 4745
f 4505 4506 5022
f 4745 4815 4622
f 4868 4750 4749
f 4868 4749 4746
f 4507 4414 4817
f 4751 4511 4750
f 4678 4821 4970
f 4678 4624 4821
f 4624 8960 4821
f 4752 4754 4625
f 4679 4680 4753
f 4681 4873 4680
f 4681 4682 4825
f 4755 4756 4689
f 4756 4755 4822
f 4682 4875 4825
f 4687 4686 4757
f 4689 4687 4757
f 4757 4755 4689
f 4520 4833 4763
f 4633 4829 4524
f 4829 4633 4828
f 4583 4758 4830
f 4691 4927 4764
f 4834 4764 4927
f 4631 4837 4583
f 4583 4837 4758
f 4832 4758 4837
f 4765 4764 4834
f 4837 4631 4765
f 4630 5032 4766
f 4765 4883 4837
f 4839 4695 4937
f 4639 4775 4936
f 4697 4639 4776
f 5047 5141 4698
f 4986 4698 5141
f 4698 4986 4699
f 4699 4986 4887
f 4887 4700 4699
f 4703 4702 4778
f 4939 4701 4703
f 4700 4887 4779
f 4779 4840 4705
f 4781 4707 4708
f 4781 4708 4780
f 4707 4781 4945
f 4707 4945 4784
f 4709 4594 4788
f 4783 4642 4891
f 4783 4842 4642
f 4891 4642 4711
f 4712 4786 4950
f 4893 4713 4787
f 4952 4955 4788
f 4716 4790 4542
f 4542 4790 4954
f 4646 4954 4845
f 4713 4893 4715
f 4716 4714 5000
f 4793 4847 4600
f 4718 4719 4792
f 4601 4793 4600
f 4794 4606 4956
f 4602 4798 4796
f 4726 4722 4796
f 4723 4901 4724
f 4725 5006 5007
f 4602 5007 4798
f 4724 4901 4606
f 4902 4905 4727
f 4907 4730 4727
f 4659 4731 4615
f 4801 4803 4862
f 4340 4733 4859
f 4858 4961 4861
f 4734 4862 4803
f 4741 4616 4864
f 4804 4864 4616
f 4670 4805 4737
f 4738 4739 4808
f 4809 4808 4739
f 4739 4741 4809
f 4665 4807 4867
f 4807 4665 4738
f 4742 4669 4914
f 4560 4810 4811
f 5019 5018 4562
f 5019 4562 4814
f 4672 4744 4812
f 4674 4813 4815
f 4673 5020 4814
f 4746 4815 4868
f 4815 4746 4622
f 4747 4622 4746
f 4746 4749 4747
f 4750 4871 4751
f 4748 4971 4819
f 4678 4970 4820
f 4752 4753 4754
f 8960 4625 4754
f 8960 4872 4625
f 4873 4681 4825
f 4823 4755 4757
f 4824 4684 4513
f 5027 4876 4678
f 4751 5079 4683
f 4685 4826 4686
f 4686 4826 4757
f 4827 4577 4822
f 4828 4827 4922
f 4827 4828 4577
f 4975 4513 4690
f 4830 4875 4688
f 4831 4630 4829
f 4830 4758 4924
f 4520 4759 4833
f 4762 4879 4628
f 4762 4761 4879
f 4924 4758 4832
f 4693 4878 4527
f 4630 4831 5032
f 4628 4927 4691
f 4883 4765 4835
f 4765 4834 4835
f 4763 4833 4767
f 4882 4692 4931
f 4930 4693 4771
f 4766 5032 4934
f 4768 4766 4934
f 4838 4931 4636
f 4769 4980 4772
f 4696 4768 4934
f 4636 4585 4838
f 4774 4695 4886
f 4773 4936 4775
f 4886 4695 4839
f 4589 4776 4937
f 4776 4639 4938
f 4777 4701 4939
f 4533 4704 5051
f 4704 4782 4888
f 4941 4593 4706
f 4780 4889 4781
f 4780 4708 4841
f 4708 4710 4841
f 4781 4889 4945
f 4782 4709 4788
f 4782 4788 4947
f 4710 4712 4993
f 4785 4941 4996
f 4786 4997 4892
f 4712 4950 4993
f 4786 4892 4843
f 4786 4843 4950
f 4543 4846 4789
f 4543 4951 4788
f 4952 4788 4951
f 5000 4790 4716
f 4715 4893 4848
f 4715 4848 4721
f 4899 4601 4794
f 4725 4898 5003
f 4795 4725 4900
f 4723 4797 4901
f 4796 4798 4726
f 4797 4799 5062
f 4850 4726 4798
f 4798 5007 4904
f 4798 4904 4850
f 5007 4849 4904
f 4903 4800 4726
f 4902 4800 4903
f 4650 4851 5009
f 4650 5009 4799
f 4728 4851 4610
f 4728 5012 4851
f 4852 4851 5012
f 4333 4853 5012
f 4333 5012 4728
f 4907 4727 4905
f 4958 4730 4907
f 4399 5015 4853
f 4730 4958 4909
f 4854 4857 4959
f 4855 4856 4908
f 4730 4911 4731
f 4854 4801 4857
f 4855 4858 4856
f 4801 4862 4857
f 4858 4855 4961
f 4615 4731 4911
f 4614 4854 4802
f 4858 4863 4856
f 4858 4861 4863
f 4615 4911 4804
f 4961 4860 4861
f 4863 4861 4860
f 4804 4911 4864
f 4913 4862 4734
f 4809 4860 4865
f 4860 4809 4863
f 4614 4802 4806
f 4734 4663 4913
f 4742 4913 4663
f 4808 4865 4807
f 4809 4741 4863
f 4864 4863 4741
f 4806 4866 4740
f 4738 4808 4807
f 4666 4866 4915
f 4666 4915 4668
f 4668 4810 4743
f 4744 4965 4812
f 4672 4812 4813
f 4815 4813 5073
f 4620 4968 4676
f 4869 4868 4815
f 4818 4457 4460
f 4676 4968 4870
f 4750 4868 5024
f 4871 4750 5024
f 4414 4677 5183
f 4748 4816 5076
f 4677 4819 4971
f 4821 8960 4918
f 4918 8960 4754
f 4918 4754 4917
f 5027 4678 4820
f 4753 4680 4754
f 4755 4919 4822
f 4757 4826 4823
f 4822 4919 4827
f 4683 5079 4874
f 4683 4874 4685
f 4685 4874 4826
f 4824 4513 4923
f 4513 4975 4923
f 5079 5029 4874
f 4922 4877 4829
f 4828 4922 4829
f 4831 4829 4877
f 5030 4975 4690
f 4830 4925 4875
f 4830 4924 4925
f 4690 4760 5030
f 4876 5030 4760
f 4924 4832 4881
f 4833 4759 4878
f 4879 4977 4628
f 4628 4977 4927
f 4833 4878 4767
f 4878 4693 5036
f 4761 4692 4880
f 4834 4927 5037
f 4837 4881 4832
f 4930 5036 4693
f 4834 5037 4835
f 4767 4978 4836
f 4980 4769 4979
f 4772 4980 4885
f 4585 4772 4884
f 4885 4884 4772
f 4771 4774 5090
f 4935 4696 4934
f 4696 4935 4773
f 4983 5090 4774
f 4983 4774 4886
f 4773 4935 4936
f 4985 4639 4936
f 4937 4776 4984
f 4938 4639 4985
f 4939 5046 4777
f 4987 4777 5046
f 4533 5051 5047
f 4778 4705 4940
f 4777 4987 4706
f 5051 4704 4888
f 4705 4840 5052
f 4988 4840 4779
f 5052 4840 4988
f 4783 4989 4842
f 4841 4710 4944
f 4842 4989 4786
f 4989 5096 4786
f 4889 4994 4945
f 4710 4993 4944
f 4945 4890 4784
f 4891 4711 4996
f 4947 4788 4953
f 4711 4844 4785
f 4711 4785 4996
f 4784 4948 4787
f 4788 4955 4953
f 4843 4949 4950
f 4543 4789 4951
f 4787 4948 4893
f 4714 4894 5000
f 4845 5002 4791
f 4846 4847 4895
f 4792 4896 4714
f 4792 4719 4896
f 5002 4897 4791
f 4793 4601 4899
f 4848 4719 4721
f 4899 4794 4956
f 4900 4725 5003
f 5061 4901 5005
f 4606 4901 5061
f 4726 4850 4903
f 4905 4902 5110
f 4850 4904 4903
f 5009 4851 4906
f 5007 5010 4849
f 4904 4849 4957
f 4851 4852 4906
f 4906 4852 5012
f 4905 5065 4907
f 4959 5013 4854
f 4908 4856 4909
f 4909 4911 4730
f 4854 5013 4960
f 4959 4857 4963
f 4856 4910 4909
f 4963 4962 4959
f 4909 4910 4911
f 4854 4960 4802
f 4857 4862 4912
f 4857 4912 4963
f 4856 4863 4910
f 4859 4733 4805
f 4910 4863 4864
f 4913 4912 4862
f 4860 5070 4865
f 4865 4808 4809
f 4913 4742 4914
f 4866 5231 4915
f 4810 4668 4915
f 4814 5021 5019
f 5020 5021 4814
f 4967 5073 4813
f 4813 4812 4967
f 4965 4967 4812
f 4675 4505 5022
f 4457 4818 4916
f 4969 4916 4818
f 4870 4968 5023
f 5239 5022 4817
f 4816 4870 5076
f 4414 5183 4817
f 4748 5076 4971
f 5026 5183 4677
f 4821 4918 4970
f 4751 4871 5079
f 4824 4923 4818
f 4754 4920 4917
f 4754 4680 4920
f 4972 4823 4826
f 4823 4972 4755
f 4873 4825 4921
f 4825 4875 5028
f 5082 4826 4874
f 4831 4877 5032
f 5030 4876 5083
f 4761 4880 4926
f 4761 4926 4879
f 4879 4926 4977
f 4927 5085 5037
f 4883 4929 4837
f 4837 4929 4881
f 4878 5033 4767
f 4835 5037 4932
f 4932 4929 4883
f 4767 5033 4978
f 5032 4928 5039
f 4835 4932 4883
f 5090 4930 4771
f 5032 5039 4934
f 4931 4838 4981
f 4770 4836 4933
f 4934 5091 4935
f 5041 4886 4839
f 4937 5041 4839
f 4938 4984 4776
f 4939 4703 5094
f 4887 4986 5095
f 4705 5052 4940
f 4706 4987 4941
f 4942 5051 4888
f 4780 4841 4991
f 4780 4991 4889
f 4888 4782 4942
f 4782 4947 4942
f 4943 4889 5053
f 4889 4943 4994
f 4997 4786 5096
f 4891 4996 4946
f 4784 4890 4998
f 4892 4997 4843
f 4784 4998 4948
f 4949 5156 4950
f 4948 5001 4893
f 4714 4896 4894
f 4848 4893 4719
f 4791 4897 4898
f 4847 4793 5004
f 4898 4897 5003
f 5003 5059 4900
f 4797 5062 5060
f 4797 5060 4901
f 4901 5060 5005
f 5006 4795 4900
f 4902 4903 5110
f 5011 5065 4905
f 4958 4907 5065
f 5013 4959 5068
f 4959 4962 5014
f 4859 4805 4964
f 4910 4864 4911
f 4802 4960 4806
f 4912 4913 5116
f 4912 5116 4963
f 4670 4964 4805
f 4865 5070 4807
f 4807 5070 4867
f 4670 4916 4964
f 4866 5016 5231
f 4914 4669 5017
f 4669 4867 5017
f 4915 5231 4810
f 4810 4966 4811
f 4811 4966 4968
f 4811 4968 4620
f 4675 5021 5020
f 4675 5022 5021
f 4817 5183 5239
f 5076 4870 5238
f 4970 4918 4917
f 4917 4920 5025
f 4971 5188 4677
f 4755 5189 4919
f 4973 4920 4680
f 4921 4973 4680
f 4680 4873 4921
f 4919 5126 4827
f 5028 4921 4825
f 4875 5194 5028
f 4875 4925 4976
f 5034 4924 4881
f 5031 4924 5034
f 4924 5031 4925
f 4976 4925 5031
f 5034 4881 4929
f 4878 5036 5033
f 4880 4692 4882
f 4927 4977 4926
f 4769 5203 4979
f 4769 4770 4933
f 4769 5040 5203
f 4838 5087 4981
f 4838 4585 4884
f 4769 4933 4982
f 4769 4982 5040
f 4884 4885 5262
f 4886 5041 5042
f 4936 4935 5043
f 4937 4984 5093
f 4937 5093 5041
f 4984 4938 4985
f 4939 5094 5046
f 4778 4940 4703
f 5052 5048 4940
f 4779 4887 4988
f 4987 5098 4941
f 4841 5146 4991
f 4990 4989 4783
f 4990 4783 4992
f 4889 4991 5053
f 4891 4992 4783
f 4944 5099 4841
f 4995 4945 4994
f 4941 4946 4996
f 4995 4890 4945
f 4994 5101 4995
f 4999 4998 4890
f 4890 4995 4999
f 4997 4949 4843
f 4995 5000 4999
f 4948 4998 4896
f 4998 4999 4896
f 4949 5102 5156
f 4948 4896 5001
f 4999 4894 4896
f 4999 5000 4894
f 4950 5156 5056
f 4790 5054 4954
f 4845 4954 5054
f 5057 4953 4955
f 4895 4847 5106
f 4893 5001 4719
f 5001 4896 4719
f 5009 5062 4799
f 4606 5161 4956
f 4903 4904 5008
f 4904 5064 5008
f 5010 5111 4849
f 4957 5064 4904
f 4905 5110 5011
f 4849 5111 4957
f 4908 4909 5067
f 4909 4958 5113
f 4962 4963 5116
f 4960 5069 4806
f 4806 5069 4866
f 4866 5069 5117
f 5072 4913 4914
f 4866 5117 5016
f 5017 4867 5070
f 4810 5231 4966
f 5019 5179 5018
f 4965 5180 4967
f 4815 5120 4869
f 5075 4868 4869
f 4870 5023 5238
f 4868 5075 5024
f 4970 4917 5243
f 5188 4971 5124
f 5026 4677 5188
f 5079 4871 5125
f 4755 4972 5189
f 4920 5081 5025
f 4920 4973 5081
f 4972 4826 5189
f 4919 5080 5126
f 5027 5083 4876
f 5029 5125 4874
f 4923 4975 4974
f 5030 4974 4975
f 4875 4976 5194
f 4877 5130 5032
f 5035 5031 5034
f 5304 4928 5032
f 4880 5195 4926
f 4927 4926 5085
f 5034 4929 5035
f 5038 5035 4929
f 4932 5037 5086
f 4932 5086 4929
f 4978 5033 5202
f 4978 5202 4836
f 5090 5033 4930
f 4980 5198 4885
f 4836 5202 4933
f 5087 4838 4884
f 4885 5198 5135
f 5039 5091 4934
f 5262 4885 5135
f 4983 4886 5138
f 4983 5138 5090
f 5091 5092 4935
f 5138 4886 5042
f 5092 5043 4935
f 4984 4985 5044
f 4985 4936 5044
f 4703 4940 5045
f 4703 5045 5094
f 5209 4986 5141
f 4940 5048 5045
f 5051 5050 5047
f 5052 5145 5048
f 5049 4989 4990
f 5096 4989 5049
f 4841 5099 5146
f 4991 5097 5053
f 5098 4992 4891
f 5051 4942 5215
f 5098 4946 4941
f 5098 4891 4946
f 5096 5152 4997
f 5101 4943 5053
f 4943 5101 4994
f 5053 5148 5101
f 4947 4953 5100
f 4997 5152 5102
f 4997 5102 4949
f 4993 4950 5104
f 5054 4995 5101
f 5056 5104 4950
f 4995 5054 5000
f 4790 5000 5054
f 5106 4846 4895
f 4951 4955 4952
f 5107 5003 4897
f 4897 5002 5107
f 5107 5217 5003
f 5058 5004 4793
f 4793 4899 5058
f 5003 5217 5059
f 5157 4899 4956
f 4900 5108 5006
f 5108 5063 5006
f 5005 5060 5061
f 4606 5061 5161
f 5006 5063 5007
f 4903 5008 5110
f 5111 5007 5063
f 5007 5111 5010
f 5064 4957 5111
f 5225 5012 4853
f 4958 5065 5066
f 5113 4958 5066
f 4959 5014 5068
f 5015 4859 5288
f 4960 5013 5175
f 5116 4913 5071
f 4913 5072 5071
f 5070 5232 5017
f 4914 5017 5118
f 4914 5118 5072
f 5232 5118 5017
f 5018 5179 4965
f 4965 5179 5344
f 5019 5021 5179
f 4965 5344 5180
f 5073 5120 4815
f 5180 5074 4967
f 4869 5120 5122
f 4968 5119 5023
f 5075 4869 5122
f 5025 5184 4917
f 4871 5024 5125
f 4820 4970 5243
f 5078 5077 4818
f 5185 5026 5188
f 4818 4923 5078
f 5080 4919 5189
f 4973 5192 5081
f 4826 5191 5189
f 4973 4921 5192
f 4921 5028 5192
f 5079 5125 5029
f 4826 5082 5191
f 4827 5126 4922
f 5127 4874 5125
f 5129 4877 4922
f 4880 5084 5195
f 4880 4882 5132
f 4880 5132 5084
f 4926 5195 5085
f 5035 5038 5133
f 5085 5258 5037
f 5036 4930 5033
f 5037 5258 5086
f 4929 5086 5038
f 4980 4979 5198
f 5033 5090 5088
f 5087 4884 5089
f 4982 4933 5202
f 4982 5202 5204
f 5205 5089 4884
f 5262 5205 4884
f 5204 5040 4982
f 4936 5043 5044
f 5093 5139 5041
f 5207 5139 5093
f 5093 4984 5207
f 5044 5207 4984
f 5046 5143 4987
f 4990 5140 5049
f 4990 4992 5143
f 5049 5144 5212
f 5049 5212 5096
f 4988 4887 5272
f 4987 5143 5098
f 5143 4992 5098
f 5146 5097 4991
f 4988 5272 5052
f 5096 5212 5152
f 4947 5215 4942
f 5052 5316 5145
f 4944 4993 5099
f 5147 5053 5097
f 4993 5104 5099
f 5053 5147 5148
f 4947 5150 5215
f 4947 5100 5150
f 5101 5148 5153
f 4953 5055 5100
f 5103 5101 5153
f 5153 5148 5151
f 5101 5103 5054
f 5054 5103 4845
f 5103 5002 4845
f 4846 5105 4789
f 4846 5106 5105
f 5103 5107 5002
f 5217 5107 5154
f 5108 5158 5159
f 5059 5108 4900
f 5108 5159 5063
f 5159 5160 5109
f 5109 5063 5159
f 5060 5395 5061
f 4956 5161 5157
f 5061 5276 5161
f 4906 5221 5009
f 5064 5162 5008
f 5110 5163 5011
f 5012 5225 4906
f 5281 5167 5112
f 5065 5011 5166
f 5065 5166 5282
f 5112 5168 5165
f 5067 4909 5113
f 5067 5113 4908
f 5114 5068 5014
f 4908 5169 5115
f 5171 5114 5014
f 4908 5115 4855
f 5014 4962 5171
f 4962 5173 5171
f 4962 5116 5173
f 4859 4964 5288
f 4855 5115 5174
f 4960 5175 5069
f 5069 5175 5117
f 4964 4916 5177
f 5231 5016 5117
f 4916 5414 5177
f 5231 5295 4966
f 4916 4969 5414
f 4968 4966 5119
f 5073 5121 5120
f 5073 4967 5121
f 4967 5074 5121
f 4969 4818 5186
f 5075 5182 5240
f 5024 5075 5240
f 4818 5077 5186
f 5243 4917 5123
f 5241 5123 4917
f 5184 5241 4917
f 5076 5238 4971
f 5026 5185 5183
f 4971 5238 5124
f 5243 5298 5027
f 5027 4820 5243
f 5190 5078 4923
f 5298 5083 5027
f 4923 4974 5190
f 4874 5127 5082
f 4922 5126 5129
f 5030 5190 4974
f 5128 5129 5126
f 5031 5035 5193
f 5194 4976 5031
f 4877 5129 5131
f 4877 5131 5130
f 5196 5195 5302
f 5195 5196 5085
f 5085 5196 5258
f 5130 5131 5197
f 4979 5199 5198
f 5132 4882 5134
f 4882 4931 5134
f 4931 4981 5134
f 5038 5086 5258
f 4979 5203 5199
f 4981 5087 5089
f 5040 8962 5203
f 5202 5264 5204
f 5136 4928 5201
f 4928 5136 5039
f 8963 5040 5137
f 8963 8962 5040
f 5040 5204 5137
f 5090 5138 5088
f 5136 5091 5039
f 5091 5266 5092
f 5091 5136 5266
f 5266 5043 5092
f 5042 5312 5138
f 5042 5041 5312
f 5041 5139 5312
f 5045 5142 5094
f 5094 5269 5046
f 5046 5269 5140
f 5141 5047 5210
f 5271 5210 5047
f 5046 5140 5143
f 4990 5143 5140
f 5047 5050 5271
f 4986 5209 5315
f 4986 5315 5095
f 5140 5144 5049
f 5095 5315 4887
f 5045 5048 5142
f 5145 5142 5048
f 5050 5051 5271
f 5051 5273 5271
f 5052 5272 5316
f 5097 5146 5317
f 5097 5317 5318
f 5097 5318 5147
f 5215 5273 5051
f 5148 5147 5151
f 5100 5055 5150
f 5102 5152 5216
f 5151 5154 5153
f 5152 5149 5216
f 5056 5156 5104
f 5153 5154 5107
f 5153 5107 5103
f 5105 5155 4789
f 5629 4951 4789
f 4951 5629 4955
f 5057 4955 5629
f 5057 5324 4953
f 5102 5216 5156
f 4847 5004 5274
f 4847 5274 5106
f 5159 5218 5160
f 5158 5108 5059
f 5277 5160 5219
f 5160 5220 5109
f 5160 5277 5220
f 5060 5062 5395
f 5276 5061 5395
f 5109 5220 5064
f 5109 5064 5063
f 5008 5278 5110
f 5063 5064 5111
f 5162 5064 5220
f 5110 5278 5163
f 4906 5279 5221
f 5112 5280 5281
f 5164 5280 5112
f 5011 5163 5224
f 5165 5223 5112
f 5282 5066 5065
f 4853 5015 5226
f 5112 5167 5168
f 5288 5226 5015
f 4908 5113 5169
f 5068 5114 5170
f 5169 5113 5115
f 5013 5068 5175
f 5172 5175 5068
f 4860 4961 5176
f 5174 5176 4961
f 4961 4855 5174
f 4860 5176 5070
f 5175 5172 5230
f 5116 5071 5291
f 5175 5230 5117
f 5070 5341 5232
f 5231 5117 5230
f 5118 5232 5234
f 5118 5234 5072
f 5231 5233 5295
f 5119 4966 5295
f 5179 5296 5344
f 5180 5236 5074
f 5236 5413 5074
f 5021 5022 5178
f 5181 5121 5074
f 5022 5239 5347
f 5022 5347 5178
f 5122 5120 5182
f 5120 5121 5237
f 5121 5181 5237
f 5122 5182 5075
f 5023 5481 5238
f 5240 5182 5237
f 5025 5081 5187
f 5024 5240 5125
f 5300 5125 5240
f 5192 5187 5081
f 5124 5242 5188
f 5190 5030 5298
f 5083 5298 5030
f 5191 5249 5189
f 5248 5126 5080
f 5127 5251 5082
f 5082 5251 5191
f 5191 5251 5249
f 5127 5548 5251
f 5084 5253 5195
f 5133 5193 5035
f 5130 5304 5032
f 5129 5128 5131
f 5130 5197 5304
f 5196 5259 5258
f 5133 5038 5260
f 5131 5128 5369
f 5132 5134 5257
f 5260 5038 5258
f 5033 5200 5202
f 4928 5254 5201
f 5033 5088 5200
f 5135 5198 5261
f 5135 5436 5262
f 5309 5136 5201
f 5136 5309 5266
f 5207 5044 5266
f 5266 5044 5043
f 5313 5312 5139
f 5313 5139 5208
f 5139 5314 5208
f 5141 5210 5209
f 5142 5211 5094
f 5094 5211 5269
f 5209 5505 5315
f 5272 4887 5315
f 5142 5145 5213
f 5443 5146 5099
f 5271 5273 5214
f 5149 5152 5212
f 5324 5055 4953
f 5156 5320 5104
f 5151 5323 5154
f 5216 5386 5156
f 5158 5388 5159
f 5160 5218 5219
f 5157 5161 5396
f 5062 5009 5221
f 5062 5221 5395
f 5008 5328 5278
f 5222 5327 5280
f 5278 5224 5163
f 5222 5280 5164
f 5164 5112 5223
f 5011 5224 5166
f 4853 5226 5225
f 5332 5167 5281
f 5165 5168 5334
f 5113 5066 5285
f 5335 5114 5171
f 5287 5113 5285
f 5113 5287 5115
f 5227 5170 5286
f 5170 5227 5068
f 5227 5172 5068
f 5287 5228 5115
f 5287 5337 5228
f 5115 5228 5174
f 5291 5173 5116
f 5174 5228 5229
f 5172 5227 5289
f 5176 5174 5341
f 5172 5289 5230
f 5292 5230 5289
f 4964 5177 5235
f 5176 5341 5070
f 5230 5292 5294
f 5230 5294 5231
f 5071 5072 5410
f 5231 5294 5233
f 5072 5234 5410
f 5179 5021 5296
f 5344 5236 5180
f 5021 5178 5345
f 5021 5345 5296
f 5074 5413 5181
f 5120 5237 5182
f 5023 5119 5481
f 5239 5348 5347
f 5186 5349 4969
f 5238 5242 5124
f 5186 5077 5078
f 5186 5078 5244
f 5241 5184 5299
f 5241 5299 5353
f 5184 5025 5299
f 5025 5245 5299
f 5025 5187 5245
f 5185 5188 5424
f 5078 5190 5244
f 5187 5246 5245
f 5187 5192 5246
f 5192 5301 5247
f 5249 5080 5189
f 5487 5125 5300
f 5249 5248 5080
f 5192 5028 5250
f 5192 5250 5301
f 5125 5487 5127
f 5357 5128 5126
f 5031 5250 5194
f 5084 5252 5253
f 5302 5195 5253
f 4928 5304 5254
f 5133 5255 5193
f 5357 5256 5128
f 5259 5260 5258
f 5255 5133 5260
f 5199 5559 5198
f 5369 5197 5131
f 5128 5256 5369
f 5559 5261 5198
f 5306 5134 4981
f 5263 5199 5203
f 5201 5254 5367
f 5307 5306 4981
f 4981 5089 5307
f 5261 5436 5135
f 5202 5200 5264
f 5203 8962 5263
f 5205 5262 5371
f 5088 5138 5265
f 8963 5206 5311
f 5137 5267 5206
f 5267 5375 5206
f 5268 5207 5266
f 5207 5268 5139
f 5269 5378 5140
f 5140 5378 5144
f 5142 5213 5211
f 5144 5270 5212
f 5379 5443 5099
f 5146 5443 5317
f 5270 5149 5212
f 5145 5316 5380
f 5215 5150 5385
f 5215 5385 5273
f 5147 5319 5151
f 5323 5151 5321
f 5447 5216 5149
f 5629 4789 5155
f 5106 5274 5105
f 5004 5058 5274
f 5058 5275 5274
f 5217 5154 5059
f 5388 5158 5449
f 5390 5218 5159
f 5058 4899 5275
f 4899 5157 5275
f 5154 5158 5059
f 5218 5391 5219
f 5219 5391 5277
f 5395 5221 5518
f 5161 5276 5396
f 5399 5518 5221
f 5164 5327 5222
f 5224 5278 5398
f 5330 5164 5223
f 5165 5330 5223
f 5284 5330 5165
f 5225 5279 4906
f 5224 5398 5282
f 5166 5224 5282
f 5165 5334 5284
f 5167 5332 5168
f 5066 5282 5285
f 5168 5332 5522
f 5168 5522 5334
f 5470 5286 5170
f 5171 5173 5335
f 5228 5337 5290
f 4964 5235 5288
f 5174 5229 5341
f 5228 5290 5229
f 5339 5292 5289
f 5071 5410 5291
f 5232 5341 5340
f 5292 5339 5294
f 5410 5234 5411
f 5295 5233 5294
f 5235 5177 5414
f 5235 5414 5293
f 5645 5296 5345
f 5296 5645 5344
f 5529 5236 5344
f 5236 5529 5413
f 5413 5297 5181
f 5346 5181 5297
f 5181 5346 5237
f 5237 5346 5351
f 5241 5353 5123
f 5243 5123 5534
f 5350 5534 5123
f 5353 5350 5123
f 5240 5237 5351
f 5240 5351 5420
f 5244 5349 5186
f 5190 5416 5244
f 5298 5416 5190
f 5298 5243 5355
f 5240 5420 5300
f 5247 5246 5192
f 5127 5487 5548
f 5249 5550 5248
f 5248 5550 5126
f 5126 5550 5357
f 5194 5250 5028
f 5251 5548 5356
f 5193 5427 5250
f 5193 5250 5031
f 5253 5252 5358
f 5253 5358 5302
f 5193 5255 5427
f 5368 5254 5304
f 5302 5361 5196
f 5196 5361 5259
f 5260 5303 5255
f 5364 5259 5361
f 5260 5259 5364
f 5304 5197 5305
f 5197 5369 5305
f 5200 5088 5308
f 5371 5262 5436
f 5088 5265 5308
f 5089 5205 5435
f 5089 5435 5307
f 5367 5309 5201
f 5265 5138 5312
f 5266 5309 5310
f 5374 5266 5310
f 5266 5374 5268
f 5376 5206 5375
f 5311 5206 5376
f 5441 5313 5208
f 5139 5268 5314
f 5269 5211 5378
f 5378 5504 5144
f 5272 5315 5573
f 5272 5573 5316
f 5318 5317 5444
f 5383 5214 5273
f 5104 5384 5099
f 5318 5382 5147
f 5147 5382 5510
f 5147 5510 5319
f 5320 5384 5104
f 5150 5055 5448
f 5319 5321 5151
f 5387 5448 5055
f 5055 5324 5387
f 5447 5322 5216
f 5386 5320 5156
f 5155 5105 5451
f 5057 5629 5324
f 5216 5322 5455
f 5154 5323 5449
f 5154 5449 5158
f 5159 5388 5389
f 5390 5159 5389
f 5391 5218 5390
f 5157 5325 5275
f 5393 5277 5391
f 5326 5277 5393
f 5277 5326 5220
f 5326 5162 5220
f 5326 5328 5008
f 5326 5008 5162
f 5328 5397 5278
f 5398 5278 5397
f 5164 5329 5327
f 5221 5279 5399
f 5164 5465 5329
f 5164 5330 5465
f 5330 5284 5331
f 5400 5280 5327
f 5284 5283 5331
f 5331 5283 5282
f 5331 5282 5398
f 5280 5400 5281
f 5283 5285 5282
f 5283 5284 5405
f 5283 5405 5285
f 5170 5333 5470
f 5333 5170 5402
f 5170 5114 5402
f 5405 5284 5334
f 5335 5402 5114
f 5286 5470 5403
f 5285 5401 5287
f 5173 5336 5335
f 5286 5403 5407
f 5286 5409 5227
f 5173 5291 5338
f 5227 5409 5289
f 5229 5290 5342
f 5290 5408 5526
f 5339 5289 5409
f 5229 5342 5341
f 5526 5342 5290
f 5232 5340 5234
f 5294 5339 5476
f 5339 5343 5476
f 5294 5476 5295
f 5531 5119 5295
f 5531 5481 5119
f 5414 4969 5349
f 5239 5183 5418
f 5239 5418 5348
f 5353 5352 5350
f 5183 5185 5418
f 5354 5244 5416
f 5416 5298 5355
f 5299 5421 5417
f 5299 5417 5353
f 5244 5354 5349
f 5355 5243 5534
f 5421 5299 5422
f 5299 5245 5422
f 5603 5242 5238
f 5245 5246 5547
f 5245 5547 5422
f 5603 5188 5242
f 5185 5424 5423
f 5486 5188 5603
f 5250 5490 5301
f 5251 5356 5249
f 5249 5356 5550
f 5427 5490 5250
f 5084 5360 5252
f 5252 5360 5425
f 5252 5425 5358
f 5358 5359 5302
f 5361 5302 5359
f 5255 5362 5427
f 5357 5430 5256
f 5360 5084 5363
f 5132 5363 5084
f 5257 5363 5132
f 5260 5364 5303
f 5303 5362 5255
f 5365 5257 5134
f 5134 5306 5365
f 5559 5199 5263
f 5304 5305 5368
f 5261 5366 5436
f 5308 5264 5200
f 5309 5367 5370
f 5205 5371 5435
f 5263 5372 5437
f 5370 5310 5309
f 5372 5311 5437
f 5499 5437 5311
f 5265 5312 5373
f 5567 5311 5376
f 5500 5375 5267
f 5312 5313 5498
f 5441 5498 5313
f 5208 5377 5441
f 5314 5268 5439
f 5208 5314 5377
f 5211 5442 5378
f 5213 5145 5507
f 5443 5624 5317
f 5575 5317 5624
f 5317 5575 5444
f 5379 5099 5384
f 5316 5573 5380
f 5318 5444 5382
f 5273 5385 5383
f 5447 5149 5381
f 5384 5320 5386
f 5319 5510 5321
f 5455 5386 5216
f 5389 5454 5390
f 5105 5274 5722
f 5390 5454 5391
f 5275 5586 5274
f 5394 5392 5516
f 5392 5460 5456
f 5157 5396 5325
f 5464 5392 5394
f 5392 5464 5460
f 5397 5326 5393
f 5328 5326 5397
f 5329 5463 5327
f 5393 5465 5397
f 5330 5331 5465
f 5279 5225 5520
f 5400 5468 5281
f 5469 5281 5468
f 5226 5288 5225
f 5332 5281 5469
f 5405 5401 5285
f 5332 5591 5522
f 5335 5336 5402
f 5522 5404 5334
f 5334 5404 5405
f 5405 5406 5401
f 5405 5404 5406
f 5401 5337 5287
f 5336 5173 5524
f 5173 5338 5524
f 5406 5404 5471
f 5406 5471 5401
f 5407 5593 5286
f 5401 5471 5337
f 5286 5593 5409
f 5337 5471 5408
f 5337 5408 5290
f 5527 5340 5341
f 5342 5527 5341
f 5235 5293 5474
f 5234 5340 5411
f 5339 5409 5343
f 5412 5293 5414
f 5295 5476 5528
f 5344 5645 5529
f 5529 5477 5413
f 5415 5345 5178
f 5477 5478 5297
f 5297 5413 5477
f 5178 5347 5415
f 5479 5415 5347
f 5346 5297 5478
f 5346 5482 5351
f 5534 5350 5535
f 5352 5535 5350
f 5351 5482 5541
f 5417 5352 5353
f 5416 5355 5538
f 5545 5419 5547
f 5351 5541 5420
f 5422 5547 5419
f 5421 5422 5488
f 5246 5247 5547
f 5424 5188 5486
f 5358 5425 5429
f 5356 5609 5550
f 5550 5426 5357
f 5428 5357 5426
f 5429 5360 5552
f 5360 5429 5425
f 5489 5361 5359
f 5430 5357 5428
f 5360 5363 5552
f 5361 5489 5558
f 5303 5364 5362
f 5254 5556 5612
f 5368 5433 5254
f 5430 5553 5431
f 5363 5257 5492
f 5257 5365 5492
f 5256 5430 5431
f 5365 5306 5432
f 5254 5612 5367
f 5305 5433 5368
f 5431 5668 5256
f 5369 5256 5668
f 5436 5366 5563
f 5437 5559 5263
f 5369 5668 5434
f 5373 5264 5308
f 5308 5265 5373
f 5367 5497 5370
f 5434 5305 5369
f 5310 5370 5497
f 5311 5567 5499
f 5267 5498 5500
f 5373 5312 5498
f 5567 5438 5499
f 5268 5374 5439
f 5374 5310 5439
f 5440 5567 5376
f 5376 5375 5440
f 5439 5569 5314
f 5377 5314 5569
f 5506 5505 5209
f 5209 5210 5506
f 5709 5506 5210
f 5442 5211 5213
f 5507 5442 5213
f 5144 5572 5270
f 5508 5709 5210
f 5505 5817 5315
f 5315 5817 5573
f 5210 5271 5508
f 5214 5508 5271
f 5214 5383 5577
f 5149 5675 5381
f 5145 5380 5445
f 5383 5385 5446
f 5385 5150 5446
f 5512 5384 5386
f 5510 5449 5321
f 5455 5512 5386
f 5321 5449 5323
f 5449 5450 5388
f 5450 5454 5389
f 5450 5389 5388
f 5453 5452 5515
f 5456 5458 5392
f 5587 5586 5275
f 5275 5325 5587
f 5516 5584 5457
f 5458 5585 5392
f 5585 5516 5392
f 5394 5516 5457
f 5456 5517 5459
f 5393 5459 5517
f 5459 5393 5391
f 5462 5325 5396
f 5456 5460 5517
f 5276 5395 5681
f 5457 5519 5394
f 5464 5463 5460
f 5276 5681 5461
f 5276 5461 5396
f 5396 5461 5462
f 5465 5393 5517
f 5724 5394 5519
f 5394 5724 5464
f 5327 5463 5464
f 5517 5463 5329
f 5465 5517 5329
f 5465 5466 5397
f 5398 5397 5466
f 5767 5327 5464
f 5466 5465 5331
f 5466 5331 5398
f 5279 5520 5725
f 5520 5225 5467
f 5467 5225 5637
f 5400 5521 5468
f 5336 5592 5402
f 5522 5523 5404
f 5523 5595 5404
f 5288 5235 5525
f 5338 5291 5524
f 5291 5410 5524
f 5404 5595 5471
f 5408 5471 5596
f 5235 5474 5525
f 5593 5472 5473
f 5593 5473 5409
f 5411 5594 5410
f 5340 5527 5475
f 5340 5475 5411
f 5342 5526 5527
f 5409 5473 5343
f 5412 5414 5599
f 5295 5528 5690
f 5345 5734 5645
f 5345 5415 5692
f 5345 5692 5734
f 5414 5349 5648
f 5533 5479 5347
f 5348 5533 5347
f 5348 5418 5533
f 5605 5346 5478
f 5482 5346 5605
f 5534 5535 5651
f 5480 5484 5530
f 5605 5478 5530
f 5349 5354 5537
f 5352 5417 5483
f 5603 5238 5481
f 5534 5538 5355
f 5417 5421 5485
f 5417 5485 5540
f 5419 5545 8965
f 5423 5418 5185
f 5421 5488 8966
f 5300 5420 5487
f 5301 5490 5247
f 5356 5548 5544
f 5429 5551 5358
f 5358 5551 5359
f 5610 5359 5551
f 5359 5610 5489
f 5490 5427 5491
f 5609 5356 5544
f 5551 5429 5552
f 5362 5491 5427
f 5430 5428 5553
f 5491 5362 5364
f 5492 5554 5363
f 5492 5493 5554
f 5493 5492 5665
f 5492 5365 5665
f 5665 5365 5432
f 5361 5558 5364
f 5432 5306 5494
f 5261 5559 5555
f 5306 5307 5495
f 5306 5495 5494
f 5612 5497 5367
f 5307 5435 5495
f 5559 5437 5565
f 5305 5496 5433
f 5496 5305 5434
f 5563 5371 5436
f 5437 5499 5565
f 5567 5568 5438
f 5438 5568 5499
f 5502 5440 5375
f 5375 5500 5502
f 5441 5502 5500
f 5500 5498 5441
f 5440 5502 5501
f 5377 5502 5441
f 5377 5569 5503
f 5570 5503 5569
f 5378 5622 5504
f 5504 5622 5144
f 5144 5622 5572
f 5379 5509 5443
f 5577 5508 5214
f 5270 5675 5149
f 5574 5509 5379
f 5575 5578 5444
f 5379 5384 5626
f 5445 5380 5573
f 5384 5512 5626
f 5446 5150 5448
f 5382 5579 5511
f 5382 5511 5510
f 5447 5678 5322
f 5453 5513 5628
f 5510 5511 5450
f 5510 5450 5449
f 5322 5678 5720
f 5512 5455 5581
f 5511 5454 5450
f 5629 5155 5451
f 5455 5634 5581
f 5514 5454 5511
f 5387 5324 5633
f 5629 5632 5324
f 5514 5391 5454
f 5634 5322 5720
f 5322 5634 5455
f 5452 5584 5515
f 5458 5456 5514
f 5514 5456 5459
f 5514 5459 5391
f 5274 5586 5722
f 5584 5516 5515
f 5584 5680 5457
f 5517 5460 5463
f 5457 5680 5519
f 5589 5518 5399
f 5724 5519 5636
f 5767 5464 5724
f 5399 5279 5589
f 5725 5589 5279
f 5400 5327 5521
f 5468 5521 5590
f 5468 5590 5469
f 5288 5637 5225
f 5470 5683 5403
f 5470 5333 5683
f 5639 5683 5333
f 5402 5639 5333
f 5336 5524 5592
f 5523 5522 5727
f 5403 5683 5685
f 5403 5593 5407
f 5410 5594 5524
f 5641 5472 5593
f 5595 5596 5471
f 5596 5643 5408
f 5408 5643 5526
f 5474 5293 5412
f 5788 5476 5343
f 5528 5476 5788
f 5599 5414 5693
f 5531 5295 5690
f 5530 5478 5647
f 5480 5530 5532
f 5793 5481 5531
f 5352 5483 5535
f 5539 5535 5483
f 5483 5417 5539
f 5540 5539 5417
f 5605 5530 5484
f 5482 5605 5541
f 5653 5537 5354
f 5416 5653 5354
f 5485 8966 5540
f 8965 5545 5607
f 5542 5420 5541
f 5544 5487 5420
f 5420 5542 5544
f 5487 5544 5548
f 5546 5549 5656
f 5549 5247 5491
f 5490 5491 5247
f 5552 5554 5551
f 5553 5428 5658
f 5552 5363 5554
f 5489 5557 5558
f 5556 5254 5433
f 5493 5665 5557
f 5433 5562 5556
f 5261 5555 5366
f 5559 5565 5560
f 5553 5561 5431
f 5495 5614 5494
f 5495 5435 5564
f 5433 5496 5562
f 5435 5371 5564
f 5434 5668 5806
f 5371 5566 5564
f 5371 5563 5566
f 5434 5806 5496
f 5440 5501 5567
f 5567 5617 5568
f 5501 5617 5567
f 5310 5569 5439
f 5501 5502 5621
f 5621 5502 5571
f 5502 5377 5503
f 5502 5503 5571
f 5442 5673 5378
f 5622 5378 5673
f 5505 5506 5674
f 5442 5507 5623
f 5505 5674 5817
f 5445 5623 5507
f 5507 5145 5445
f 5443 5509 5624
f 5577 5709 5508
f 5379 5626 5574
f 5575 5624 5576
f 5578 5575 5576
f 5446 5577 5383
f 5675 5760 5381
f 5578 5576 5625
f 5627 5444 5578
f 5580 5578 5625
f 5578 5580 5627
f 5444 5579 5382
f 5444 5627 5579
f 5446 5448 5717
f 5512 5581 5626
f 5513 5580 5625
f 5381 5678 5447
f 5513 5625 5628
f 5579 5582 5511
f 5511 5582 5631
f 5513 5453 5583
f 5511 5631 5514
f 5453 5628 5719
f 5453 5515 5583
f 5452 5453 5719
f 5632 5629 5763
f 5324 5632 5633
f 5516 5585 5458
f 5516 5458 5515
f 5325 5462 5587
f 5518 5681 5395
f 5588 5461 5681
f 5461 5588 5462
f 5467 5768 5520
f 5725 5520 5768
f 5590 5774 5469
f 5469 5774 5638
f 5469 5638 5332
f 5689 5592 5524
f 5403 5685 5593
f 5524 5594 5689
f 5525 5474 5644
f 5598 5594 5411
f 5411 5475 5598
f 5597 5527 5526
f 5526 5643 5597
f 5475 5527 5598
f 5597 5598 5527
f 5474 5412 5599
f 5472 5600 5473
f 5473 5600 5343
f 5600 5788 5343
f 5645 5646 5529
f 5477 5529 5735
f 5477 5735 5478
f 5648 5693 5414
f 5647 5532 5530
f 5648 5349 5537
f 5534 5651 5652
f 5535 5539 5601
f 5796 5481 5793
f 5537 5653 5602
f 5538 5534 5652
f 5538 5652 5654
f 5540 5655 5539
f 5655 5607 5695
f 5481 5796 5603
f 5484 5543 5605
f 5416 5538 5744
f 5541 5605 5542
f 5484 5604 5543
f 5486 5603 5424
f 5604 5608 5543
f 5545 5547 5546
f 5545 5546 5607
f 5609 5542 5606
f 5546 5547 5549
f 5547 5247 5549
f 5604 5747 5608
f 5542 5609 5544
f 5609 5426 5550
f 5491 5656 5549
f 5664 5608 5747
f 5608 5664 5658
f 5553 5658 5664
f 5426 5658 5428
f 5551 5554 5610
f 5493 5610 5554
f 5610 5493 5489
f 5557 5489 5493
f 5364 5656 5491
f 5558 5613 5364
f 5558 5557 5613
f 5562 5612 5556
f 5432 5494 5614
f 5612 5562 5667
f 5431 5561 5668
f 5495 5564 5614
f 5564 5566 5614
f 5563 5366 5666
f 5612 5703 5497
f 5562 5496 5707
f 5565 5616 5615
f 5497 5811 5310
f 5707 5496 5812
f 5499 5616 5565
f 5503 5570 5754
f 5442 5623 5673
f 5675 5270 5572
f 5711 5573 5817
f 5574 5626 5853
f 5714 5573 5711
f 5573 5714 5445
f 5513 5583 5580
f 5627 5580 5582
f 5627 5582 5579
f 5448 5387 5717
f 5580 5583 5582
f 5582 5583 5631
f 5630 5631 5583
f 5630 5583 5515
f 5458 5631 5630
f 5631 5458 5514
f 5722 5451 5105
f 5723 5634 5821
f 5452 5719 5584
f 5721 5584 5719
f 5458 5630 5515
f 5586 5587 5679
f 5721 5680 5584
f 5635 5681 5518
f 5462 5588 5765
f 5589 5635 5518
f 5519 5682 5636
f 5327 5767 5874
f 5327 5874 5521
f 5332 5638 5591
f 5288 5684 5637
f 5522 5591 5727
f 5592 5689 5640
f 5523 5727 5686
f 5523 5686 5595
f 5685 5641 5593
f 5594 5730 5689
f 5594 5642 5730
f 5594 5598 5642
f 5597 5643 5831
f 5472 5641 5787
f 5644 5474 5599
f 5528 5788 5690
f 5415 5479 5694
f 5415 5694 5692
f 5479 5533 5742
f 5650 5535 5601
f 5532 5649 5480
f 5536 5650 5601
f 5423 5533 5418
f 5539 5655 5601
f 5601 5655 5536
f 5695 5536 5655
f 5744 5602 5653
f 5744 5538 5697
f 5654 5697 5538
f 5606 5605 5543
f 5542 5605 5606
f 5656 5746 5546
f 5603 5745 5424
f 5424 5745 5423
f 5606 5543 5658
f 5606 5658 5609
f 5609 5658 5426
f 5659 5657 5364
f 5657 5656 5364
f 5660 5557 5661
f 5613 5659 5364
f 5660 5613 5557
f 5555 5559 5611
f 5557 5665 5661
f 5555 5611 5662
f 5611 5559 5663
f 5611 5663 5662
f 5559 5560 5663
f 5432 5614 5700
f 5432 5700 5665
f 5366 5555 5805
f 5366 5805 5666
f 5612 5667 5703
f 5560 5565 5615
f 5614 5566 5704
f 5496 5806 5706
f 5497 5703 5811
f 5499 5670 5616
f 5499 5568 5670
f 5910 5671 5669
f 5848 5310 5811
f 5617 5670 5568
f 5670 5671 5910
f 5617 5618 5670
f 5670 5618 5619
f 5670 5619 5671
f 5617 5620 5618
f 5618 5620 5619
f 5619 5672 5671
f 5617 5501 5621
f 5617 5621 5620
f 5620 5621 5571
f 5620 5571 5619
f 5619 5571 5503
f 5619 5503 5672
f 5672 5503 5754
f 5673 5755 5622
f 5572 5622 5755
f 5445 5710 5623
f 5509 5676 5624
f 5576 5624 5676
f 5713 5709 5577
f 5714 5710 5445
f 5577 5446 5713
f 5626 5716 5853
f 5446 5717 5677
f 5626 5581 5716
f 5625 5715 5628
f 5581 5634 5718
f 5628 5761 5719
f 5723 5718 5634
f 5451 5722 5861
f 5451 5861 5629
f 5629 5861 5763
f 5634 5720 5821
f 5722 5586 5764
f 5586 5679 5764
f 5680 5721 5766
f 5587 5765 5679
f 5462 5765 5587
f 5681 5824 5588
f 5725 5877 5589
f 5724 5826 5767
f 5521 5874 5770
f 5590 5771 5774
f 5884 5683 5829
f 5683 5639 5728
f 5402 5592 5639
f 5683 5780 5685
f 5686 5779 5595
f 5596 5781 5643
f 5831 5643 5781
f 5831 5783 5597
f 5600 5472 5787
f 5644 5599 5732
f 5693 5732 5599
f 5478 5735 5647
f 5647 5735 5532
f 5690 5691 5531
f 5736 5694 5479
f 5793 5531 5691
f 5649 5532 5735
f 5742 5736 5479
f 5537 5602 5648
f 5535 5650 5651
f 5533 5696 5742
f 5533 5423 5696
f 5480 5649 5484
f 5652 5651 5739
f 5653 5416 5744
f 5741 5607 5798
f 5797 5696 5423
f 5603 5796 5745
f 5546 5746 5607
f 5608 5658 5543
f 5746 5656 5657
f 5746 5657 5748
f 5613 5698 5659
f 5699 5660 5661
f 5699 5749 5660
f 5660 5750 5613
f 5661 5665 5700
f 5555 5662 5701
f 5555 5701 5805
f 5662 5663 5702
f 5662 5702 5701
f 5663 5560 5702
f 5666 5805 5616
f 5664 5844 5553
f 5561 5553 5844
f 5700 5614 5804
f 5614 5704 5804
f 5666 5616 5845
f 5666 5845 5563
f 5667 5562 5705
f 5561 5952 5668
f 5806 5668 5952
f 5562 5707 5705
f 5566 5563 5808
f 5812 5496 5706
f 5616 5670 5809
f 5671 5672 5669
f 5708 5669 5672
f 5848 5814 5310
f 5310 5814 5569
f 5672 5850 5708
f 5672 5754 5850
f 6005 5570 5569
f 5758 5817 5674
f 5816 5623 5710
f 5676 5509 5759
f 5509 5574 5759
f 5576 5676 5818
f 5712 5576 5818
f 5576 5856 5625
f 5854 5713 5446
f 5715 5625 5856
f 5677 5854 5446
f 5678 5381 5819
f 5581 5718 5716
f 5633 5717 5387
f 5678 5821 5720
f 5680 5766 5519
f 5681 5873 5824
f 5588 5824 5765
f 5521 5770 5590
f 5775 5638 5774
f 5591 5638 5726
f 5591 5726 5727
f 5684 5288 6028
f 5884 5780 5683
f 5729 5728 5639
f 5639 5592 5729
f 5729 5592 5640
f 5685 5780 5641
f 5689 5729 5640
f 5779 5686 5727
f 5689 5687 5729
f 5596 5595 5779
f 5688 5641 5780
f 5730 5687 5689
f 5786 5525 5644
f 5787 5641 5688
f 5730 5642 5731
f 5598 5731 5642
f 5598 5597 5785
f 5783 5785 5597
f 5600 5787 5788
f 5644 5732 5836
f 5789 5836 5732
f 5733 5690 5788
f 5690 5733 5691
f 5649 5735 5792
f 5536 5740 5650
f 5648 5602 5737
f 5536 5695 5740
f 5602 5743 5737
f 5652 5739 5738
f 5607 5794 5695
f 5607 5741 5794
f 5696 5797 5742
f 5649 5901 5484
f 5743 5602 5744
f 5841 5604 5484
f 5654 8970 5697
f 5799 5745 5796
f 5423 5745 5797
f 5746 5798 5607
f 5747 5604 5841
f 5659 5748 5657
f 5801 5750 5749
f 5750 5801 5751
f 5751 5613 5750
f 5752 5751 5801
f 5751 5698 5613
f 5751 5752 5698
f 5698 5752 5659
f 5749 5750 5660
f 5661 5802 5699
f 5661 5700 5802
f 5747 5803 5664
f 5701 5702 5615
f 5701 5615 5805
f 5702 5560 5615
f 5844 5664 5803
f 5804 5704 5753
f 5703 5667 5705
f 5807 5704 5566
f 5845 5808 5563
f 5707 5847 5705
f 5566 5808 5810
f 5566 5810 5807
f 5703 5705 5811
f 5809 5670 5910
f 5569 5814 6005
f 5570 6005 5754
f 5506 5756 5674
f 5506 5709 5756
f 5757 5756 5709
f 5852 5757 5709
f 5817 5913 5711
f 5574 5853 5759
f 5576 5712 5856
f 5381 5760 5855
f 5381 5855 5819
f 5715 5761 5628
f 5717 5633 5820
f 5819 5821 5678
f 5633 5632 5820
f 5722 5860 5861
f 5719 5762 5721
f 5821 5862 5723
f 5921 5822 5766
f 5766 5682 5519
f 5766 5822 5682
f 5873 5681 5635
f 5765 5824 5825
f 5589 5877 5635
f 5636 5826 5724
f 5877 5725 5769
f 5768 5769 5725
f 5590 5876 5771
f 5771 5772 5774
f 5876 5590 5770
f 5467 5637 5684
f 5774 5772 5773
f 5828 5776 5773
f 5638 5775 5726
f 5830 5829 5683
f 5777 5775 5774
f 5774 5773 5777
f 5773 5776 5777
f 5830 5683 5728
f 5726 5775 5727
f 5775 5777 5779
f 5779 5727 5775
f 5878 5777 5776
f 5728 5832 5886
f 5728 5729 5832
f 5781 5779 5777
f 5779 5781 5596
f 5782 5832 5729
f 5729 5687 5782
f 5786 5288 5525
f 5731 5782 5687
f 5687 5730 5731
f 5731 5598 5785
f 5731 5785 5784
f 5644 5836 5786
f 5787 5891 5788
f 5732 8967 5789
f 5732 5790 8967
f 5837 5733 5788
f 5693 5790 5732
f 5692 5894 5734
f 5692 5694 5894
f 5734 5894 5645
f 5645 5894 5646
f 5646 5894 5943
f 5646 5943 5529
f 5837 5892 5691
f 5837 5691 5733
f 5529 5943 5735
f 5693 5648 5791
f 5693 5791 5790
f 5735 5943 5792
f 5648 5737 5791
f 5737 5988 5791
f 5737 8969 8971
f 5737 8971 5988
f 5738 5739 5897
f 5651 5650 5740
f 5741 5795 5839
f 5793 5839 5796
f 5741 5798 5795
f 8970 5744 5697
f 5484 5901 5841
f 5746 5748 5798
f 5800 5747 5841
f 5659 5752 5748
f 5801 5802 5752
f 5699 5801 5749
f 5801 5699 5802
f 5804 5802 5700
f 5561 5844 5952
f 5808 5845 5907
f 5910 5669 5908
f 5706 5846 5812
f 5707 5812 5912
f 5669 5708 5908
f 5755 6008 5572
f 5674 5756 5815
f 5674 5815 5957
f 5674 5957 5758
f 5572 6011 5675
f 5852 5709 5854
f 5710 5714 5816
f 5709 5713 5854
f 5675 5959 5760
f 5711 5913 5714
f 5716 5966 5853
f 5716 5718 5858
f 5859 5761 5715
f 5761 5859 5719
f 5859 5762 5719
f 5861 6018 5763
f 5763 6018 5632
f 5862 6056 5723
f 5920 5764 5679
f 5920 5679 5765
f 5823 5682 5822
f 5682 5823 5636
f 5826 5636 5823
f 5826 5871 5767
f 5767 5871 5874
f 6252 5769 5768
f 5768 5467 6252
f 5772 5827 5773
f 5827 5828 5773
f 5884 5829 5879
f 5776 5828 5878
f 5878 5934 5777
f 5728 5886 5778
f 5777 5934 5781
f 5831 5781 5934
f 5889 5782 5784
f 5782 5731 5784
f 5834 5784 5785
f 5834 5785 5833
f 5833 5785 5783
f 5783 5831 5936
f 5890 5787 5688
f 5786 5836 5835
f 5891 5787 5890
f 5788 5891 5837
f 5789 8967 5836
f 5790 5791 5893
f 5694 5945 5894
f 5791 5988 5896
f 5892 5839 5793
f 5892 5793 5691
f 5736 5838 5694
f 5736 5742 5838
f 5651 5740 5840
f 5695 5794 5740
f 5794 5741 5839
f 5649 5792 5901
f 5900 5901 5792
f 5840 5739 5651
f 5948 5742 5797
f 5743 5744 8970
f 5842 5795 5798
f 5797 5745 5948
f 5799 5796 5839
f 5839 5994 5799
f 5904 5798 5748
f 5799 5902 5745
f 5748 5752 5904
f 5800 5841 5803
f 5802 5843 5752
f 5752 5843 5904
f 5803 5747 5800
f 5804 5843 5802
f 5906 5843 5804
f 5616 5805 5615
f 5616 5953 5845
f 5952 5999 5806
f 5706 5806 5999
f 5847 5707 5912
f 5911 5810 5808
f 5705 5847 5811
f 5849 5811 5847
f 5807 5810 5911
f 5811 5849 5848
f 6004 5812 5846
f 5912 5812 6004
f 5848 5849 5814
f 5813 5708 5850
f 5754 5851 5850
f 5754 6005 5851
f 6136 5572 6008
f 5623 5816 5958
f 5623 5958 5673
f 6011 5572 6136
f 5913 5758 5957
f 5758 5913 5817
f 5959 5675 6011
f 5676 5759 5914
f 5818 5962 5915
f 5818 5915 5712
f 5854 5677 5857
f 5677 5717 5857
f 5858 5966 5716
f 5717 5820 6019
f 5969 5762 5859
f 5970 5762 5969
f 5718 5723 5858
f 5721 5762 5918
f 5970 5918 5762
f 5722 5764 5860
f 5721 5918 5971
f 5766 5721 5971
f 5920 5765 5867
f 5865 5822 5863
f 5822 5921 5863
f 5863 5864 5865
f 5870 5822 5865
f 5865 5864 5868
f 5825 5867 5765
f 5872 5823 5822
f 5822 5870 5872
f 5865 5868 5870
f 5864 5866 5868
f 5869 5868 5866
f 5866 6023 5869
f 5766 5976 5921
f 5823 5872 5871
f 5868 5869 5925
f 5823 5871 5826
f 5870 5868 5875
f 5868 5925 5875
f 5873 5978 5824
f 5824 5978 5825
f 5874 5872 5870
f 5870 5875 5874
f 5872 5874 5871
f 5874 5875 5770
f 5925 5772 5771
f 5875 5876 5770
f 5878 5828 5930
f 5829 5979 5879
f 5830 5880 5829
f 5830 5881 5880
f 5931 5929 5982
f 5830 5728 5778
f 5830 5883 5881
f 5881 5883 5933
f 5881 5933 5882
f 5886 5830 5778
f 5830 5886 5883
f 5884 5885 5780
f 5886 5937 5883
f 5886 5832 5937
f 5883 5937 5933
f 5934 5887 5831
f 5832 5889 5937
f 5831 5887 5936
f 5832 5782 5889
f 5888 5834 5833
f 5783 5938 5833
f 5938 5783 5936
f 5288 5786 6113
f 5834 5940 5784
f 5890 5941 5891
f 8967 5790 5893
f 5892 5987 5944
f 5694 5838 5945
f 5792 5943 5895
f 5944 5839 5892
f 5944 5946 5839
f 5792 5895 5900
f 5989 5898 5897
f 5897 5739 5989
f 5840 5740 5899
f 5742 5948 5838
f 5901 5900 5841
f 5842 5839 5795
f 5839 5842 5994
f 5745 5902 5948
f 5798 5905 5950
f 5798 5950 5842
f 5904 5905 5798
f 5841 5903 5803
f 5903 5951 5803
f 5951 5844 5803
f 5753 5906 5804
f 6000 5845 5953
f 5753 5704 5807
f 5753 5807 6048
f 5907 5845 6000
f 5616 5809 5953
f 5706 5909 6090
f 5706 5999 5909
f 6001 5808 5907
f 5706 6090 5846
f 5808 6001 5911
f 5814 5849 6005
f 5813 5850 5955
f 5851 5955 5850
f 6007 5815 5756
f 6008 5755 5673
f 5913 5960 5714
f 5714 5960 5816
f 5676 5962 5818
f 5676 5914 5961
f 5676 5961 5962
f 5967 5759 5853
f 5759 5967 5914
f 5916 5914 5967
f 5959 5855 5760
f 5853 5966 5967
f 5917 5712 5915
f 5712 5917 5856
f 5965 5916 5967
f 5964 5857 5717
f 5855 5963 5819
f 5917 5715 5856
f 5715 5917 5859
f 5969 5859 5917
f 5963 6016 5819
f 5819 6016 5821
f 5821 6016 5862
f 5723 6056 5858
f 5632 6018 5820
f 5860 5764 6058
f 5972 5864 5863
f 5972 5919 5864
f 5919 5866 5864
f 5919 5922 6023
f 5919 6023 5866
f 5923 6023 5922
f 5869 6023 5924
f 5635 5926 5873
f 5869 5924 5925
f 5977 5827 5924
f 5875 5925 5876
f 5925 5924 5772
f 5827 5772 5924
f 5771 5876 5925
f 5877 5769 6061
f 5827 6024 5828
f 5467 6112 6252
f 5930 5828 6024
f 5927 5931 5928
f 5930 5928 5931
f 5927 5929 5931
f 5931 5983 5930
f 5880 5979 5829
f 5881 5979 5880
f 5882 5979 5881
f 5932 5930 5983
f 5930 5932 5878
f 5982 5983 5931
f 5878 5932 5934
f 5933 5935 6066
f 5934 5932 5887
f 5933 5937 5935
f 5288 6113 6028
f 5780 5885 5688
f 5888 5833 5938
f 5937 5889 5939
f 5889 5784 5939
f 5688 6033 5890
f 5784 5940 5939
f 5890 6033 5941
f 5836 8967 5985
f 8967 5986 5985
f 5891 5941 6071
f 8967 5893 5986
f 5837 5891 6071
f 5894 5945 6073
f 6035 5943 5894
f 5893 5791 5942
f 5943 6035 5895
f 5794 5839 6074
f 5740 6074 5899
f 5740 5794 6074
f 5838 5948 5991
f 5947 5841 5900
f 5841 5947 5903
f 5949 5799 5994
f 5799 5949 5902
f 5951 5903 5947
f 5997 5951 5947
f 5998 5904 5843
f 5904 5998 5905
f 5951 5997 5844
f 5844 5997 5952
f 5908 6089 5910
f 5912 5849 5847
f 5911 6048 5807
f 6001 6091 5911
f 5809 5910 5954
f 6089 6003 5910
f 5849 6093 6005
f 5956 5955 5851
f 5851 6005 5956
f 5756 5757 6006
f 5957 5815 6009
f 5673 5958 6008
f 5958 5816 6010
f 6011 6052 5959
f 5913 5957 5960
f 5959 6052 5855
f 5854 6013 6012
f 5916 5965 5914
f 5854 5857 6013
f 5717 6019 5964
f 5967 6142 5965
f 5917 5915 5968
f 5918 5970 6102
f 5860 6017 5861
f 5861 6017 6018
f 5820 6018 6019
f 5918 6102 5971
f 5764 5973 6058
f 6057 5766 5971
f 5764 5920 5973
f 5863 5921 5975
f 5974 5922 5919
f 5974 6021 5922
f 5766 6057 5976
f 5975 5921 5976
f 5922 6021 5923
f 5977 5924 6023
f 6109 5873 5926
f 5873 6109 5978
f 5635 5877 5926
f 6024 5827 5977
f 6257 6112 5467
f 5928 6026 5927
f 5467 5684 6257
f 5929 5927 6063
f 5980 6027 5979
f 5979 5882 5980
f 5929 6063 5982
f 5981 5980 5882
f 5882 5933 5981
f 6030 5932 5983
f 5982 6030 5983
f 6030 5887 5932
f 5935 5937 6031
f 5937 5939 6031
f 5888 5938 5834
f 5938 5936 5984
f 5936 5887 5984
f 5834 5938 6032
f 5938 5984 6032
f 5834 6032 5940
f 5786 5835 6113
f 5836 5985 5835
f 5986 5893 5942
f 6071 5892 5837
f 6071 6115 5892
f 5894 6073 6035
f 5791 5896 5942
f 5838 5991 5945
f 5739 5840 6038
f 6037 5900 5895
f 5989 5739 5990
f 5739 6038 5990
f 5992 5900 6037
f 5991 5948 6078
f 5993 5900 5992
f 6040 5948 5902
f 5900 5993 5947
f 6041 5947 5993
f 5993 6039 6041
f 5949 6182 5902
f 5947 6041 5997
f 6041 6044 5997
f 6046 5996 5995
f 5905 6045 5950
f 5997 6044 5952
f 5905 5998 6045
f 5952 6044 5999
f 5906 5753 6048
f 5809 6000 5953
f 6044 5909 5999
f 5809 5954 6000
f 6049 6047 5908
f 5908 5708 6049
f 6048 5911 6002
f 5954 5910 6003
f 5912 6093 5849
f 6002 5911 6091
f 5708 5813 6049
f 5955 6049 5813
f 6095 6093 5912
f 6004 6095 5912
f 6093 6134 6005
f 5756 6006 6007
f 6007 6009 5815
f 6008 6137 6136
f 6009 6010 5957
f 5958 6010 6051
f 5957 6010 5960
f 5960 6010 5816
f 5852 5854 6012
f 6052 5963 5855
f 5914 5965 6014
f 5914 6014 5961
f 5962 5961 5915
f 5964 6019 6100
f 5858 6141 5966
f 5966 6141 5967
f 5967 6141 6142
f 5965 6142 6053
f 5917 5968 5969
f 5858 6056 6104
f 5860 6058 6020
f 5860 6020 6017
f 6057 5971 6102
f 5862 6055 6056
f 6105 5972 5863
f 5867 5825 6150
f 6106 5975 5976
f 6107 6108 6021
f 6108 6022 6021
f 5923 6021 6022
f 5923 6060 6023
f 6150 5825 6110
f 6062 5923 6022
f 6154 5978 6109
f 5978 6154 5825
f 6022 6204 6062
f 6059 5977 6023
f 5877 6061 5926
f 6026 5928 6025
f 5930 6024 5928
f 5928 6024 6025
f 5879 5979 6064
f 5884 5879 5885
f 5982 6063 6029
f 6066 5935 6031
f 5982 6029 6030
f 6030 5984 5887
f 6163 5688 5885
f 6163 6033 5688
f 5939 5940 6031
f 5835 6070 6113
f 5835 5985 6070
f 5986 5942 6034
f 6115 5987 5892
f 6167 5944 6072
f 5944 5987 6072
f 5896 5988 6075
f 5946 6074 5839
f 5991 6078 6076
f 5948 6082 6078
f 5948 6040 6082
f 6042 6041 6039
f 5996 6085 6042
f 5902 6182 6040
f 5996 6081 5995
f 6044 6041 6042
f 5996 6046 6085
f 6183 6042 6085
f 6046 5995 6043
f 5843 5906 6086
f 5843 6086 5998
f 6047 6128 5908
f 5909 6044 6184
f 5954 5907 6000
f 5908 6128 6089
f 6047 6049 6087
f 6001 5907 6091
f 5846 6090 6132
f 6003 6089 6092
f 5956 6005 6134
f 6006 6193 6007
f 6008 5958 6135
f 6008 6135 6137
f 6006 5757 6192
f 6193 6096 6007
f 6009 6007 6050
f 6010 6009 6051
f 6011 6136 6052
f 6136 6228 6052
f 6052 6228 6294
f 5852 6012 6098
f 6052 6294 5963
f 5857 5964 6013
f 5963 6099 6016
f 6014 5915 5961
f 5858 6015 6141
f 6053 6198 5965
f 5965 6198 6014
f 5968 5915 6014
f 6015 5858 6104
f 5970 5969 6143
f 5969 5968 6143
f 6102 5970 6054
f 6017 6020 6018
f 6103 6018 6020
f 6018 6103 6019
f 6019 6103 6145
f 6016 6305 5862
f 6202 5974 5919
f 6149 6058 5973
f 6151 5863 5975
f 6107 6021 5974
f 5973 5920 6149
f 6108 6152 6022
f 6155 6109 5926
f 6110 5825 6154
f 6023 6060 6059
f 5977 6059 6024
f 6060 5923 6062
f 6022 6153 6204
f 6026 6025 6205
f 5979 6027 6064
f 6027 5980 6160
f 6064 6067 5879
f 5879 6067 5885
f 6063 6065 6261
f 6063 6261 6029
f 5885 6067 6163
f 6029 6068 6030
f 6030 6068 5984
f 6032 5984 6068
f 6032 6068 5940
f 6033 6071 5941
f 5986 6034 5985
f 6073 6036 6035
f 6035 6036 5895
f 5945 6174 6073
f 6122 5895 6036
f 5840 5899 6121
f 6076 6174 5945
f 5895 6122 6037
f 6121 6215 5840
f 5899 6074 6121
f 5991 6076 5945
f 6124 6037 6122
f 5993 5992 6037
f 6077 6037 6124
f 6037 6077 5993
f 6039 5993 6077
f 6042 6079 5996
f 6080 5996 6079
f 6079 6042 6077
f 6039 6077 6042
f 6081 5996 6080
f 6043 5995 6081
f 5842 5950 6083
f 5842 6083 5994
f 6042 6183 6044
f 6086 5906 6048
f 6044 6183 6184
f 6043 6084 6129
f 6090 5909 6186
f 6088 5907 5954
f 5954 6003 6088
f 6048 6002 6127
f 5907 6088 6091
f 6088 6003 6092
f 6088 6092 6091
f 6089 6128 6130
f 6089 6130 6092
f 6090 6186 6132
f 6091 6092 6131
f 6091 6131 6094
f 6002 6091 6133
f 6006 6192 6225
f 6006 6225 6193
f 6007 6096 6139
f 6007 6139 6050
f 6009 6050 6051
f 6051 6050 6135
f 6051 6135 5958
f 6014 6101 5968
f 6019 6145 6100
f 6015 6104 6144
f 6101 6014 6302
f 6014 6198 6302
f 6054 5970 6199
f 6054 6199 6102
f 6020 6200 6103
f 6055 5862 6305
f 6020 6058 6200
f 6201 6200 6058
f 6103 6148 6145
f 6146 6057 6102
f 5972 6105 5919
f 6147 5919 6105
f 5919 6147 6202
f 6055 6104 6056
f 5863 6151 6105
f 6057 6146 5976
f 5974 6202 6107
f 6243 6107 6202
f 6106 5976 6146
f 5975 6106 6151
f 6152 6153 6022
f 6060 6062 6059
f 6024 6059 6025
f 6061 5769 6111
f 6153 6157 6204
f 6027 6160 6064
f 6026 6159 5927
f 6026 6205 6159
f 5927 6159 6063
f 6159 6324 6063
f 5980 5981 5933
f 6066 6031 6207
f 6207 6031 6261
f 6261 6031 6068
f 6261 6068 6029
f 6028 6113 6069
f 6031 5940 6068
f 6033 6163 6164
f 6033 6165 6071
f 6071 6165 6114
f 6114 6115 6071
f 6168 5985 6034
f 6072 5987 6268
f 6167 6072 6268
f 5942 6170 6034
f 6034 6170 6168
f 6167 6169 6116
f 5942 6117 6170
f 6167 6116 5944
f 5942 5896 6117
f 5944 6116 5946
f 5896 6075 8980
f 5896 8980 6117
f 6074 5946 6118
f 6119 6074 6118
f 6074 6119 6120
f 6122 6036 6073
f 6074 6120 6121
f 6073 6123 6122
f 6073 6174 6123
f 6173 8973 5989
f 5990 6173 5989
f 5990 6038 6125
f 6038 5840 6125
f 6076 6176 6174
f 6076 6078 6176
f 6124 6177 6077
f 6177 6079 6077
f 6180 6078 6082
f 6181 6081 6080
f 6181 6126 6081
f 6081 6126 6043
f 6083 5950 6045
f 6126 6084 6043
f 6183 6085 6046
f 6282 5998 6086
f 6046 6043 6129
f 6127 6086 6048
f 5909 6184 6186
f 6188 6086 6127
f 6222 6087 6049
f 6133 6127 6002
f 6049 5955 6222
f 6091 6094 6133
f 6130 6131 6092
f 5955 5956 6222
f 6134 6093 6224
f 6093 6095 6224
f 6095 6004 6224
f 6132 6004 5846
f 6004 6190 6224
f 5757 5852 6138
f 6096 6193 6194
f 6096 6293 6097
f 6096 6097 6140
f 6096 6140 6139
f 6228 6136 6468
f 5852 6098 6138
f 6294 6099 5963
f 6012 6234 6098
f 6013 5964 6197
f 5970 6143 6199
f 6102 6199 6146
f 6201 6058 6203
f 6058 6149 6203
f 6146 6313 6106
f 6150 5920 5867
f 6243 6152 6107
f 6107 6152 6108
f 6106 6318 6151
f 6249 6153 6152
f 5926 6061 6155
f 6247 6110 6154
f 6061 6111 6155
f 6062 6156 6059
f 6025 6059 6156
f 6252 6111 5769
f 6156 6205 6025
f 6112 6253 6252
f 6204 6158 6062
f 6062 6158 6156
f 6257 5684 6028
f 6063 6324 6161
f 6064 6254 6067
f 6160 5980 6162
f 5980 5933 6162
f 5933 6066 6162
f 6066 6208 6162
f 6066 6207 6208
f 6113 6070 6266
f 6033 6164 6165
f 6070 6166 6266
f 6209 6114 6165
f 6070 5985 6166
f 6166 5985 6168
f 6211 6167 6268
f 6167 6211 6169
f 6117 8980 6171
f 6075 6172 8980
f 6125 5840 6215
f 6123 6124 6122
f 8973 6173 8975
f 6123 6174 6178
f 6176 6175 6174
f 6124 6123 6177
f 6177 6123 6178
f 6177 6178 6179
f 6177 6179 6079
f 6078 6278 6176
f 6216 6079 6179
f 6080 6079 6216
f 6082 6040 6180
f 6217 6180 6040
f 6218 5994 6083
f 5994 6218 5949
f 6217 6040 6182
f 6183 6285 6184
f 6185 6184 6285
f 6185 6186 6184
f 6187 6086 6188
f 6221 6130 6128
f 6127 6133 6188
f 6189 6188 6133
f 6133 6094 6189
f 6191 6189 6094
f 6132 6190 6004
f 6094 6131 6191
f 5956 6134 6290
f 6224 6290 6134
f 6190 6289 6224
f 6195 6050 6139
f 6291 6135 6050
f 6135 6291 6137
f 6227 6137 6291
f 6137 6227 6136
f 6196 6195 6139
f 6136 6227 6468
f 6293 6096 6194
f 6139 6360 6196
f 6360 6139 6140
f 6097 6295 6140
f 6012 6013 6197
f 6141 6231 6232
f 6099 6230 6016
f 6141 6232 6142
f 6142 6232 6053
f 6232 6198 6053
f 6198 6300 6302
f 6199 6143 6306
f 6144 6104 6237
f 6145 6148 6238
f 6146 6199 6313
f 6305 6309 6055
f 6200 6240 6103
f 6055 6309 6311
f 6055 6311 6104
f 6105 6315 6239
f 6105 6239 6147
f 6148 6103 6240
f 6151 6315 6105
f 6151 6242 6315
f 6243 6202 6241
f 6149 5920 6244
f 5920 6150 6244
f 6244 6150 6245
f 6150 6110 6245
f 6318 6106 6313
f 6153 6249 6248
f 6155 6250 6109
f 6109 6250 6154
f 6111 6252 6489
f 6376 6153 6321
f 6376 6251 6153
f 6153 6251 6157
f 6205 6156 6158
f 6204 6323 6158
f 6255 6159 6205
f 6256 6159 6255
f 6159 6256 6324
f 6254 6377 6067
f 6160 6162 6206
f 6258 6065 6063
f 6063 6161 6258
f 6069 6257 6028
f 6262 6207 6261
f 6162 6208 6331
f 6067 6264 6163
f 6164 6163 6165
f 6114 6209 6210
f 6210 6265 6114
f 6336 6266 6166
f 6114 6265 6115
f 6270 6336 6166
f 5987 6115 6265
f 6166 6168 6270
f 6268 6267 6211
f 6169 6337 6116
f 6337 5946 6116
f 6170 6117 6171
f 6170 6171 6212
f 5946 6337 6118
f 6339 6119 6118
f 6339 6118 6696
f 6172 8973 6342
f 6173 5990 6213
f 5990 6125 6213
f 6215 6121 6214
f 6215 6214 6276
f 6121 6120 6214
f 6120 6275 6214
f 6174 6175 6178
f 6179 6178 6277
f 6179 6277 6279
f 6179 6279 6216
f 6078 6180 6278
f 6080 6216 6181
f 6181 6216 6349
f 6126 6181 6349
f 6083 6045 6281
f 6084 6126 6219
f 6046 6284 6183
f 6285 6183 6284
f 6047 6087 6283
f 6084 6286 6129
f 6129 6286 6046
f 6284 6046 6286
f 6086 6187 6282
f 6128 6047 6283
f 6128 6283 6221
f 6084 6220 6286
f 6185 6353 6186
f 6188 6223 6187
f 6188 6189 6223
f 6288 6223 6189
f 6186 6287 6132
f 6190 6132 6287
f 6189 6191 6288
f 6289 6290 6224
f 6196 6050 6195
f 6050 6196 6291
f 6196 6226 6291
f 6401 6193 6225
f 6193 6401 6194
f 6229 6138 6098
f 6359 6229 6098
f 6293 6295 6097
f 6363 6360 6140
f 6295 6363 6140
f 6230 6099 6294
f 6297 6232 6231
f 6233 6231 6141
f 5964 6408 6197
f 5964 6100 6408
f 6308 6408 6100
f 6235 6016 6230
f 6232 6299 6198
f 6100 6145 6308
f 6299 6300 6198
f 6016 6235 6305
f 6015 6144 6236
f 6302 6303 6101
f 6101 6303 5968
f 5968 6304 6143
f 6306 6143 6304
f 6144 6237 6236
f 6199 6306 6307
f 6199 6307 6313
f 6237 6104 6311
f 6313 6307 6310
f 6201 6367 6200
f 6201 6203 6314
f 6200 6367 6240
f 6202 6147 6371
f 6203 6149 6316
f 6203 6316 6314
f 6202 6371 6241
f 6149 6317 6316
f 6151 6318 6242
f 6152 6243 6246
f 6243 6241 6319
f 6249 6152 6246
f 6155 6111 6322
f 6111 6489 6322
f 6323 6204 6157
f 6255 6205 6158
f 6206 6064 6160
f 6324 6325 6161
f 6065 6259 6261
f 6065 6258 6259
f 6329 6067 6377
f 6328 6259 6258
f 6258 6161 6328
f 6325 6328 6161
f 6331 6260 6162
f 6207 6437 6208
f 6437 6331 6208
f 6264 6067 6263
f 6264 6333 6163
f 6163 6332 6165
f 6335 6165 6332
f 6209 6165 6210
f 6165 6335 6210
f 6265 6210 6335
f 6268 5987 6269
f 6265 6269 5987
f 6267 6502 6211
f 6506 6211 6502
f 6169 6211 6506
f 6386 6168 6170
f 6170 6212 6386
f 6118 6337 6696
f 6340 6212 6171
f 6273 6271 6272
f 6271 6273 6451
f 6273 6125 6341
f 6273 6341 6451
f 6340 6171 6274
f 6272 8975 6173
f 6272 6173 6213
f 6272 6213 6273
f 6171 8980 6274
f 6213 6125 6273
f 6119 6513 6120
f 6172 6342 8980
f 6120 6513 6275
f 6215 6276 6344
f 6275 6343 6214
f 6175 6176 6277
f 6175 6277 6178
f 6180 6217 6278
f 6216 6279 6346
f 6216 6346 6349
f 6182 5949 6280
f 6182 6280 6217
f 6218 6083 6351
f 6281 6351 6083
f 6219 6220 6084
f 6219 6126 6349
f 6045 5998 6282
f 6045 6282 6281
f 6283 6087 6354
f 6087 6222 6354
f 6353 6185 6285
f 6353 6355 6186
f 6186 6355 6287
f 5757 6138 6192
f 6196 6357 6226
f 6291 6292 6227
f 6227 6292 6468
f 6194 6401 6593
f 6194 6593 6293
f 6196 6360 6357
f 6228 6468 6358
f 6293 6593 6295
f 6358 6472 6228
f 6228 6472 6294
f 6362 6359 6098
f 6296 6294 6472
f 6098 6234 6362
f 6294 6296 6230
f 6299 6232 6297
f 6301 6299 6297
f 6141 6298 6233
f 6141 6015 6298
f 6235 6230 6296
f 6015 6236 6298
f 6301 6300 6299
f 6300 6301 6302
f 6303 6302 6301
f 6303 6405 5968
f 6304 5968 6405
f 6305 6235 6309
f 6145 6238 6308
f 6413 6237 6311
f 6237 6413 6312
f 6148 6308 6238
f 6201 6314 6367
f 6413 6311 6478
f 6417 6148 6240
f 6148 6417 6368
f 6148 6368 6411
f 6239 6370 6147
f 6147 6370 6371
f 6149 6244 6317
f 6245 6110 6247
f 6243 6319 6423
f 6243 6423 6246
f 6249 6373 6248
f 6247 6320 6372
f 6154 6320 6247
f 6321 6153 6248
f 6251 6323 6157
f 6253 6489 6252
f 6158 6427 6255
f 6064 6206 6326
f 6064 6326 6254
f 6255 6378 6256
f 6255 6427 6378
f 6206 6162 6326
f 6162 6260 6326
f 6261 6259 6262
f 6325 6327 6328
f 6331 6330 6260
f 6207 6262 6435
f 6207 6435 6437
f 6262 6259 6435
f 6067 6329 6263
f 6331 6437 6495
f 6264 6263 6334
f 6264 6334 6333
f 6332 6163 6333
f 6333 6334 6332
f 6069 6113 6560
f 6266 6560 6113
f 6332 6334 6335
f 6335 6382 6265
f 6270 6168 6384
f 6338 6272 6271
f 6450 6271 6451
f 6513 6119 6339
f 6344 6125 6215
f 6455 6214 6343
f 6344 6276 6345
f 6276 6214 6345
f 6455 6345 6214
f 8998 6176 6278
f 6388 6279 6277
f 8998 6278 6217
f 6279 6388 6346
f 6390 6346 6388
f 6218 6391 5949
f 5949 6391 6280
f 6347 6280 6391
f 6349 6348 6219
f 6352 6220 6350
f 6281 6282 6351
f 6395 6220 6352
f 6220 6395 6397
f 6220 6397 6398
f 6220 6398 6286
f 6222 6465 6462
f 6222 5956 6465
f 6399 6289 6190
f 6399 6190 6287
f 6399 6287 6400
f 6287 6355 6400
f 6356 6289 6399
f 6290 6289 6356
f 6226 6357 6768
f 6291 6226 6292
f 6361 6297 6231
f 6295 6596 6363
f 6363 6596 6473
f 6297 6403 6301
f 6297 6361 6403
f 6012 6406 6234
f 6403 6303 6301
f 6012 6197 6406
f 6235 6296 6309
f 6236 6364 6298
f 6403 6405 6303
f 6236 6237 6364
f 6306 6304 6365
f 6306 6365 6307
f 6308 6411 6408
f 6237 6312 6364
f 6365 6410 6307
f 6309 6366 6311
f 6410 6310 6307
f 6308 6148 6411
f 6313 6310 6414
f 6410 6414 6310
f 6413 6480 6312
f 6312 6480 6415
f 6369 6239 6315
f 6545 6240 6367
f 6240 6545 6417
f 6370 6239 6369
f 6315 6242 6418
f 6316 6317 6482
f 6418 6242 6318
f 6483 6317 6244
f 6484 6244 6245
f 6318 6313 6414
f 6421 6484 6245
f 6245 6247 6421
f 6241 6371 6319
f 6422 6319 6371
f 6423 6249 6246
f 6422 6423 6319
f 6374 6373 6249
f 6249 6423 6374
f 6424 6321 6375
f 6321 6248 6375
f 6488 6321 6424
f 6321 6488 6376
f 6376 6677 6251
f 6550 6323 6251
f 6945 6253 6112
f 6112 6257 6945
f 6492 6377 6254
f 6429 6492 6254
f 6254 6326 6429
f 6256 6378 6324
f 6324 6378 6493
f 6324 6493 6325
f 6325 6430 6379
f 6326 6260 6432
f 6328 6380 6259
f 6327 6325 6379
f 6257 6069 6440
f 6377 6433 6329
f 6330 6494 6260
f 6494 6330 6495
f 6328 6327 6380
f 6327 6379 6380
f 6330 6331 6495
f 6069 6560 6440
f 6381 6382 6335
f 6381 6335 6334
f 6381 6499 6382
f 6382 6383 6265
f 6266 6336 6501
f 6266 6501 6687
f 6336 6270 6501
f 6268 6445 6267
f 6445 6268 6269
f 6445 6269 6624
f 6624 6269 6265
f 6624 6265 6383
f 6168 6385 6384
f 6385 6168 6386
f 6506 6508 6169
f 6169 6508 6337
f 6386 6212 6340
f 6339 6453 6513
f 6125 6344 6387
f 6125 6387 6341
f 6275 6513 6512
f 6343 6275 6454
f 6176 8998 6277
f 6389 6390 6388
f 6280 6347 6217
f 6351 6392 6218
f 6456 6218 6392
f 6218 6456 6391
f 6220 6393 6350
f 6348 6393 6220
f 6220 6219 6348
f 6282 6394 6351
f 6459 6394 6282
f 6395 6352 6350
f 6353 6285 6284
f 6221 6283 6396
f 6397 6460 6398
f 6463 6286 6398
f 6286 6463 6284
f 6524 6284 6463
f 6284 6524 6353
f 6353 6524 6355
f 6283 6354 6462
f 6354 6222 6462
f 6524 6400 6355
f 5956 6290 6465
f 6466 6465 6290
f 6290 6356 6466
f 6356 6399 6466
f 6192 6527 6225
f 6192 6138 6402
f 6359 6138 6229
f 6470 6358 6468
f 6596 6295 6593
f 6357 6360 6471
f 6360 6363 6471
f 6473 6471 6363
f 6361 6654 6403
f 6362 6234 6404
f 6298 6535 6233
f 6234 6406 6404
f 6403 6531 6405
f 6197 6408 6406
f 6409 6407 6477
f 6409 6365 6407
f 6407 6365 6304
f 6537 6663 6409
f 6663 6412 6409
f 6409 6410 6365
f 6409 6412 6410
f 6366 6478 6311
f 6312 6415 6364
f 6411 6368 6481
f 6314 6416 6367
f 6314 6316 6544
f 6314 6544 6416
f 6315 6419 6369
f 6316 6482 6544
f 6418 6419 6315
f 6369 6419 6370
f 6419 6420 6547
f 6419 6547 6370
f 6370 6547 6371
f 6317 6483 6482
f 6247 6372 6421
f 6371 6547 6548
f 6371 6548 6422
f 6320 6421 6372
f 6549 6248 6373
f 6373 6374 6549
f 6487 6375 6248
f 6549 6487 6248
f 6155 6322 6250
f 6551 6250 6322
f 6425 6154 6250
f 6425 6250 6551
f 6674 6154 6425
f 6154 6674 6320
f 6488 6609 6376
f 6376 6609 6677
f 6323 6550 6426
f 6428 6489 6253
f 6323 6426 6158
f 6428 6253 6945
f 6430 6325 6493
f 6431 6377 6492
f 6432 6260 6494
f 6377 6431 6433
f 6494 6495 6434
f 6259 6380 6435
f 6380 6379 6436
f 6438 6437 6435
f 6435 6380 6438
f 6436 6438 6380
f 6329 6433 6263
f 6495 6437 6439
f 6263 6498 6334
f 6334 6498 6381
f 6499 6381 6498
f 6499 6441 6382
f 6382 6441 6383
f 6624 6383 6441
f 6442 6443 6446
f 6563 6443 6442
f 6267 6445 6502
f 6443 6444 6504
f 6446 6443 6447
f 6443 6504 6447
f 6504 6505 6447
f 6338 6271 6448
f 6271 6449 6448
f 6271 6450 6449
f 6451 6510 6450
f 6696 6453 6339
f 6341 6452 6451
f 6341 6387 6452
f 6512 6454 6275
f 6454 6514 6343
f 6344 6345 6387
f 6343 6514 6455
f 6277 8998 6388
f 8998 6389 6388
f 6392 6351 6458
f 6393 6348 6457
f 6349 6346 6348
f 6351 6394 6458
f 6393 6457 6520
f 6350 6393 6519
f 6350 6519 6395
f 9000 6395 6519
f 6395 9000 6397
f 6460 6397 9000
f 6462 6396 6283
f 6463 6398 6460
f 6192 6526 6527
f 6192 6402 6526
f 6592 6225 6527
f 6225 6592 6401
f 6469 6402 6138
f 6226 6467 6292
f 6528 6292 6467
f 6292 6528 6468
f 6138 6359 6469
f 6362 6469 6359
f 6529 6361 6231
f 6535 6231 6233
f 6654 6361 6529
f 6474 6296 6472
f 6531 6403 6654
f 6475 6535 6298
f 6405 6531 6476
f 6296 6474 6309
f 6366 6309 6474
f 6474 6533 6366
f 6298 6364 6475
f 6476 6407 6405
f 6304 6405 6407
f 6406 6408 6538
f 6366 6533 6478
f 6409 6477 6537
f 6408 6411 6539
f 6663 6541 6412
f 6539 6411 6540
f 6478 6479 6413
f 6480 6413 6479
f 6541 6602 6410
f 6541 6410 6412
f 6602 6414 6410
f 6411 6481 6540
f 6480 6543 6415
f 6545 6603 6417
f 6417 6603 6368
f 6414 6418 6318
f 6418 6604 6419
f 6419 6604 6485
f 6419 6485 6420
f 6244 6484 6669
f 6244 6669 6483
f 6420 6485 6546
f 6420 6546 6547
f 6422 6548 6486
f 6423 6422 6486
f 6424 6673 6488
f 6322 6489 6551
f 6251 6677 6550
f 6426 6490 6158
f 6158 6490 6427
f 6490 6491 6427
f 6427 6491 6553
f 6427 6553 6378
f 6378 6553 6554
f 6378 6554 6493
f 6257 6440 6945
f 6557 6494 6615
f 6434 6615 6494
f 6436 6379 6558
f 6431 6559 6433
f 6437 6438 6439
f 6438 6436 6496
f 6439 6438 6497
f 6496 6497 6438
f 6263 6433 6498
f 6622 6563 6442
f 6563 6500 6443
f 6444 6443 6500
f 6684 6444 6500
f 6442 6446 6503
f 6623 6444 6684
f 6566 6503 6446
f 6444 6623 6565
f 6504 6444 6565
f 6502 6564 6506
f 6446 6447 6566
f 6447 6505 6507
f 6691 6384 6385
f 6509 6449 6450
f 6628 6337 6508
f 6696 6337 6628
f 6452 6510 6451
f 6576 6510 6452
f 6452 6387 6576
f 6454 6512 6511
f 6454 6511 6514
f 6345 6515 6387
f 6455 6514 6645
f 6345 6516 6515
f 6516 6345 6455
f 6455 6645 6516
f 6391 6456 6584
f 6391 6584 6517
f 6391 6517 6347
f 6347 6517 6582
f 6518 6456 6392
f 6456 6518 6584
f 6457 6647 6585
f 6457 6348 6647
f 6348 6346 6647
f 6520 6457 6585
f 6520 6519 6393
f 6523 6394 6459
f 6523 6458 6394
f 6519 6520 6590
f 6460 9000 6521
f 6396 6462 6461
f 6524 6525 6400
f 6399 6400 6649
f 6399 6649 6466
f 6401 6592 6769
f 6401 6769 6593
f 6768 6357 6849
f 6468 6528 6470
f 6595 6470 6528
f 6358 6470 6472
f 6529 6231 6530
f 6471 6473 6532
f 6472 6470 6533
f 6595 6533 6470
f 6231 6535 6530
f 6532 6473 6596
f 6472 6533 6474
f 6407 6476 6534
f 6534 6477 6407
f 6404 6406 6599
f 6538 6599 6406
f 6598 6537 6477
f 6533 6536 6478
f 6479 6478 6536
f 6408 6539 6538
f 6664 6479 6536
f 6537 6598 6663
f 6540 6538 6539
f 6479 6664 6480
f 6542 6540 6481
f 6603 6719 6368
f 6481 6368 6719
f 6667 6414 6602
f 6414 6667 6418
f 6720 6418 6667
f 6787 6418 6720
f 6418 6787 6604
f 6606 6374 6423
f 6423 6486 6606
f 6421 6320 6605
f 6487 6549 6607
f 6606 6549 6374
f 6320 6608 6605
f 6320 6674 6608
f 6488 6673 6609
f 6426 6550 6610
f 6426 6675 6552
f 6426 6610 6675
f 6489 6428 6727
f 6490 6426 6553
f 6490 6553 6491
f 6426 6552 6553
f 6552 6675 6554
f 6552 6554 6553
f 6675 6676 6554
f 6676 6493 6554
f 6945 6729 6428
f 6428 6729 6727
f 6492 6429 6680
f 6493 6676 6430
f 6429 6326 6613
f 6326 6432 6555
f 6326 6555 6613
f 6555 6432 6494
f 6555 6494 6557
f 6558 6379 6430
f 6558 6430 6556
f 6431 6492 6559
f 6434 6495 6681
f 6558 6616 6436
f 6681 6495 6497
f 6436 6616 6496
f 6495 6439 6497
f 6496 6616 6497
f 6559 6807 6433
f 6433 6807 6498
f 6498 6807 6618
f 6498 6618 6499
f 6499 6618 6620
f 6499 6620 7011
f 6732 6442 6561
f 6732 6734 6442
f 6266 6687 6560
f 6499 7011 6441
f 6561 6442 6503
f 6561 6503 6685
f 6442 6734 6622
f 6622 6562 6563
f 6441 6813 6624
f 6686 6565 6623
f 6815 6502 6445
f 6815 6564 6502
f 6503 6566 6685
f 6689 6501 6270
f 6567 6504 6565
f 6270 6384 6689
f 6564 6741 6506
f 6566 6447 6568
f 6504 6567 6505
f 6505 6567 6690
f 6505 6690 6507
f 6508 6506 6741
f 6568 6447 6569
f 6507 6569 6447
f 6385 6386 6691
f 6694 6691 6386
f 6572 6568 6570
f 6569 6570 6568
f 6572 6627 6568
f 6569 6507 6571
f 6751 6694 6386
f 6570 6569 6573
f 6569 6571 6573
f 6386 6340 6751
f 6628 6508 6743
f 6570 6573 6575
f 6510 6509 6450
f 6629 6575 6573
f 6573 6695 6629
f 6574 6636 6449
f 6575 6629 6635
f 6453 6696 6577
f 8982 6579 6578
f 6755 8982 6578
f 6579 8981 6580
f 6576 6387 6641
f 6704 6513 6453
f 6579 6580 6644
f 6581 6644 6580
f 6704 6512 6513
f 6387 6515 6641
f 6512 6704 6646
f 6517 6585 6582
f 6517 6584 6585
f 6582 6585 6647
f 6458 6518 6392
f 6587 6520 6585
f 6587 6585 6588
f 6587 6590 6520
f 6587 6588 6589
f 6587 6589 6765
f 6587 6765 6590
f 6521 9001 6460
f 6460 9001 6648
f 6460 6648 6463
f 6524 6463 6525
f 6462 8999 6461
f 6525 6649 6400
f 6465 6466 6591
f 6466 6649 6591
f 6526 6402 6650
f 6226 6768 6467
f 6594 6357 6471
f 6594 6849 6357
f 6471 6532 6594
f 6533 6595 6536
f 6530 6535 6774
f 6469 6362 6656
f 6531 6654 6476
f 6362 6404 6661
f 6535 6475 6716
f 6661 6656 6362
f 6477 6534 6658
f 6598 6477 6658
f 6404 6599 6661
f 6599 6538 6600
f 6597 6664 6536
f 6415 6475 6364
f 6540 6600 6538
f 6601 6480 6664
f 6416 6718 6367
f 6480 6601 6543
f 6544 6666 6416
f 6367 6718 6545
f 6603 6545 6718
f 6544 6482 6668
f 6483 6668 6482
f 6605 6484 6421
f 6670 6546 6485
f 6546 6670 6547
f 6671 6547 6670
f 6547 6671 6548
f 6548 6671 6486
f 6607 6792 6487
f 6549 6606 6607
f 6791 6673 6424
f 6424 6375 6791
f 6674 6723 6608
f 6677 6610 6550
f 6727 6551 6489
f 6611 6679 6614
f 6614 6612 6611
f 6612 6556 6430
f 6612 6430 6676
f 6429 6613 6680
f 6555 6557 6613
f 6614 6679 6731
f 6614 6558 6612
f 6612 6558 6556
f 6614 6731 6616
f 6614 6616 6558
f 6492 6730 6559
f 6681 6497 6616
f 6440 6619 6617
f 6440 6560 6619
f 6563 6621 6500
f 6500 6621 6684
f 7011 6813 6441
f 6562 6621 6563
f 6687 6501 6737
f 6685 6566 6625
f 6566 6626 6625
f 6565 6686 6688
f 6565 6688 6567
f 6568 6626 6566
f 6384 6691 6740
f 6384 6740 6689
f 6568 6627 6626
f 6572 6692 6627
f 6571 6693 6573
f 6509 6744 6449
f 6572 6570 6631
f 6630 6509 6510
f 6575 6631 6570
f 6637 6633 6631
f 6631 6575 6637
f 6637 6575 6634
f 6635 6634 6575
f 6629 6632 6635
f 6510 6576 6630
f 6639 6630 6576
f 6698 6633 6637
f 6634 6635 6638
f 6635 6632 6697
f 6637 6634 6640
f 6637 6640 6698
f 6634 6638 6640
f 6642 6578 6579
f 6576 6641 6639
f 6640 6638 6836
f 6644 6642 6579
f 6699 6511 6512
f 6646 6699 6512
f 6643 6453 6577
f 6453 6643 6704
f 6757 6642 6644
f 6705 6515 6516
f 6516 6645 6705
f 6706 6646 6704
f 6582 6647 6583
f 6518 6586 6584
f 6585 6584 6586
f 6586 6518 6458
f 6458 6588 6586
f 6585 6586 6588
f 6648 6525 6463
f 6525 6709 6649
f 6528 6467 6711
f 6528 6711 6595
f 6402 6469 6652
f 6593 6769 6596
f 6469 6651 6652
f 6469 6656 6651
f 6651 6653 6652
f 6651 6656 6714
f 6596 6850 6532
f 6655 6597 6536
f 6655 6536 6595
f 6654 6852 6476
f 6655 6659 6597
f 6535 6716 6774
f 6655 6657 6659
f 6476 6658 6534
f 6660 6598 6658
f 6657 6597 6659
f 6657 6662 6597
f 6598 6660 6777
f 6598 6777 6663
f 6540 6542 6600
f 6662 6664 6597
f 6667 6602 6541
f 6718 6416 6665
f 6416 6666 6665
f 6481 6719 6542
f 6721 6669 6484
f 6484 6605 6721
f 6606 6486 6790
f 6605 6608 6794
f 6608 6723 6794
f 6722 6425 6551
f 6795 6425 6722
f 6425 6795 6674
f 6673 6798 6609
f 6610 6724 6675
f 6675 6797 6676
f 6609 6798 6677
f 7065 6678 6676
f 6728 6679 6800
f 6611 6800 6679
f 6676 6678 6612
f 6613 6557 6615
f 6616 6731 6803
f 6803 6681 6616
f 6730 6807 6559
f 6440 6617 6806
f 6682 6732 6561
f 6682 6561 6683
f 6561 6685 6683
f 6732 6733 6734
f 6621 6562 6735
f 6621 6735 6810
f 6734 6735 6622
f 6622 6735 6562
f 6684 6811 6736
f 6684 6736 6623
f 6501 6689 6737
f 6445 6624 6815
f 6564 6955 6741
f 6508 6741 6743
f 6893 6692 6572
f 6571 6507 6693
f 6507 6690 6693
f 6631 6745 6893
f 6893 6572 6631
f 6693 6695 6573
f 6693 6821 6695
f 6743 6825 6628
f 6827 6745 6631
f 6449 6744 6747
f 6449 6747 6574
f 6509 6630 6744
f 6628 6825 6696
f 6695 6632 6629
f 6827 6631 6633
f 6636 6574 6747
f 6636 6747 8977
f 8986 8977 6747
f 6638 6635 6753
f 6697 6632 6748
f 6635 6697 6753
f 6748 6753 6697
f 6578 6642 6755
f 6701 6639 6641
f 6511 6699 6514
f 6753 6836 6638
f 6699 6646 6835
f 6515 6701 6641
f 6514 6700 6645
f 6703 6835 6646
f 6701 6515 6702
f 6705 6702 6515
f 6762 6703 6646
f 6760 6704 6643
f 6705 6645 6700
f 6706 6762 6646
f 6707 6708 6589
f 6765 6521 6590
f 6648 6844 6525
f 6709 6525 6844
f 6767 6710 6461
f 6652 6650 6402
f 6712 6650 6652
f 6653 6712 6652
f 6769 6850 6596
f 6851 6594 6532
f 6655 6711 6770
f 6711 6655 6595
f 6653 6651 6713
f 6529 6852 6654
f 6651 6714 6713
f 6773 6655 6770
f 6773 6657 6655
f 6854 6658 6476
f 6854 6476 6852
f 6656 6715 6714
f 6656 6661 6715
f 6660 6658 6916
f 6599 6857 6661
f 6662 6657 6860
f 6475 6776 6716
f 6599 6600 6857
f 6600 6717 6857
f 6717 6600 6542
f 6475 6415 6776
f 6717 6542 6779
f 6662 6860 6664
f 6776 6415 6543
f 6664 6860 6601
f 6542 6719 6780
f 6604 6788 6485
f 6788 6670 6485
f 6790 6671 6871
f 6483 6669 6789
f 6669 6721 6789
f 6721 6605 6672
f 6671 6790 6486
f 6375 6487 6791
f 6487 6792 6791
f 6607 6606 6938
f 6796 6673 6793
f 6551 6727 6722
f 6723 6674 6795
f 6673 6796 6798
f 6799 6724 6610
f 6797 6675 6724
f 7065 6676 6797
f 6725 6677 6798
f 6799 6677 6725
f 6677 6799 6610
f 6726 6678 7065
f 6726 6800 6611
f 6611 6612 6678
f 6611 6678 6726
f 7009 6727 6729
f 6492 6680 6730
f 6731 6679 6728
f 6731 6728 7008
f 6434 6805 6615
f 6806 6945 6440
f 6730 6876 6807
f 6618 6807 6948
f 6810 6882 6621
f 6883 6684 6621
f 6809 6684 6883
f 6619 6560 6885
f 6735 6734 6808
f 6684 6809 6811
f 6560 6687 6885
f 7011 7146 6813
f 6624 7017 6815
f 7017 6624 6813
f 6737 6689 6818
f 6815 6955 6564
f 6625 6626 6817
f 6626 6627 6817
f 6688 6958 6959
f 6688 6959 6567
f 6567 6959 6820
f 6567 6820 6690
f 6892 6692 6893
f 6892 6627 6692
f 6691 6742 6740
f 6693 6690 6820
f 6691 6694 6742
f 6745 6827 6896
f 6747 6744 6897
f 6630 6752 6744
f 6695 6746 6632
f 6695 6821 6746
f 6746 6826 6632
f 6749 6748 6750
f 6747 6966 8986
f 6630 6639 6752
f 6696 6831 6577
f 6696 6825 6831
f 6633 6698 6833
f 6748 6749 6753
f 8986 6966 6830
f 6753 6829 6754
f 6753 6754 6836
f 6639 6701 6834
f 6831 6832 6577
f 6698 6640 6756
f 6642 6976 6755
f 6514 6699 6700
f 6577 6832 6833
f 6577 6833 6643
f 6643 6833 6756
f 6702 6705 6759
f 6758 6705 6700
f 6704 6760 6706
f 6706 6760 6762
f 6761 6762 6760
f 6764 6763 6841
f 6841 8987 6764
f 6763 6842 6841
f 6589 6708 6765
f 6708 6766 6765
f 6844 6765 6766
f 6765 6844 6521
f 6846 6526 6650
f 6527 6912 6592
f 6650 6712 6846
f 6768 6847 6467
f 6467 6848 6711
f 6770 6711 6848
f 6771 6712 6653
f 6849 6594 6851
f 6713 6771 6653
f 6532 6772 6851
f 6773 6770 7105
f 6850 6985 6532
f 6532 6985 6772
f 6713 6714 6913
f 6715 6913 6714
f 6773 6853 6657
f 6774 6716 6855
f 6916 6658 6854
f 6857 6715 6661
f 6715 6857 6775
f 6776 6855 6716
f 6657 7044 7185
f 6660 6916 6856
f 6657 7185 6860
f 6777 6660 6858
f 6778 6717 6779
f 6663 6777 6859
f 6663 6859 6782
f 6779 6780 6993
f 6663 6782 6541
f 6779 6542 6780
f 6860 6866 6601
f 6543 6601 6866
f 6718 6665 6929
f 6782 6781 6541
f 6782 6867 6781
f 6603 6783 6719
f 6603 6718 6929
f 6603 6929 6783
f 6783 6780 6719
f 6541 6781 6667
f 6667 6781 6720
f 6544 7063 6666
f 6785 6784 6671
f 6785 6671 6786
f 6668 7063 6544
f 6787 6720 6788
f 6787 6788 6604
f 6786 6670 6788
f 6786 6671 6670
f 6784 6871 6671
f 6721 6873 6789
f 6721 6672 6873
f 6607 6938 6792
f 6605 6794 6672
f 6673 6791 6793
f 6794 6723 6941
f 6795 6874 6723
f 6941 6723 6874
f 7005 6724 6799
f 6724 7005 6797
f 6728 6800 7066
f 6728 7066 6801
f 6728 6801 7008
f 6729 6945 7009
f 6730 6680 6802
f 6680 6613 6802
f 6803 6731 7008
f 6805 6804 6615
f 7010 6805 6434
f 6681 7010 6434
f 6732 6682 6880
f 6880 6881 6732
f 6733 6732 6881
f 6620 6618 6878
f 6881 6808 6733
f 6883 6621 6882
f 6683 6685 6812
f 6733 6808 6734
f 6887 6735 6808
f 6810 6735 6887
f 6812 6685 6816
f 6888 6736 6811
f 6687 6737 6814
f 6818 6814 6737
f 6685 6625 6816
f 6888 6686 6623
f 6623 6736 6888
f 6625 6817 6816
f 6738 6889 6686
f 6688 6686 6889
f 6889 6890 6688
f 6688 6890 6958
f 6955 6960 6741
f 6817 6627 6892
f 6959 6962 6820
f 6740 6819 6689
f 6740 6742 6819
f 6741 6960 6743
f 6745 6961 6893
f 6742 6694 6895
f 6896 6961 6745
f 6744 6752 6822
f 6743 6968 6825
f 6821 6965 6746
f 6746 6965 6900
f 6823 6749 6750
f 6746 6900 6826
f 6694 6751 6901
f 6694 6901 6824
f 6747 6897 6966
f 6749 6823 6829
f 6750 6748 6826
f 6826 6748 6632
f 6751 6755 6901
f 6633 6833 6898
f 6633 6898 6827
f 6829 6753 6749
f 6752 6639 6834
f 6833 6698 6756
f 6754 6829 6902
f 6757 6976 6642
f 6701 6904 6834
f 6700 6699 6758
f 6756 6760 6643
f 6640 6836 6837
f 6640 6837 6756
f 6757 6909 6905
f 6701 6702 6904
f 6705 6758 6759
f 6758 6699 6975
f 6760 6756 6837
f 6837 6836 6838
f 6760 6837 6907
f 6760 6907 6761
f 6837 6838 6907
f 6762 6761 6908
f 6761 6907 6908
f 6763 6764 6842
f 6764 6843 6842
f 6526 6845 6527
f 6526 6846 6845
f 6527 6845 6912
f 6592 6912 6769
f 6768 6849 6847
f 7277 6467 6847
f 6467 7277 6848
f 6712 6771 6846
f 7039 6769 6912
f 7278 6770 6848
f 7278 7105 6770
f 6530 6987 6529
f 6530 6774 6987
f 6529 6914 6852
f 6917 6987 6774
f 6774 6855 6917
f 7044 6657 6853
f 6776 6861 6855
f 6778 6857 6717
f 7182 6857 6778
f 6858 6660 6856
f 6859 6777 6858
f 6858 6862 6859
f 6862 6919 6925
f 6861 6776 6866
f 6543 6866 6776
f 6859 6862 6863
f 6869 6863 6862
f 6862 6864 6869
f 6862 6925 6864
f 6859 6863 6782
f 6863 6869 6868
f 6864 6927 6869
f 6864 6925 6927
f 6867 6782 6863
f 6863 6868 6867
f 6780 6870 6993
f 6869 6927 6785
f 6869 6785 6868
f 6927 6784 6785
f 6783 6929 6780
f 6867 6720 6781
f 6867 6788 6720
f 6867 6868 6788
f 6868 6786 6788
f 6868 6785 6786
f 6668 6936 7063
f 6668 6483 7128
f 6668 7128 6936
f 6483 6789 7128
f 6606 6872 6938
f 6606 6790 6872
f 6791 6792 6939
f 6793 7003 6796
f 6799 7007 7005
f 6725 6798 6796
f 6726 6875 6800
f 7066 6800 6875
f 6944 6803 7008
f 6730 6802 6876
f 6613 6615 6804
f 6944 7010 6681
f 6681 6803 6944
f 6807 6876 6948
f 6619 6806 6617
f 6878 6618 6948
f 6877 6949 6879
f 6682 6879 6949
f 6949 6880 6682
f 6879 6682 6886
f 6683 6886 6682
f 6878 6951 6620
f 6881 6950 6808
f 6884 6809 6883
f 6620 6951 7011
f 6683 6812 6886
f 6808 6950 6887
f 6809 6884 6811
f 7076 6811 6884
f 6885 6687 7077
f 7215 6813 7146
f 6811 6953 6888
f 6687 6814 7077
f 6955 6815 7017
f 7215 7017 6813
f 6889 6738 6686
f 6954 6889 6686
f 6686 6888 6954
f 6891 6818 6689
f 6689 6739 6891
f 6739 6689 6819
f 6739 6819 6891
f 6693 7020 6821
f 6962 7020 6693
f 6693 6820 6962
f 6744 6822 6897
f 6821 7020 6965
f 6823 6750 6964
f 6823 6964 6894
f 6824 6895 6694
f 6968 6970 6825
f 6827 6898 6896
f 6825 6970 6831
f 6823 6828 6829
f 6750 6826 6899
f 6826 6900 6899
f 7026 6752 6834
f 6898 6833 6832
f 6829 6828 6973
f 6755 6974 6901
f 6755 6976 6974
f 6966 6971 6830
f 6699 6835 7031
f 7031 6835 6979
f 6829 6973 6902
f 7031 6975 6699
f 6902 6836 6754
f 6757 6905 6976
f 6903 6834 6904
f 6904 6702 6759
f 6904 6759 7028
f 6835 6980 6979
f 6835 6703 6980
f 6758 6975 6759
f 6836 6902 6838
f 6703 6762 6906
f 6762 6908 6906
f 8985 6842 6910
f 8985 6910 6909
f 6844 6766 6911
f 6766 6767 6911
f 7277 6847 6849
f 6769 7039 6850
f 6985 6850 7039
f 6851 6986 6849
f 6713 6913 6771
f 6772 6985 6851
f 6529 6987 6914
f 6773 7105 6853
f 6852 6914 6854
f 6987 6917 6918
f 6854 6914 6916
f 6855 6918 6917
f 6918 6855 6861
f 6775 6857 7182
f 6918 6861 6920
f 6918 6920 6990
f 6856 7046 6858
f 6862 6858 7046
f 7046 6919 6862
f 6778 6779 6922
f 6779 6993 6922
f 7185 6923 6860
f 6920 6861 6865
f 6991 7052 6924
f 6991 6926 6921
f 6919 7051 6925
f 6866 6865 6861
f 6928 6991 6924
f 6991 6928 6926
f 6860 6923 7241
f 6860 7241 6866
f 6933 6926 6928
f 6929 6665 6930
f 6928 6932 6933
f 6665 6666 6930
f 6929 6931 6780
f 6780 6931 6870
f 6931 6934 6870
f 6927 6995 6784
f 6666 7063 7062
f 6934 6999 6870
f 6784 6995 6935
f 6784 6935 6871
f 6789 6873 6937
f 6791 6939 6793
f 6792 6940 6939
f 6792 6938 6940
f 6672 7002 6873
f 6672 6794 6941
f 6796 7003 7197
f 6795 6722 6874
f 7005 7064 6797
f 6797 7064 7065
f 6722 6727 6942
f 6874 7006 6941
f 7004 7205 6796
f 6796 7205 6725
f 7007 6799 6725
f 6727 7009 6942
f 6802 6943 6876
f 6802 6613 6943
f 6613 6804 6946
f 6804 6805 6947
f 6876 6943 6948
f 6877 6948 6943
f 6949 6877 6943
f 6806 6619 7254
f 6879 6948 6877
f 6880 6949 6804
f 6881 6880 6804
f 6948 6879 6951
f 6879 6886 6951
f 6882 7072 6883
f 7073 6883 7072
f 6883 7073 6884
f 7074 6884 7073
f 6619 6885 7077
f 7144 6810 6887
f 6810 7144 6882
f 6952 6951 6886
f 6886 6812 6952
f 7013 6952 6812
f 6812 6816 7013
f 6811 7076 6953
f 7146 7212 7215
f 7014 6888 6953
f 7014 6954 6888
f 7016 6816 6817
f 6889 6956 6890
f 6817 6892 7016
f 6891 6819 6957
f 7019 6893 6961
f 6893 7019 7016
f 6893 7016 6892
f 6955 6961 6960
f 6895 6819 6742
f 6960 6961 6743
f 6896 6743 6961
f 6897 6822 6967
f 6743 6896 6968
f 7020 6963 6965
f 6968 6896 6898
f 6964 6750 6899
f 6967 6966 6897
f 6894 6969 6823
f 7024 6899 6900
f 7024 6900 6965
f 6752 7026 6967
f 6968 6898 6970
f 6823 6969 6828
f 6831 6970 6832
f 6970 6898 6832
f 6971 7033 6830
f 7030 7026 6834
f 7028 6759 6972
f 6759 7100 6972
f 6977 6834 6903
f 6977 6978 7030
f 6977 7030 6834
f 6904 7028 7099
f 6980 6703 6906
f 6905 6984 6976
f 7037 8986 6830
f 6903 6904 6977
f 6759 6975 7100
f 6906 6982 6980
f 6982 6906 6908
f 6982 6908 6983
f 6981 6908 6907
f 6981 6983 6908
f 6981 6907 6838
f 6981 6838 6902
f 6905 6909 6910
f 6910 6842 7038
f 6846 6771 7040
f 6912 7177 7039
f 6985 6986 6851
f 6985 6915 6986
f 7042 6914 6987
f 6913 6715 7041
f 6918 6988 6987
f 6914 7107 6916
f 6715 6775 7109
f 6775 7182 7109
f 6989 6990 7047
f 7108 7046 6856
f 7048 7182 6778
f 7049 6990 6920
f 6989 6991 7045
f 6921 7045 6991
f 6922 7048 6778
f 7050 6989 7047
f 6989 7050 6991
f 7052 6991 7050
f 6920 6865 7049
f 6921 6926 6992
f 7241 7049 6865
f 6933 6992 6926
f 7051 7054 6925
f 6865 6866 7241
f 6928 6924 7052
f 6925 7054 6927
f 7052 7118 6928
f 7118 6932 6928
f 6930 7060 6929
f 6929 7060 6931
f 7058 6998 7057
f 6994 6995 7054
f 7054 6995 6927
f 6930 6666 6996
f 6930 6996 7060
f 6932 7118 7191
f 6932 7191 7120
f 7058 7123 6998
f 6870 6999 6997
f 6998 7123 7061
f 6998 7061 6994
f 6994 7061 6995
f 6931 6999 6934
f 6931 7060 7122
f 6931 7122 6999
f 6932 7120 7121
f 6932 7121 6933
f 7123 7000 7061
f 6995 7061 6935
f 6871 6935 7362
f 6871 7362 6790
f 6789 6937 7128
f 6872 6790 7362
f 6873 7002 6937
f 6793 6939 7001
f 6672 6941 7002
f 6793 7001 7003
f 7197 7004 6796
f 6875 6726 7133
f 7133 7066 6875
f 6726 7065 7133
f 6801 7066 7008
f 7067 6942 7009
f 7008 7068 6944
f 7009 6945 7139
f 6613 6946 6943
f 7069 6944 7068
f 6943 6946 6949
f 6804 6949 6946
f 7254 6945 6806
f 6947 6805 7071
f 7010 7071 6805
f 7069 7010 6944
f 6881 6804 6947
f 7077 7254 6619
f 6951 6878 6948
f 6881 7071 6950
f 6952 7011 6951
f 6950 7075 6887
f 7211 6887 7075
f 6887 7211 7144
f 7076 7012 6953
f 6953 7012 7014
f 7016 7013 6816
f 7078 6956 6889
f 6818 6891 7015
f 7080 7015 6891
f 6891 6957 7080
f 7017 7018 7019
f 6890 6956 6958
f 6961 6955 7017
f 7019 6961 7017
f 6958 7261 6959
f 6959 7261 7445
f 6959 7445 6962
f 7020 7021 6963
f 7020 6962 7021
f 6963 7021 7156
f 6963 7156 6965
f 6822 6752 6967
f 6894 6964 7023
f 6964 6899 7025
f 6965 7156 7024
f 6824 7090 7087
f 6824 7087 6895
f 7158 6966 6967
f 6894 7023 6969
f 6899 7024 7025
f 6901 7090 6824
f 6971 6966 7158
f 6972 7027 7161
f 6828 6969 7164
f 7027 6972 7029
f 6828 7164 7092
f 6828 7092 6973
f 6972 7100 7029
f 6975 7031 7095
f 6975 7095 7100
f 6979 7032 7031
f 7032 6979 6980
f 7032 6980 7034
f 6973 7092 6983
f 6973 6983 6902
f 6976 7097 6974
f 7034 6980 6982
f 7034 6982 7035
f 6982 6983 7035
f 6983 7036 7035
f 6983 6981 6902
f 6830 7033 7037
f 6977 6904 7099
f 7037 7102 8988
f 6905 6910 6984
f 7038 6842 6843
f 6845 7177 6912
f 6846 7040 7234
f 6846 7234 6845
f 6849 7235 7277
f 6986 7178 6849
f 7235 6849 7178
f 6913 7040 6771
f 7237 6985 7039
f 7041 7040 6913
f 6985 7237 6915
f 7179 6915 7237
f 6986 6915 7104
f 6987 6988 7042
f 6914 7042 7107
f 7041 6715 7109
f 6988 6918 6990
f 7108 6916 7107
f 6853 7181 7044
f 6989 6988 6990
f 6988 6989 7043
f 7045 7043 6989
f 6916 7108 6856
f 7045 6921 7110
f 6990 7049 7047
f 6992 7110 6921
f 7046 7108 6919
f 7044 7183 7185
f 7114 7051 6919
f 7239 7052 7050
f 6992 6933 7053
f 7051 7114 7054
f 6994 7055 7056
f 7055 6994 7054
f 6998 7056 7057
f 7056 6998 6994
f 7058 7057 7059
f 7059 7057 7194
f 6870 6997 7188
f 6933 7121 7053
f 6996 6666 7484
f 7060 6996 7408
f 7058 7059 7123
f 6999 7122 6997
f 7120 7125 7121
f 7000 7126 7061
f 7061 7126 7127
f 7061 7127 6935
f 7128 6937 7002
f 6940 6938 7249
f 6938 6872 7249
f 6939 6940 7001
f 7003 7001 7197
f 7005 7198 7064
f 6722 6942 7134
f 6722 7134 6874
f 7007 7131 7005
f 7133 7065 7199
f 6874 7134 7006
f 7004 7130 7205
f 6725 7205 7132
f 6725 7132 7007
f 7066 7133 7135
f 7008 7137 7068
f 7008 7066 7138
f 7008 7138 7137
f 7139 6945 7254
f 7009 7139 7136
f 7009 7136 7067
f 7070 7010 7069
f 6947 7071 6881
f 7071 7070 6950
f 7142 7072 6882
f 7142 6882 7144
f 7070 7075 6950
f 7147 7146 7011
f 7011 6952 7147
f 7211 7210 7144
f 6884 7074 7076
f 7013 7147 6952
f 7148 7014 7012
f 7017 7215 7018
f 6889 6954 7078
f 7152 6956 7078
f 6954 7014 7079
f 7014 7148 7079
f 7018 7016 7019
f 6957 6819 7081
f 7082 7081 6819
f 6956 7218 6958
f 7261 6958 7218
f 7083 7082 6819
f 6819 6895 7083
f 6895 7022 7083
f 7084 7083 7022
f 7154 6962 7445
f 7154 7021 6962
f 7086 7085 7089
f 7085 7219 7089
f 6895 7087 7022
f 7023 7086 7089
f 7160 7023 6964
f 7023 7089 6969
f 6964 7025 7160
f 7025 7024 7156
f 7159 7161 7027
f 6969 7089 7164
f 7026 7225 6967
f 6901 6974 7093
f 7026 7030 7167
f 7027 7029 7159
f 6974 7173 7093
f 6972 7170 7028
f 6971 7229 7033
f 7032 7034 7096
f 7096 7034 7035
f 7094 7035 7036
f 7036 6983 7092
f 7036 7092 7094
f 6976 7232 7097
f 7033 7229 7098
f 6978 6977 7101
f 7033 7098 7037
f 6977 7099 7101
f 6984 7175 6976
f 7037 7098 7102
f 6910 7038 7176
f 6910 7176 6984
f 7038 7102 7176
f 7102 7038 8989
f 7102 8989 8988
f 7038 6843 8989
f 7040 7103 7234
f 7039 7177 7342
f 7039 7342 7237
f 7103 7040 7041
f 7105 7106 6853
f 6988 7043 7042
f 7110 7043 7045
f 7043 7110 7042
f 7183 7044 7181
f 7113 7111 7110
f 7182 7048 7115
f 7184 7047 7049
f 6992 7113 7110
f 7053 7113 6992
f 7108 7114 6919
f 7108 7112 7114
f 7115 7048 6922
f 7116 7113 7053
f 7188 6922 6993
f 7049 7241 7187
f 7239 7050 7047
f 7054 7114 7117
f 7185 7286 6923
f 7241 6923 7286
f 7119 7116 7053
f 7054 7056 7055
f 7054 7117 7056
f 6993 6870 7188
f 7057 7056 7194
f 7194 7056 7242
f 7240 7242 7056
f 7243 7484 6666
f 7060 7408 7122
f 7291 7122 7408
f 6666 7062 7243
f 7122 7124 6997
f 7120 7195 7125
f 7121 7125 7247
f 7247 7125 7298
f 7002 6941 7129
f 6941 7006 7129
f 7064 7199 7065
f 7064 7198 7199
f 7005 7131 7198
f 7134 6942 7202
f 7007 7132 7131
f 6942 7067 7202
f 7066 7135 7140
f 7066 7140 7138
f 7140 7141 7142
f 7071 7010 7070
f 7142 7141 7072
f 7141 7208 7072
f 7072 7208 7073
f 7142 7144 7143
f 7073 7208 7074
f 7145 7076 7074
f 7076 7145 7256
f 7076 7256 7012
f 7012 7256 7148
f 7077 6814 7315
f 6814 7150 7149
f 6814 7149 7315
f 7150 6814 6818
f 7150 7213 7149
f 7150 6818 7213
f 7015 7213 6818
f 7016 7216 7013
f 7078 6954 7317
f 7079 7317 6954
f 7079 7148 7151
f 7016 7018 7216
f 6956 7153 7218
f 7155 7084 7022
f 7091 7221 7088
f 7222 7221 7091
f 7381 7156 7021
f 7155 7022 7087
f 7158 6967 7225
f 7162 7222 7091
f 7157 7087 7090
f 7025 7156 7160
f 6901 7165 7090
f 7158 7270 6971
f 7268 7161 7159
f 7091 7088 7162
f 7089 7223 7164
f 6901 7093 7165
f 7167 7225 7026
f 7159 7168 7088
f 7169 7088 7168
f 7088 7169 7162
f 7163 7162 7169
f 7164 7223 7092
f 7226 7092 7223
f 7161 7272 6972
f 7168 7159 7029
f 7029 7171 7168
f 7096 7172 7032
f 7226 7231 7094
f 7094 7092 7226
f 6971 7166 7229
f 7030 6978 7167
f 7028 7170 7392
f 7029 7100 7171
f 7171 7100 7095
f 7031 7032 7172
f 7031 7172 7095
f 7096 7035 7094
f 7096 7094 7231
f 7096 7231 7172
f 7232 6976 7174
f 7232 7173 7097
f 7097 7173 6974
f 7229 7339 7098
f 7028 7392 7099
f 7101 7099 7392
f 6976 7175 7174
f 7098 7339 7274
f 7098 7274 7102
f 7102 7274 7176
f 7177 6845 7341
f 7177 7464 7342
f 6848 7277 7236
f 6848 7236 7278
f 6986 7104 7178
f 7104 6915 7280
f 7106 7105 7278
f 7281 7103 7041
f 6915 7179 7280
f 7041 7180 7281
f 7041 7109 7180
f 7042 7110 7111
f 7042 7111 7107
f 7107 7111 7108
f 7111 7113 7112
f 7111 7112 7108
f 7049 7187 7184
f 7184 7186 7047
f 7184 7187 7284
f 7113 7116 7112
f 7112 7116 7114
f 7115 6922 7188
f 7116 7240 7114
f 7116 7189 7240
f 7052 7239 7118
f 7116 7119 7189
f 7242 7189 7119
f 7056 7117 7240
f 7188 6997 7192
f 7124 7192 6997
f 7053 7121 7119
f 7297 7119 7121
f 7193 7119 7297
f 6996 7481 7408
f 7191 7353 7120
f 7194 7242 7193
f 7195 7120 7353
f 7124 7122 7291
f 7121 7247 7297
f 7194 7295 7059
f 7292 7059 7295
f 7059 7292 7123
f 7293 7123 7292
f 7296 7123 7293
f 7062 7063 7243
f 7123 7296 7000
f 7246 7127 7126
f 7127 7246 6935
f 6935 7246 7362
f 7128 7002 7248
f 7195 7298 7125
f 7001 6940 7299
f 7301 7197 7001
f 7129 7196 7002
f 7129 7006 7200
f 7197 7302 7004
f 7004 7302 7130
f 7131 7250 7198
f 7201 7133 7199
f 7305 7134 7202
f 7134 7305 7006
f 7006 7305 7200
f 7309 7205 7251
f 7205 7309 7132
f 7203 7132 7309
f 7204 7132 7203
f 7133 7201 7135
f 7135 7201 7206
f 7067 7136 7207
f 7135 7206 7140
f 7206 7201 7253
f 7136 7139 7207
f 7206 7253 7141
f 7206 7141 7140
f 7137 7138 7143
f 7137 7143 7210
f 7138 7140 7142
f 7138 7142 7143
f 7141 7253 7208
f 7070 7069 7075
f 7069 7068 7075
f 7143 7144 7210
f 7254 7077 7209
f 7208 7145 7074
f 7208 7314 7145
f 7145 7314 7256
f 7212 7146 7214
f 7146 7147 7214
f 7147 7013 7214
f 7370 7148 7256
f 7212 7214 7215
f 7214 7013 7216
f 7214 7216 7215
f 7374 7259 7151
f 7374 7151 7370
f 7370 7151 7148
f 7215 7216 7018
f 7217 7080 6957
f 6957 7081 7217
f 6956 7152 7322
f 6956 7322 7153
f 7081 7082 7083
f 7084 7323 7083
f 7084 7155 7323
f 7219 7324 7326
f 7219 7220 7324
f 7219 7085 7220
f 7445 7261 7444
f 7085 7086 7220
f 7262 7220 7086
f 7264 7262 7086
f 7266 7219 7326
f 7086 7023 7264
f 7154 7381 7021
f 7087 7157 7155
f 7158 7225 7332
f 7222 7162 7269
f 7023 7160 7264
f 7158 7332 7270
f 7159 7088 7263
f 7159 7263 7268
f 7163 7269 7162
f 7160 7156 7267
f 7165 7093 7224
f 6971 7270 7166
f 7161 7268 7272
f 7227 7163 7169
f 7169 7172 7227
f 7227 7172 7228
f 7231 7228 7172
f 6972 7272 7336
f 6972 7336 7170
f 7095 7168 7171
f 7168 7095 7169
f 7172 7169 7095
f 7167 6978 7230
f 7101 7230 6978
f 7233 7174 7175
f 7176 7175 6984
f 7234 7276 6845
f 6845 7276 7341
f 7341 7464 7177
f 7103 7397 7234
f 7178 7343 7235
f 7235 7343 7277
f 7178 7104 7345
f 7103 7281 7397
f 7237 7344 7179
f 7181 6853 7106
f 7467 7179 7344
f 7179 7467 7280
f 7180 7283 7282
f 7180 7109 7238
f 7180 7238 7283
f 7109 7182 7238
f 7182 7115 7238
f 7184 7348 7186
f 7183 7469 7185
f 7186 7239 7047
f 7185 7469 7286
f 7285 7115 7188
f 7187 7241 7288
f 7114 7240 7117
f 7286 7476 7241
f 7189 7242 7240
f 7118 7352 7191
f 7190 7188 7192
f 7191 7352 7353
f 7353 7354 7195
f 7193 7245 7194
f 7193 7297 7245
f 7063 6936 7357
f 7063 7357 7243
f 6936 7128 7357
f 7124 7359 7244
f 7245 7358 7194
f 7128 7248 7357
f 7124 7291 7359
f 7000 7296 7126
f 7002 7196 7248
f 7300 7299 6940
f 6940 7249 7300
f 7362 7249 6872
f 7197 7301 7415
f 7197 7415 7302
f 7303 7198 7250
f 7198 7303 7199
f 7131 7306 7250
f 7202 7304 7305
f 7132 7204 7131
f 7202 7067 7311
f 7302 7365 7130
f 7131 7204 7306
f 7311 7067 7207
f 7251 7205 7130
f 7203 7309 7204
f 7252 7130 7365
f 7130 7252 7251
f 7209 7139 7254
f 7068 7137 7255
f 7310 7208 7253
f 7068 7255 7075
f 7210 7255 7137
f 7310 7314 7208
f 7209 7077 7315
f 7211 7075 7255
f 7255 7210 7211
f 7257 7374 7258
f 7374 7257 7512
f 7213 7015 7319
f 7015 7080 7319
f 7079 7151 7318
f 7217 7319 7080
f 7078 7433 7322
f 7078 7322 7152
f 7323 7155 7260
f 7379 7218 7153
f 7218 7379 7261
f 7221 7222 7328
f 7263 7221 7328
f 7326 7382 7266
f 7157 7265 7155
f 7157 7090 7265
f 7088 7221 7263
f 7266 7089 7219
f 7264 7160 7330
f 7156 7381 7267
f 7165 7329 7090
f 7090 7329 7265
f 7332 7331 7270
f 7089 7266 7223
f 7160 7267 7330
f 7225 7167 7332
f 7163 7227 7271
f 7223 7266 7226
f 7093 7173 7224
f 7227 7228 7335
f 7227 7335 7271
f 7226 7266 7457
f 7270 7333 7166
f 7231 7273 7228
f 7231 7226 7273
f 7232 7174 7391
f 7232 7391 7173
f 7229 7166 7388
f 7229 7388 7339
f 7339 7340 7274
f 7101 7392 7394
f 7233 7175 7275
f 7175 7176 7396
f 7175 7396 7275
f 7176 7274 7340
f 7397 7276 7234
f 7345 7343 7178
f 7277 7343 7465
f 7277 7465 7236
f 7236 7465 7278
f 7237 7342 7344
f 7278 7279 7106
f 7106 7279 7181
f 7180 7282 7281
f 7285 7238 7115
f 7284 7187 7350
f 7405 7350 7187
f 7239 7186 7401
f 7187 7288 7405
f 7351 7239 7401
f 7285 7188 7190
f 7285 7190 7287
f 7239 7351 7118
f 7406 7118 7351
f 7288 7241 7476
f 7118 7406 7352
f 7119 7193 7242
f 6996 7290 7481
f 6996 7484 7290
f 7192 7124 7289
f 7244 7483 7124
f 7357 7484 7243
f 7354 7294 7195
f 7295 7194 7358
f 7297 7491 7245
f 7358 7245 7491
f 7126 7488 7246
f 7411 7246 7488
f 7360 7195 7294
f 7195 7360 7298
f 7247 7298 7360
f 7001 7299 7301
f 7200 7364 7129
f 7200 7418 7364
f 7200 7305 7418
f 7202 7311 7304
f 7311 7307 7304
f 7308 7304 7307
f 7499 7304 7308
f 7304 7499 7305
f 7204 7309 7367
f 7207 7420 7311
f 7251 7252 7313
f 7251 7313 7309
f 7201 7310 7253
f 7207 7139 7312
f 7207 7312 7420
f 7365 7366 7252
f 7139 7209 7312
f 7252 7366 7313
f 7314 7423 7256
f 7316 7257 7258
f 7258 7374 7504
f 7374 7370 7504
f 7315 7149 7371
f 7371 7149 7213
f 7316 7373 7257
f 7373 7512 7257
f 7213 7319 7431
f 7259 7375 7151
f 7319 7432 7431
f 7079 7318 7317
f 7318 7151 7375
f 7320 7319 7217
f 7320 7217 7321
f 7217 7081 7321
f 7081 7083 7321
f 7325 7321 7083
f 7326 7376 7377
f 7376 7326 7324
f 7153 7322 7379
f 7083 7323 7325
f 7220 7262 7327
f 7326 7377 7380
f 7326 7380 7382
f 7446 7155 7265
f 7222 7269 7328
f 7384 7328 7269
f 7263 7328 7523
f 7165 7521 7329
f 7263 7523 7268
f 7165 7386 7521
f 7165 7224 7386
f 7270 7331 7333
f 7523 7453 7268
f 7224 7173 7459
f 7334 7166 7333
f 7167 7230 7387
f 7273 7335 7228
f 7457 7335 7273
f 7273 7226 7457
f 7394 7230 7101
f 7391 7174 7337
f 7338 7337 7174
f 7275 7338 7174
f 7174 7233 7275
f 7340 7396 7176
f 7529 7276 7397
f 7586 7276 7529
f 7276 7586 7341
f 7399 7397 7281
f 7278 7465 7279
f 7104 7280 7467
f 7281 7282 7346
f 7282 7349 7346
f 7181 7468 7183
f 7282 7283 7349
f 7347 7348 7184
f 7283 7238 7404
f 7347 7184 7284
f 7348 7401 7186
f 7238 7285 7287
f 7238 7287 7404
f 7469 7473 7286
f 7286 7473 7476
f 7353 7352 7354
f 7124 7483 7289
f 7355 7293 7292
f 7355 7292 7356
f 7354 7480 7294
f 7295 7356 7292
f 7291 7408 7359
f 7293 7488 7296
f 7359 7410 7244
f 7296 7488 7126
f 7360 7361 7247
f 7247 7361 7412
f 7247 7412 7297
f 7297 7412 7491
f 7246 7411 7362
f 7196 7493 7248
f 7299 7300 7665
f 7196 7129 7363
f 7250 7306 7303
f 7199 7303 7417
f 7199 7417 7201
f 7499 7418 7305
f 7422 7204 7367
f 7204 7422 7306
f 7201 7417 7310
f 7308 7307 7499
f 7367 7309 7313
f 7365 7424 7366
f 7369 7312 7209
f 7366 7425 7368
f 7366 7368 7313
f 7423 7314 7310
f 7209 7315 7369
f 7371 7369 7315
f 7256 7423 7370
f 7371 7429 7427
f 7316 7428 7373
f 7428 7316 7372
f 7258 7372 7316
f 7371 7213 7429
f 7431 7430 7213
f 7513 7433 7078
f 7317 7513 7078
f 7317 7318 7434
f 7432 7319 7320
f 7435 7432 7320
f 7320 7321 7435
f 7378 7436 7376
f 7376 7324 7378
f 7323 7260 7570
f 7220 7378 7324
f 7260 7155 7570
f 7322 7573 7379
f 7444 7261 7379
f 7517 7570 7155
f 7517 7155 7446
f 7377 7443 7380
f 7154 7445 7448
f 7154 7448 7381
f 7265 7329 7446
f 7328 7577 7523
f 7384 7269 7163
f 7380 7447 7382
f 7267 7381 7451
f 7267 7451 7450
f 7522 7331 7332
f 7332 7452 7522
f 7163 7271 7384
f 7385 7266 7382
f 7521 7386 7383
f 7522 7333 7331
f 7332 7167 7452
f 7385 7457 7266
f 7224 7459 7386
f 7167 7387 7452
f 7230 7389 7387
f 7272 7458 7336
f 7391 7581 7173
f 7166 7334 7388
f 7230 7394 7389
f 7170 7336 7392
f 7336 7458 7392
f 7390 7338 7393
f 7390 7337 7338
f 7390 7462 7337
f 7337 7462 7391
f 7338 7275 7393
f 7393 7275 7463
f 7275 7395 7463
f 7341 7586 7464
f 7342 7464 7398
f 7342 7398 7344
f 7343 7345 7531
f 7281 7346 7399
f 7181 7279 7468
f 7183 7468 7469
f 7347 7284 7536
f 7348 7347 7471
f 7348 7471 7400
f 7349 7283 7404
f 7284 7350 7536
f 7348 7400 7401
f 7349 7404 7402
f 7403 7402 7404
f 7401 7400 7472
f 7401 7472 7351
f 7475 7404 7287
f 7287 7190 7475
f 7288 7476 7405
f 7190 7192 7475
f 7289 7407 7192
f 7478 7354 7352
f 7354 7478 7651
f 7480 7354 7479
f 7651 7479 7354
f 7290 7600 7481
f 7356 7295 7409
f 7355 7482 7293
f 7408 7489 7359
f 7358 7409 7295
f 7293 7482 7488
f 7483 7244 7410
f 7357 7248 7492
f 7294 7486 7360
f 7360 7486 7361
f 7411 7547 7362
f 7414 7362 7547
f 7300 7249 7413
f 7414 7413 7249
f 7249 7362 7414
f 7493 7492 7248
f 7413 7665 7300
f 7363 7493 7196
f 7364 7363 7129
f 7495 7415 7301
f 7301 7299 7495
f 7665 7495 7299
f 7552 7302 7415
f 7552 7365 7302
f 7303 7306 7416
f 7554 7365 7552
f 7498 7416 7306
f 7422 7498 7306
f 7311 7420 7500
f 7311 7500 7307
f 7499 7307 7421
f 7417 7419 7310
f 7421 7307 7500
f 7312 7563 7420
f 7313 7426 7367
f 7422 7367 7426
f 7310 7419 7423
f 7312 7369 7563
f 7366 7424 7425
f 7426 7313 7368
f 7369 7427 7563
f 7369 7371 7427
f 7423 7504 7370
f 7372 7258 7508
f 7258 7504 7508
f 7429 7430 7427
f 7429 7213 7430
f 7428 7727 7373
f 7430 7431 7677
f 7259 7514 7375
f 7318 7375 7514
f 7318 7514 7434
f 7376 7436 7440
f 7321 7325 7437
f 7325 7323 7569
f 7325 7569 7438
f 7323 7570 7569
f 7440 7377 7376
f 7378 7220 7439
f 7325 7438 7437
f 7440 7443 7377
f 7220 7441 7439
f 7322 7516 7573
f 7379 7573 7444
f 7573 7519 7444
f 7327 7262 7574
f 7262 7264 7574
f 7328 7442 7577
f 7442 7328 7449
f 7328 7384 7449
f 7443 7447 7380
f 7446 7329 7576
f 7264 7330 7739
f 7381 7448 7451
f 7455 7449 7384
f 7384 7271 7455
f 7382 7447 7385
f 7450 7330 7267
f 7454 7453 7523
f 7271 7335 7455
f 7386 7459 7526
f 7456 7691 7452
f 7525 7268 7453
f 7457 7455 7335
f 7385 7524 7457
f 7522 7334 7333
f 7452 7387 7456
f 7458 7272 7268
f 7268 7525 7458
f 7173 7581 7459
f 7387 7460 7456
f 7387 7389 7460
f 7462 7581 7391
f 7527 7388 7334
f 7462 7390 7461
f 7393 7461 7390
f 7388 7527 7339
f 7340 7339 7527
f 7582 7392 7458
f 7394 7392 7582
f 7396 7395 7275
f 7393 7463 7584
f 7529 7397 7530
f 7465 7343 7640
f 7343 7531 7640
f 7397 7399 7533
f 7344 7466 7467
f 7532 7279 7465
f 7467 7466 7104
f 7345 7104 7466
f 7468 7279 7532
f 7399 7346 7533
f 7470 7533 7346
f 7470 7346 7349
f 7535 7470 7349
f 7471 7347 7536
f 7349 7402 7535
f 7403 7535 7402
f 7469 7534 7473
f 7536 7350 7539
f 7472 7594 7351
f 7474 7351 7594
f 7595 7405 7476
f 7406 7351 7474
f 7406 7474 7352
f 7475 7192 7407
f 7352 7474 7477
f 7478 7352 7477
f 7289 7483 7596
f 7480 7479 7294
f 7408 7481 7489
f 7483 7489 7485
f 7358 7487 7409
f 7357 7546 7484
f 7357 7492 7546
f 7359 7489 7410
f 7410 7489 7483
f 7486 7490 7598
f 7486 7598 7361
f 7361 7598 7412
f 7412 7598 7542
f 7542 7491 7412
f 7491 7542 7543
f 7491 7543 7358
f 7492 7549 7546
f 7414 7610 7494
f 7363 7551 7493
f 7363 7364 7551
f 7413 7414 7494
f 7364 7496 7551
f 7364 7418 7496
f 7415 7495 7552
f 7416 7417 7303
f 7499 7497 7418
f 7417 7416 7419
f 7499 7421 7497
f 7365 7554 7669
f 7500 7502 7421
f 7421 7502 7558
f 7365 7669 7424
f 7556 7498 7422
f 7420 7563 7500
f 7502 7500 7563
f 7501 7421 7558
f 7426 7556 7422
f 7423 7419 7555
f 7563 7559 7502
f 7424 7503 7425
f 7425 7503 7368
f 7368 7503 7426
f 7555 7504 7423
f 7509 7615 7560
f 7507 7505 7615
f 7506 7505 7507
f 7561 7505 7506
f 7372 7561 7506
f 7508 7561 7372
f 7615 7509 7507
f 7428 7506 7507
f 7506 7428 7372
f 7504 7562 7508
f 7509 7511 7507
f 7428 7507 7511
f 7427 7430 7510
f 7677 7510 7430
f 7727 7428 7511
f 7619 7373 7727
f 7373 7619 7512
f 7729 7512 7619
f 7512 7729 7374
f 7432 7568 7431
f 7620 7431 7568
f 7434 7513 7317
f 7568 7432 7435
f 7433 7513 7622
f 7571 7433 7622
f 7435 7321 7437
f 7436 7378 7515
f 7378 7439 7515
f 7433 7571 7322
f 7516 7322 7571
f 7443 7440 7623
f 7220 7327 7574
f 7442 7449 7572
f 7623 7518 7443
f 7520 7443 7518
f 7519 7448 7445
f 7519 7445 7444
f 7443 7520 7447
f 7264 7739 7574
f 7576 7575 7446
f 7517 7446 7575
f 7576 7329 7521
f 7522 7452 7578
f 7449 7455 7520
f 7447 7524 7385
f 7447 7520 7524
f 7452 7691 7578
f 7454 7523 7692
f 7455 7457 7524
f 7525 7453 7454
f 7459 7581 7526
f 7462 7580 7581
f 7460 7389 7582
f 7461 7635 7462
f 7389 7394 7582
f 7393 7584 7461
f 7463 7395 7584
f 7395 7396 7528
f 7396 7340 7583
f 7529 7698 7586
f 7464 7586 7587
f 7464 7587 7398
f 7530 7397 7533
f 7398 7466 7344
f 7398 7587 7588
f 7398 7588 7466
f 7466 7588 7345
f 7345 7588 7531
f 7532 7465 7642
f 7532 7642 7468
f 7468 7642 7589
f 7470 7590 7533
f 7468 7589 7534
f 7468 7534 7469
f 7471 7536 7537
f 7471 7537 7472
f 7471 7472 7400
f 7536 7647 7537
f 7537 7702 7593
f 7537 7593 7472
f 7537 7647 7702
f 7350 7405 7539
f 7536 7539 7647
f 7472 7646 7594
f 7538 7403 7404
f 7404 7475 7538
f 7753 7538 7475
f 7649 7753 7475
f 7473 7595 7476
f 7407 7649 7475
f 7477 7651 7478
f 7407 7289 7596
f 7540 7596 7483
f 7597 7355 7356
f 7479 7807 7294
f 7409 7597 7356
f 7540 7483 7485
f 7290 7484 7600
f 7601 7481 7600
f 7481 7601 7489
f 7602 7489 7601
f 7710 7486 7294
f 7490 7541 7598
f 7543 7487 7358
f 7488 7482 7545
f 7485 7489 7602
f 7547 7488 7545
f 7411 7488 7547
f 7490 7486 7710
f 7544 7548 7545
f 7547 7545 7548
f 7544 7714 7548
f 7610 7547 7548
f 7547 7610 7414
f 7550 7549 7492
f 7492 7493 7550
f 7666 7550 7493
f 7551 7666 7493
f 7494 7665 7413
f 7495 7665 7613
f 7496 7418 7497
f 7613 7552 7495
f 7552 7613 7553
f 7553 7554 7552
f 7498 7556 7614
f 7498 7614 7416
f 7416 7555 7419
f 7416 7614 7555
f 7502 7559 7557
f 7502 7557 7558
f 7424 7672 7615
f 7424 7615 7503
f 7503 7615 7505
f 7503 7505 7561
f 7556 7426 7503
f 7555 7562 7504
f 7559 7563 7616
f 7559 7616 7557
f 7561 7508 7562
f 7563 7427 7564
f 7509 7560 7617
f 7427 7510 7564
f 7726 7511 7509
f 7511 7726 7566
f 7566 7618 7511
f 7511 7618 7727
f 7431 7620 7677
f 7259 7374 7676
f 7259 7676 7514
f 7434 7514 7678
f 7434 7678 7567
f 7440 7621 7679
f 7621 7440 7436
f 7569 7570 7731
f 7623 7440 7679
f 7436 7515 7624
f 7438 7569 7681
f 7515 7439 7441
f 7441 7220 7574
f 7573 7688 7519
f 7520 7518 7572
f 7519 7737 7448
f 7517 7575 7685
f 7442 7572 7627
f 7442 7627 7577
f 7572 7449 7520
f 7448 7737 7451
f 7383 7630 7521
f 7521 7630 7576
f 7577 7628 7523
f 7739 7330 7690
f 7330 7450 7690
f 7450 7451 7690
f 7629 7690 7451
f 7784 7632 7526
f 7522 7578 7633
f 7523 7628 7692
f 7520 7455 7524
f 7383 7386 7631
f 7632 7386 7526
f 7522 7633 7579
f 7454 7692 7525
f 7522 7579 7334
f 7527 7334 7579
f 7456 7460 7695
f 7462 7635 7580
f 7460 7582 7695
f 7340 7527 7583
f 7528 7584 7395
f 7583 7528 7396
f 7529 7585 7698
f 7638 7586 7698
f 7587 7586 7638
f 7588 7587 7638
f 7700 7588 7699
f 7530 7533 7639
f 7588 7700 7531
f 7640 7531 7700
f 7590 7701 7533
f 7644 7534 7589
f 7591 7590 7470
f 7591 7470 7535
f 7535 7592 7591
f 7595 7473 7534
f 7646 7472 7593
f 7535 7403 7648
f 7535 7648 7592
f 7403 7538 7648
f 7703 7539 7405
f 7647 7539 7703
f 7703 7405 7595
f 7596 7540 7708
f 7482 7355 7597
f 7487 7597 7409
f 7710 7294 7807
f 7598 7599 7542
f 7599 7543 7542
f 7599 7487 7543
f 7545 7755 7544
f 7600 7484 7658
f 7602 7540 7485
f 7490 7654 7541
f 7713 7714 7544
f 7484 7546 7658
f 7490 7605 7654
f 7490 7710 7605
f 7605 7608 7654
f 7608 7712 7654
f 7603 7660 7661
f 7605 7759 7608
f 7608 7609 7712
f 7714 7606 7548
f 7549 7607 7546
f 7549 7550 7607
f 7660 7663 7661
f 7608 7611 7609
f 7606 7610 7548
f 7550 7666 7612
f 7551 7496 7666
f 7554 7553 7668
f 7501 7558 7671
f 7503 7561 7556
f 7556 7561 7614
f 7562 7614 7561
f 7614 7562 7555
f 7558 7557 7671
f 7563 7564 7616
f 7674 7557 7616
f 7557 7674 7673
f 7560 7615 7617
f 7674 7616 7564
f 7726 7509 7617
f 7510 7674 7564
f 7565 7674 7510
f 7565 7510 7830
f 7729 7675 7374
f 7374 7675 7676
f 7678 7514 7676
f 7513 7434 7622
f 7567 7622 7434
f 7569 7731 7681
f 7624 7621 7436
f 7682 7571 7622
f 7437 7438 7683
f 7681 7683 7438
f 7518 7623 7684
f 7515 7441 7686
f 7572 7518 7684
f 7571 7682 7516
f 7570 7517 7685
f 7625 7687 7572
f 7572 7684 7625
f 7441 7574 7736
f 7516 7688 7573
f 7574 7626 7736
f 7574 7739 7626
f 7628 7577 7627
f 7629 7451 7737
f 7383 7742 7630
f 7383 7631 7742
f 7578 7691 7633
f 7386 7632 7631
f 7693 7579 7633
f 7579 7693 7527
f 7635 7634 7580
f 7694 7580 7634
f 7580 7694 7581
f 7695 7582 7697
f 7525 7781 7696
f 7525 7696 7458
f 7582 7458 7696
f 7461 7584 7637
f 7584 7528 7637
f 7528 7636 7637
f 7528 7583 7636
f 7638 7699 7588
f 7700 7749 7640
f 7533 7701 7641
f 7533 7641 7639
f 7749 7642 7640
f 7640 7642 7465
f 7749 7643 7642
f 7643 7589 7642
f 7589 7643 7791
f 7589 7794 7644
f 7589 7791 7794
f 7534 7644 7595
f 7702 7645 7593
f 7593 7645 7801
f 7593 7801 7646
f 7538 7753 7648
f 7477 7704 7650
f 7477 7650 7651
f 7477 7474 7704
f 7407 7596 7804
f 7650 7479 7651
f 7652 7754 7597
f 7754 7482 7597
f 7596 7708 7756
f 7545 7482 7755
f 7482 7754 7755
f 7598 7541 7706
f 7598 7706 7599
f 7487 7599 7597
f 7599 7652 7597
f 7857 7708 7540
f 7653 7600 7658
f 7600 7653 7601
f 7602 7601 7653
f 7655 7540 7602
f 7604 7540 7655
f 7540 7604 7857
f 7653 7656 7602
f 7655 7602 7656
f 7656 7657 7655
f 7603 7655 7657
f 7655 7603 7604
f 7710 7759 7605
f 7546 7607 7658
f 7660 7603 7657
f 7659 7712 7609
f 7657 7656 7719
f 7660 7657 7719
f 7608 7717 7611
f 7761 7659 7609
f 7660 7719 7663
f 7611 7761 7609
f 7607 7550 7764
f 7550 7612 7662
f 7606 7664 7610
f 7610 7664 7494
f 7817 7494 7664
f 7494 7817 7665
f 7497 7666 7496
f 7667 7613 7665
f 7497 7722 7666
f 7667 7768 7613
f 7553 7613 7668
f 7768 7668 7613
f 7554 7668 7669
f 7724 7669 7668
f 7501 7671 7670
f 7672 7424 7669
f 7557 7673 7671
f 7672 7617 7615
f 7671 7673 7725
f 7565 7830 7674
f 7729 7619 7727
f 7568 7878 7620
f 7568 7435 7878
f 7435 7437 7878
f 7570 7685 7731
f 7622 7567 7680
f 7622 7680 7682
f 7567 7678 7680
f 7679 7732 7623
f 7684 7623 7732
f 7624 7515 7889
f 7515 7686 7889
f 7516 7682 7688
f 7688 7689 7519
f 7519 7689 7737
f 7630 7742 7741
f 7630 7741 7576
f 7628 7627 7779
f 7628 7779 7745
f 7628 7745 7692
f 7456 7695 7691
f 7526 7581 7784
f 7781 7525 7692
f 7634 7746 7694
f 7635 7461 7634
f 7634 7461 7637
f 7583 7527 7693
f 7582 7696 7697
f 7747 7636 7583
f 7637 7636 7746
f 7638 7698 7789
f 7638 7789 7699
f 7748 7585 7529
f 7529 7530 7748
f 7530 7639 7748
f 7700 7699 7790
f 7700 7790 7749
f 7643 7749 7791
f 7592 7750 7591
f 7702 7647 7751
f 7646 7801 7752
f 7592 7795 7750
f 7592 7648 7795
f 7647 7797 7751
f 7703 7797 7647
f 7646 7752 7594
f 7752 7474 7594
f 7649 7407 7804
f 7804 7596 7705
f 7756 7705 7596
f 7650 7807 7479
f 7599 7706 7652
f 7707 7541 7709
f 7541 7707 7706
f 7541 7654 7709
f 7712 7709 7654
f 7711 7712 7659
f 7658 7716 7653
f 7656 7653 7716
f 7715 7714 7713
f 7718 7603 7661
f 7714 7715 7606
f 7658 7607 7716
f 7762 7716 7607
f 7656 7763 7719
f 7656 7716 7763
f 7659 7761 7819
f 7719 7720 7663
f 7661 7663 7718
f 7717 7761 7611
f 7717 7859 7761
f 7764 7550 7662
f 7662 7612 7666
f 7662 7766 7764
f 7718 7663 7720
f 7666 7721 7767
f 7666 7767 7662
f 7666 7722 7721
f 7665 7817 7864
f 7665 7864 7667
f 7722 7497 7723
f 7497 7421 7723
f 7769 7668 7768
f 7723 7421 7501
f 7724 7668 7769
f 7723 7501 7670
f 7671 7725 7670
f 7872 7726 7617
f 7566 7829 7618
f 7829 7727 7618
f 7727 7829 7728
f 7728 7729 7727
f 7676 7675 8061
f 7676 8061 7770
f 7676 7770 7678
f 7510 7677 7730
f 7620 7730 7677
f 7878 7437 7734
f 7731 7685 7777
f 7732 7679 7771
f 7621 7624 7883
f 7680 7678 7733
f 7437 7683 7734
f 7624 7889 7735
f 7889 7686 7951
f 7682 7680 7778
f 7680 7733 7776
f 7685 7887 7777
f 7441 7736 7686
f 7682 7778 7688
f 7894 7736 7626
f 7688 7778 7689
f 7738 7894 7626
f 7626 7739 7738
f 7576 7741 7575
f 7572 7687 7627
f 7737 7740 7629
f 7780 7629 7740
f 7743 7631 7632
f 7632 7784 7743
f 7744 7633 7691
f 7695 7744 7691
f 7692 7745 7781
f 7633 7782 7693
f 7581 7694 7784
f 7697 7783 7695
f 7781 7902 7696
f 7634 7637 7746
f 7583 7693 7788
f 7747 7844 7636
f 7788 7747 7583
f 7844 7746 7636
f 7698 7585 7789
f 7699 7789 7790
f 7701 7639 7641
f 7792 7701 7590
f 7749 7848 7791
f 7590 7591 7792
f 7852 7644 7794
f 7795 7648 7802
f 7852 7595 7644
f 7703 7595 7852
f 7797 7703 7852
f 7804 7753 7649
f 7804 7803 7753
f 7805 7704 7474
f 7704 7805 7650
f 7754 7652 7706
f 7707 7709 7758
f 7707 7758 7809
f 7708 7857 7756
f 7807 7856 7710
f 7709 7712 7758
f 7755 7757 7544
f 7544 7757 7760
f 7544 7760 7713
f 7811 7760 7757
f 7759 7710 7858
f 7712 7711 7758
f 7711 7861 7758
f 7713 7760 7816
f 7713 7816 7715
f 7760 7811 7816
f 7659 7863 7711
f 7711 7863 7861
f 7759 7717 7608
f 7715 7815 7606
f 7715 7816 7815
f 7762 7763 7716
f 7659 7819 7863
f 7606 7815 7664
f 7817 7664 7815
f 7607 7820 7762
f 7607 7764 7765
f 7607 7765 7820
f 7719 7763 7720
f 7976 7718 7720
f 7819 7761 7821
f 7764 7766 7765
f 7766 7662 7767
f 7721 7722 7767
f 7767 7722 7825
f 7768 7667 7822
f 7722 7723 7825
f 7724 7769 7984
f 7825 7723 7670
f 7669 7724 7984
f 7669 7870 7672
f 7672 7870 7617
f 7827 7872 7617
f 7726 7829 7566
f 7728 7829 7831
f 7729 7728 7875
f 7875 7675 7729
f 7510 7730 7830
f 7774 7733 7770
f 7678 7770 7733
f 7731 7777 7775
f 7883 7679 7621
f 7838 7836 7772
f 7772 7836 7773
f 7773 7776 7774
f 7733 7774 7776
f 7681 7731 7775
f 7734 7683 7681
f 7732 7839 7684
f 7776 7778 7680
f 7839 7625 7684
f 7894 7951 7686
f 7840 7887 7685
f 7686 7736 7894
f 7685 7575 7840
f 7778 7841 7689
f 7575 7741 7840
f 8012 7840 7741
f 7955 7738 7739
f 7689 7841 7737
f 7737 7841 7740
f 7739 7690 7955
f 7780 7690 7629
f 7744 7782 7633
f 7783 7744 7695
f 7779 7781 7745
f 7785 7693 7782
f 7787 7694 7746
f 7694 7787 7784
f 7693 7785 7788
f 7786 7783 7697
f 7697 7696 7786
f 7902 7786 7696
f 7844 7787 7746
f 7846 7748 7639
f 7847 7639 7701
f 7749 7790 7961
f 7749 7849 7848
f 7750 7793 7591
f 7792 7591 7793
f 7795 7796 7750
f 7793 7750 7796
f 7799 7702 7798
f 7799 7645 7702
f 7799 7800 7645
f 7801 7645 7800
f 7802 7648 7753
f 7753 7803 7802
f 7474 7752 7805
f 7805 7854 7650
f 7650 7854 7806
f 7856 7650 7806
f 7807 7650 7856
f 7706 7808 7754
f 7707 7809 7706
f 7706 7809 7808
f 7808 7755 7754
f 7755 7808 7757
f 7810 7757 7808
f 7758 7810 7809
f 7757 7810 7811
f 7758 7861 7810
f 7810 7861 7812
f 7604 7603 7814
f 7812 7813 7810
f 7814 7603 7718
f 7759 7917 7717
f 7811 7918 7816
f 7815 7816 7862
f 7860 7821 7761
f 7860 7761 7859
f 7815 7818 7817
f 7815 7862 7818
f 7762 7820 7763
f 7817 7818 7864
f 7763 7820 7867
f 7763 7867 7720
f 7720 7867 7976
f 7821 7860 7924
f 7765 7766 7824
f 7767 7824 7766
f 7822 7667 7823
f 7667 7864 7823
f 7982 7769 7822
f 7768 7822 7769
f 7767 7825 7824
f 7617 7870 7827
f 7827 7932 7872
f 7725 7673 7873
f 7872 7828 7726
f 7726 7828 7829
f 7828 7936 7829
f 7673 7674 7934
f 7728 7831 7875
f 7675 7875 8061
f 7832 7830 7730
f 8061 8000 7770
f 7878 7730 7620
f 7878 7832 7730
f 7777 7884 7998
f 7833 7838 7772
f 7876 7833 7772
f 7834 7876 7772
f 7772 7773 7834
f 7880 7834 7773
f 7773 7774 7880
f 8000 7880 7774
f 7774 7770 8000
f 7838 7833 7835
f 7836 7776 7773
f 7734 7681 7837
f 7881 7837 7681
f 7681 7775 7881
f 7776 7836 7885
f 7732 7771 7839
f 7735 7883 7624
f 7886 7778 7776
f 7841 7778 7886
f 7625 7888 7687
f 7687 7888 7627
f 7893 7627 7888
f 7841 7892 7740
f 7742 7895 7741
f 8012 7741 7895
f 7742 7631 7895
f 7627 7893 7779
f 7631 7743 7895
f 7690 7843 7955
f 7690 7780 7843
f 7842 7781 7779
f 7842 7899 7781
f 7785 7782 7897
f 7902 7781 7899
f 7787 7900 7784
f 7747 7788 7959
f 7747 7959 7844
f 7585 7845 7789
f 7585 7748 7845
f 7748 7846 7845
f 7961 7790 7789
f 7846 7639 7847
f 7961 7849 7749
f 7701 7792 7847
f 7848 7794 7791
f 7794 7848 7850
f 7907 7853 7850
f 7850 7852 7794
f 7850 7853 7852
f 7907 7751 7853
f 7907 7798 7702
f 7907 7702 7751
f 7851 7909 7799
f 7851 7799 7798
f 7909 7800 7799
f 7853 7797 7852
f 7853 7751 7797
f 7800 7909 7911
f 7800 7911 7969
f 7800 7969 7801
f 7801 7969 7752
f 7805 7752 7970
f 7805 7970 8032
f 7805 8032 7854
f 7804 7705 7974
f 7855 7705 7756
f 7810 7808 7809
f 7856 7915 7710
f 7710 7915 7858
f 7810 7813 7811
f 7604 7814 7916
f 7917 7759 7858
f 7859 7717 8040
f 7918 7811 7813
f 7813 7812 7918
f 7816 7918 7862
f 7924 7860 7919
f 7818 7862 7864
f 7867 7865 7976
f 7976 7865 7980
f 7923 7980 7865
f 7821 7921 7819
f 7866 7823 7864
f 7820 7925 7867
f 7865 7867 7923
f 7868 7822 7866
f 7868 7866 7922
f 7823 7866 7822
f 7822 7868 7982
f 7926 7765 7824
f 7930 7926 7824
f 7769 7982 7984
f 7824 7825 7930
f 7869 7930 7825
f 7669 7984 7870
f 7826 7825 7670
f 7873 7826 7670
f 7670 7725 7873
f 7870 7932 7827
f 7933 7872 7932
f 7872 7933 7989
f 7872 7989 7828
f 7992 7828 7989
f 7873 7673 7934
f 7828 7992 7936
f 7829 7936 7874
f 7874 7994 7829
f 7831 7829 7994
f 7878 7734 7877
f 7879 7777 7998
f 7998 7884 7947
f 7882 7835 7833
f 7882 7833 7942
f 7734 7837 7943
f 7775 7777 7881
f 7679 7944 7771
f 7679 7883 7944
f 7883 7945 7944
f 7837 7881 7943
f 7835 7882 8006
f 7835 8006 7838
f 7838 8006 7836
f 7777 7887 7884
f 7883 7735 7946
f 8008 7836 8006
f 7836 8008 7885
f 7886 7776 7885
f 7625 7839 7888
f 7890 7888 7839
f 7951 7894 7952
f 7886 8011 7841
f 7894 7891 7952
f 7841 8011 7892
f 7888 7890 7893
f 7740 7892 7956
f 7740 7956 7780
f 7842 7779 7954
f 7779 7893 7896
f 7779 7896 7954
f 7780 7956 7843
f 7743 7784 7957
f 8016 7897 7782
f 7782 7898 8016
f 7782 7744 7898
f 7744 7901 7898
f 7744 7783 7901
f 7784 7900 7957
f 7785 7897 7788
f 7783 7786 7904
f 7787 7958 7900
f 7786 7902 7904
f 7787 7844 7958
f 7959 7788 7903
f 7844 8130 7958
f 7844 7959 8130
f 7849 7961 7905
f 7847 7792 7908
f 7850 7848 7849
f 7849 7906 7850
f 7907 7850 7906
f 7849 8021 7906
f 7906 8021 7798
f 7906 7798 7907
f 8026 7793 7963
f 8026 7792 7793
f 7798 8024 7851
f 7851 8024 7909
f 7793 7796 7963
f 8084 7963 7796
f 7964 8084 7796
f 7796 7795 7964
f 7795 7802 7964
f 7911 7909 7910
f 7910 7914 7911
f 7969 7970 7752
f 7913 7910 7912
f 8033 7910 7913
f 7910 8033 7914
f 8035 7806 7854
f 7856 7806 8037
f 7916 7756 7857
f 7604 7916 7857
f 7917 7858 7915
f 8040 7717 7917
f 7812 7920 7918
f 7918 8092 7862
f 7863 7978 7861
f 7863 7819 7978
f 7862 8044 7866
f 7864 7862 7866
f 7922 7866 7979
f 7820 7765 7925
f 7867 7925 7983
f 7983 7981 7867
f 7867 7981 7923
f 7923 8213 7980
f 7921 7821 7924
f 7981 7929 7923
f 7927 7928 7981
f 7981 7928 7929
f 7929 7928 7931
f 7928 7927 7986
f 7930 7869 7985
f 7928 7986 7931
f 7869 7991 7985
f 7869 7825 7826
f 7869 7826 7991
f 7870 7984 7871
f 7871 7932 7870
f 7932 7987 7933
f 7935 7934 7674
f 7935 7674 7830
f 7994 7938 7831
f 7831 7938 7875
f 7832 7937 7830
f 7832 7878 7937
f 7876 7834 7939
f 7877 7734 7940
f 7879 7941 7777
f 7998 7947 8173
f 7833 7876 7939
f 7833 7939 7942
f 7734 7943 7940
f 7941 8001 7881
f 7941 7881 7777
f 7882 7942 8062
f 7881 8002 7943
f 8062 8004 7882
f 7771 7944 8005
f 7771 8005 7839
f 7946 7945 7883
f 7884 7887 7947
f 7839 8005 8007
f 8009 7885 8008
f 7885 8009 7886
f 7948 7947 7887
f 7839 8007 7890
f 7946 7735 7949
f 7886 8009 8011
f 7840 8012 7948
f 7840 7948 7887
f 7953 7949 7735
f 7950 7889 7951
f 7735 7889 7953
f 7889 7950 7953
f 8072 8012 7895
f 7894 7738 7891
f 7890 8014 7893
f 7895 7743 8072
f 8127 8072 7743
f 7957 8127 7743
f 7842 7954 8015
f 8014 7896 7893
f 8074 7955 7843
f 7956 8074 7843
f 7842 8015 7899
f 7788 7897 7903
f 7897 8077 7903
f 7901 7783 8018
f 8077 7959 7903
f 7783 7904 8018
f 7958 8130 7960
f 7962 7845 7846
f 7789 8080 7961
f 7962 7846 7847
f 8022 7962 7847
f 8020 7905 7961
f 7847 7908 8022
f 7905 8021 7849
f 8021 8024 7798
f 7908 7792 8026
f 7909 8024 7967
f 7967 7910 7909
f 8030 7964 7802
f 7966 7912 7967
f 7910 7967 7912
f 7802 7803 8030
f 7965 7968 7966
f 7912 7966 7968
f 7911 7971 7969
f 7914 7973 7911
f 7911 7973 7971
f 7970 7972 8032
f 7968 7913 7912
f 7854 8032 8139
f 7973 7914 8033
f 7968 8033 7913
f 7974 7705 7855
f 7974 7855 8038
f 8038 7855 7756
f 7856 8037 7915
f 8038 7756 7916
f 7814 7718 7976
f 7859 8040 8041
f 7859 8041 7860
f 7976 7980 7977
f 8092 7918 7920
f 7861 8042 7812
f 7979 7866 8044
f 8044 7862 8043
f 7922 7979 7868
f 7919 8094 7924
f 7868 7979 7982
f 7923 7929 8213
f 7765 7926 7925
f 7983 7927 7981
f 7925 8046 7983
f 7983 8046 7927
f 7929 7931 8051
f 7930 7985 7926
f 7927 8050 7986
f 7986 8051 7931
f 7871 7987 7932
f 7933 7987 8048
f 7933 8048 8049
f 7873 7991 7826
f 7989 7933 8049
f 8049 7990 7989
f 8049 7988 7990
f 7934 7991 7873
f 8055 7989 7990
f 7993 8053 7991
f 7991 7934 7993
f 7992 8057 7936
f 7993 7934 7935
f 7936 8057 7874
f 7993 7935 7937
f 7830 7937 7935
f 7993 7937 7995
f 7874 8057 7994
f 7877 7995 7937
f 7996 7998 8113
f 7878 7877 7937
f 7940 7997 7877
f 7998 7996 7879
f 7998 8173 8113
f 8001 7941 7879
f 7942 7939 8063
f 7939 7834 8063
f 8064 8063 7834
f 7880 8000 8169
f 7881 8001 8002
f 7942 8063 8062
f 7944 7945 8065
f 8179 7945 7946
f 8062 8003 8004
f 7949 8179 7946
f 8183 8008 8006
f 8008 8183 8009
f 8010 8009 8183
f 8009 8010 8011
f 8072 8069 8012
f 8013 7950 7951
f 7951 7952 8013
f 8007 8070 7890
f 8014 7890 8070
f 7953 7950 8125
f 7738 7955 8126
f 8074 7956 8122
f 8122 7956 7892
f 8016 8075 7897
f 7898 7901 8017
f 7901 8018 8017
f 8077 7897 8075
f 7899 8076 7902
f 7959 8077 8130
f 7845 7962 8019
f 7845 8019 8080
f 7845 8080 7789
f 7962 8022 8019
f 8020 7961 8080
f 8020 8021 7905
f 8021 8023 8024
f 7963 8025 8026
f 8024 8023 7967
f 8027 8028 7965
f 8027 7965 7966
f 8027 7966 8029
f 7964 8135 8084
f 8029 7966 7967
f 7964 8030 8135
f 8028 8031 7965
f 8031 7968 7965
f 7969 7971 7972
f 7969 7972 7970
f 7804 7974 8034
f 7804 8034 7803
f 8034 7974 7975
f 7968 8201 8033
f 8033 8036 7973
f 7975 7974 8038
f 7806 8035 8037
f 8033 8089 8036
f 8038 8039 7975
f 8038 7916 8039
f 7915 8037 8090
f 7915 8090 7917
f 7814 8039 7916
f 7917 8090 8040
f 7919 7860 8093
f 8042 8209 7812
f 7812 8209 7920
f 7920 8209 8092
f 7978 8042 7861
f 7862 8092 8043
f 7977 7980 8144
f 8093 8257 7919
f 7819 8045 7978
f 7819 7921 8045
f 8213 8144 7980
f 7924 8045 7921
f 8257 8147 7919
f 8094 7919 8147
f 7982 7979 8096
f 7982 8096 8047
f 7982 8047 7984
f 8099 8046 7925
f 8106 7926 7985
f 8100 7927 8046
f 7927 8100 8050
f 8103 7986 8050
f 7984 8047 7871
f 7987 7871 8047
f 8047 8048 7987
f 8102 8049 8098
f 7985 7991 8053
f 8052 7986 8103
f 7986 8052 8051
f 8049 8102 7988
f 8054 7988 8102
f 7989 8055 7992
f 7992 8055 8222
f 8053 7993 8058
f 8157 8060 8056
f 7992 8222 8057
f 7993 7995 8058
f 8109 8056 8060
f 8109 8116 8059
f 8164 8059 8118
f 8118 8117 8164
f 8058 7995 7997
f 8109 8060 8116
f 8118 7999 8117
f 8165 7994 8057
f 7997 7995 7877
f 7938 8168 7875
f 8061 7875 8168
f 8170 7879 8115
f 7999 8003 8117
f 7940 7943 8119
f 8001 7879 8170
f 8001 8170 8002
f 7834 7880 8064
f 7943 8002 8119
f 8173 7947 8066
f 7945 8179 8065
f 8003 8174 8004
f 8005 7944 8176
f 8005 8176 8067
f 8004 8174 7882
f 7948 8068 7947
f 8005 8067 8007
f 7882 8174 8006
f 8012 8069 8068
f 8012 8068 7948
f 8067 8070 8007
f 7949 7953 8121
f 8011 8010 8122
f 7953 8125 8121
f 7952 7891 8013
f 7891 8071 8013
f 8122 7892 8011
f 7891 8073 8071
f 7891 7738 8073
f 7738 8126 8073
f 8015 7954 8128
f 7954 8189 8128
f 7954 7896 8189
f 7896 8014 8189
f 7955 8074 8126
f 8015 8128 7899
f 7898 8017 8016
f 7899 8128 8076
f 8018 8079 8017
f 7900 8190 7957
f 7900 7958 8078
f 7900 8078 8190
f 8018 8193 8079
f 8076 8192 7902
f 7958 7960 8078
f 8018 7904 8193
f 8132 8193 7904
f 8192 8132 7904
f 7904 7902 8192
f 8081 8019 8022
f 8020 8080 8133
f 8020 8133 8021
f 8021 8133 8023
f 8025 8022 8026
f 7908 8026 8022
f 8025 8081 8022
f 8082 8027 8023
f 8029 8023 8027
f 8082 8023 8133
f 8025 7963 8083
f 8082 8134 8199
f 8199 8027 8082
f 7967 8023 8029
f 7963 8084 8083
f 8028 8027 8199
f 8243 8028 8199
f 8028 8243 8031
f 8086 7971 7973
f 7971 8085 7972
f 8088 8030 7803
f 8032 7972 8139
f 8087 8139 7972
f 7803 8034 8088
f 8089 8033 8201
f 7973 8036 8204
f 7854 8139 8035
f 8141 8036 8089
f 8036 8141 8204
f 8140 8037 8035
f 8034 7975 8088
f 8089 8205 8141
f 8037 8140 8090
f 7975 8039 8088
f 8090 8142 8040
f 8040 8142 8041
f 8091 8039 7814
f 7814 7976 8091
f 7978 8045 8042
f 8147 8148 8094
f 8095 8094 8148
f 7925 7926 8099
f 8051 8052 8101
f 8051 8101 8216
f 8097 8048 8047
f 8049 8263 8098
f 8099 8270 8046
f 8046 8270 8100
f 8050 8100 8103
f 7985 8053 8106
f 8103 8153 8052
f 8052 8153 8101
f 8104 8156 8110
f 8102 8110 8054
f 7988 8054 8159
f 8161 8105 8107
f 8105 8161 8108
f 7988 8159 7990
f 8053 8058 8111
f 8053 8111 8106
f 8157 8056 8273
f 8055 7990 8159
f 8058 8112 8111
f 8109 8059 8220
f 7997 8112 8058
f 7996 8113 8163
f 8117 8114 8164
f 7879 7996 8115
f 8060 8157 8171
f 8062 8117 8003
f 8165 7938 7994
f 8168 8225 8061
f 8061 8169 8000
f 8061 8225 8169
f 8119 7997 7940
f 8063 8064 8120
f 8169 8120 8064
f 8064 7880 8169
f 8003 7999 8174
f 8065 8176 7944
f 7947 8068 8066
f 8067 8176 8175
f 8121 8179 7949
f 8123 8068 8069
f 8070 8067 8230
f 8067 8178 8230
f 8183 8122 8010
f 8069 8072 8123
f 8184 8123 8072
f 8072 8124 8184
f 8230 8234 8070
f 8185 8070 8234
f 7950 8013 8125
f 8188 8125 8013
f 8071 8188 8013
f 8072 8127 8124
f 8070 8185 8014
f 8384 8074 8122
f 8017 8075 8016
f 8127 7957 8190
f 8128 8292 8076
f 8078 7960 8129
f 8130 8129 7960
f 8132 8131 8193
f 8019 8194 8080
f 8019 8081 8195
f 8019 8195 8194
f 8133 8080 8194
f 8081 8025 8083
f 8135 8030 8138
f 8200 8031 8243
f 8031 8200 7968
f 8201 7968 8200
f 7971 8086 8085
f 7973 8204 8086
f 8087 7972 8085
f 8030 8088 8136
f 8030 8136 8138
f 8201 8137 8089
f 8087 8247 8139
f 8136 8207 8138
f 8136 8088 8143
f 8035 8139 8140
f 8136 8143 8207
f 8140 8142 8090
f 8088 8039 8143
f 8041 8142 8206
f 8041 8206 7860
f 8143 8039 8208
f 8091 7976 8255
f 8209 8253 8092
f 8093 8252 8257
f 7977 8144 8255
f 8045 8314 8042
f 8043 8092 8254
f 8044 8043 8256
f 8044 8256 8145
f 8044 8145 7979
f 7924 8146 8045
f 7979 8145 8212
f 7979 8212 8096
f 8096 8212 8214
f 8149 8095 8148
f 8097 8047 8096
f 8096 8215 8097
f 8048 8097 8215
f 8049 8048 8215
f 8215 8263 8049
f 8263 8150 8098
f 8216 8101 8151
f 8269 8151 8101
f 8102 8098 8150
f 8104 8152 8218
f 8110 8152 8104
f 8152 8110 8102
f 8100 8270 8107
f 8100 8107 8103
f 8103 8107 8153
f 8105 8153 8107
f 8272 8101 8153
f 8101 8272 8269
f 8275 8153 8105
f 8153 8275 8272
f 8273 8056 8274
f 8109 8274 8056
f 8159 8054 8110
f 8111 8154 8106
f 8161 8107 8155
f 8156 8158 8110
f 8279 8110 8158
f 8280 8110 8279
f 8110 8280 8159
f 8111 8162 8155
f 8155 8162 8161
f 8223 8222 8055
f 8055 8159 8223
f 8111 8112 8162
f 8164 8220 8059
f 8163 8113 8167
f 8329 8157 8160
f 8165 8057 8222
f 7997 8166 8112
f 8162 8112 8166
f 8325 8115 7996
f 7996 8163 8325
f 7938 8165 8222
f 8113 8173 8167
f 8171 8157 8329
f 8172 8117 8062
f 7997 8119 8166
f 8116 8333 8059
f 8062 8063 8172
f 8002 8226 8119
f 8333 8116 8060
f 7999 8286 8174
f 8066 8068 8177
f 8067 8175 8178
f 8068 8123 8180
f 8068 8180 8177
f 8179 8121 8186
f 8174 8232 8006
f 8123 8184 8180
f 8121 8125 8186
f 8006 8232 8183
f 8125 8181 8186
f 8181 8125 8182
f 8182 8125 8188
f 8183 8187 8122
f 8384 8122 8187
f 8124 8233 8184
f 8071 8073 8188
f 8189 8185 8498
f 8185 8189 8014
f 8128 8433 8292
f 8128 8189 8433
f 8126 8074 8384
f 8075 8017 8238
f 8017 8079 8238
f 8292 8239 8076
f 8077 8075 8237
f 8077 8237 8340
f 8130 8340 8191
f 8130 8077 8340
f 8129 8130 8191
f 8192 8076 8239
f 8132 8192 8342
f 8195 8082 8194
f 8194 8082 8133
f 8083 8196 8081
f 8081 8196 8134
f 8081 8134 8195
f 8195 8134 8082
f 8083 8197 8196
f 8083 8084 8242
f 8196 8198 8134
f 8196 8197 8198
f 8134 8198 8199
f 8135 8138 8246
f 8202 8085 8086
f 8085 8202 8087
f 8203 8086 8204
f 8086 8203 8202
f 8247 8087 8202
f 8138 8207 8246
f 8250 8246 8207
f 8089 8137 8350
f 8089 8350 8205
f 8139 8247 8140
f 8247 8249 8140
f 8142 8140 8249
f 8142 8249 8309
f 8309 8206 8142
f 8206 8251 7860
f 8208 8207 8143
f 8091 8208 8039
f 8093 7860 8251
f 8208 8091 8255
f 8209 8042 8354
f 7976 7977 8255
f 8314 8354 8042
f 8092 8253 8254
f 8043 8254 8256
f 8146 7924 8094
f 8210 8144 8213
f 8259 8147 8257
f 8094 8095 8211
f 8212 8145 8214
f 8147 8259 8148
f 8214 8145 8215
f 8216 8261 8051
f 8214 8215 8096
f 8264 8265 8263
f 8268 8149 8148
f 8263 8265 8150
f 8267 8217 8218
f 8152 8102 8150
f 8265 8152 8150
f 8217 8318 8218
f 8366 8218 8318
f 8152 8267 8218
f 7926 8106 8099
f 8270 8099 8106
f 8106 8154 8270
f 8270 8155 8107
f 8218 8219 8104
f 8109 8220 8274
f 8104 8219 8156
f 8154 8111 8155
f 8273 8370 8157
f 8156 8219 8158
f 8157 8370 8160
f 8158 8278 8279
f 8328 8159 8280
f 8161 8162 8276
f 8220 8164 8221
f 8164 8282 8221
f 8223 8159 8328
f 8276 8162 8224
f 8164 8114 8282
f 8222 8223 7938
f 8162 8166 8224
f 8114 8117 8172
f 7938 8223 8168
f 8168 8223 8225
f 8225 8283 8169
f 8166 8119 8226
f 8170 8115 8330
f 8170 8330 8226
f 8170 8226 8002
f 8167 8173 8331
f 8172 8063 8120
f 8059 8333 8285
f 8059 8285 8118
f 8118 8286 7999
f 8120 8169 8227
f 8177 8335 8066
f 8178 8175 8287
f 8175 8176 8228
f 8175 8228 8287
f 8176 8229 8228
f 8176 8065 8229
f 8065 8179 8186
f 8065 8186 8229
f 8231 8186 8181
f 8183 8232 8187
f 8498 8185 8381
f 8234 8381 8185
f 8188 8073 8235
f 8073 8126 8235
f 8433 8189 8498
f 8126 8384 8235
f 8127 8190 8387
f 8075 8238 8236
f 8236 8237 8075
f 8238 8079 8193
f 8239 8342 8192
f 8193 8131 8240
f 8132 8342 8241
f 8241 8240 8131
f 8131 8132 8241
f 8083 8242 8197
f 8197 8344 8198
f 8135 8242 8084
f 8242 8135 8244
f 8198 8295 8199
f 8199 8295 8243
f 8135 8246 8244
f 8243 8245 8200
f 8245 8201 8200
f 8297 8201 8245
f 8137 8201 8297
f 8246 8250 8312
f 8310 8203 8204
f 8203 8310 8248
f 8247 8351 8249
f 8204 8141 8310
f 8205 8310 8141
f 8250 8401 8312
f 8402 8305 8312
f 8093 8251 8252
f 8207 8208 8313
f 8355 8313 8208
f 8208 8255 8355
f 8354 8253 8209
f 8255 8144 8210
f 8146 8314 8045
f 8258 8145 8256
f 8210 8213 8260
f 8094 8211 8146
f 8213 7929 8260
f 8051 8262 7929
f 8260 7929 8262
f 8051 8261 8262
f 8095 8149 8211
f 8211 8149 8364
f 8145 8258 8215
f 8263 8215 8258
f 8217 8267 8316
f 8216 8151 8266
f 8149 8268 8364
f 8317 8267 8152
f 8152 8265 8317
f 8366 8419 8218
f 8218 8419 8219
f 8154 8155 8270
f 8273 8274 8271
f 8320 8370 8273
f 8219 8322 8158
f 8158 8322 8323
f 8161 8276 8367
f 8161 8367 8108
f 8108 8367 8105
f 8220 8221 8277
f 8158 8323 8278
f 8281 8163 8167
f 8160 8370 8329
f 8370 8326 8329
f 8226 8224 8166
f 8114 8172 8282
f 8376 8282 8172
f 8225 8223 8328
f 8328 8283 8225
f 8172 8120 8227
f 8169 8283 8227
f 8173 8455 8331
f 8329 8284 8171
f 8171 8427 8060
f 8060 8427 8333
f 8118 8378 8286
f 8066 8335 8494
f 8171 8284 8427
f 8287 8382 8178
f 8288 8228 8229
f 8286 8232 8174
f 8286 8336 8232
f 8180 8184 8289
f 8178 8382 8230
f 8290 8288 8229
f 8229 8186 8290
f 8291 8182 8188
f 8184 8233 8380
f 8188 8235 8291
f 8386 8127 8338
f 8127 8386 8124
f 8127 8387 8338
f 8238 8193 8293
f 8341 8292 8436
f 8129 8191 8340
f 8129 8340 8462
f 8388 8293 8193
f 8292 8341 8239
f 8193 8240 8388
f 8344 8197 8242
f 8294 8198 8344
f 8198 8294 8295
f 8244 8298 8242
f 8243 8295 8245
f 8296 8297 8245
f 8244 8246 8298
f 8396 8297 8296
f 8246 8304 8298
f 8299 8301 8307
f 8299 8307 8300
f 8300 8307 8302
f 8302 8349 8300
f 8297 8396 8137
f 8301 8303 8352
f 8301 8352 8307
f 8246 8312 8304
f 8304 8312 8305
f 8304 8305 8303
f 8303 8305 8306
f 8303 8306 8352
f 8202 8351 8247
f 8351 8202 8203
f 8351 8308 8249
f 8249 8308 8309
f 8306 8305 8398
f 8306 8398 8352
f 8310 8205 8350
f 8206 8309 8311
f 8250 8207 8401
f 8251 8206 8311
f 8207 8404 8401
f 8257 8252 8251
f 8207 8313 8404
f 8210 8260 8255
f 8257 8356 8259
f 8262 8315 8260
f 8315 8262 8261
f 8258 8264 8263
f 8258 8256 8264
f 8259 8446 8148
f 8264 8363 8265
f 8261 8216 8266
f 8148 8446 8268
f 8316 8267 8361
f 8363 8317 8265
f 8266 8151 8319
f 8217 8316 8318
f 8269 8319 8151
f 8319 8269 8272
f 8274 8220 8420
f 8219 8419 8321
f 8273 8271 8320
f 8277 8420 8220
f 8219 8321 8322
f 8275 8105 8272
f 8272 8105 8367
f 8281 8371 8163
f 8279 8373 8280
f 8328 8280 8373
f 8163 8371 8325
f 8278 8323 8372
f 8278 8372 8279
f 8279 8372 8373
f 8224 8226 8324
f 8326 8374 8329
f 8376 8221 8282
f 8115 8325 8327
f 8167 8331 8281
f 8332 8376 8172
f 8172 8227 8332
f 8329 8374 8454
f 8332 8227 8283
f 8284 8329 8454
f 8066 8455 8173
f 8066 8494 8455
f 8333 8427 8428
f 8378 8118 8285
f 8378 8334 8286
f 8177 8180 8379
f 8289 8379 8180
f 8336 8286 8334
f 8337 8289 8184
f 8380 8337 8184
f 8182 8291 8430
f 8187 8232 8539
f 8381 8230 8382
f 8290 8186 8385
f 8231 8385 8186
f 8182 8231 8181
f 8233 8124 8380
f 8230 8381 8234
f 8292 8433 8436
f 8237 8339 8340
f 8238 8293 8236
f 8129 8462 8078
f 8239 8341 8342
f 8343 8241 8342
f 8241 8343 8240
f 8391 8294 8344
f 8294 8345 8295
f 8294 8391 8345
f 8390 8345 8391
f 8345 8245 8295
f 8242 8298 8346
f 8242 8346 8344
f 8296 8245 8345
f 8299 8347 8346
f 8299 8300 8348
f 8299 8348 8347
f 8346 8301 8299
f 8348 8300 8395
f 8395 8394 8348
f 8296 8393 8396
f 8298 8304 8346
f 8346 8304 8303
f 8346 8303 8301
f 8300 8349 8395
f 8467 8137 8396
f 8137 8467 8350
f 8307 8352 8302
f 8349 8302 8352
f 8203 8397 8351
f 8203 8248 8397
f 8399 8309 8308
f 8248 8310 8353
f 8305 8403 8398
f 8401 8440 8312
f 8312 8440 8402
f 8354 8408 8253
f 8253 8406 8254
f 8355 8255 8359
f 8260 8359 8255
f 8357 8314 8146
f 8358 8256 8254
f 8254 8406 8358
f 8146 8211 8357
f 8360 8357 8211
f 8359 8260 8315
f 8264 8256 8358
f 8358 8413 8264
f 8359 8315 8411
f 8259 8356 8446
f 8362 8447 8361
f 8264 8413 8363
f 8261 8411 8315
f 8211 8364 8360
f 8267 8362 8361
f 8362 8267 8317
f 8316 8361 8365
f 8316 8365 8318
f 8446 8524 8268
f 8268 8480 8364
f 8318 8365 8418
f 8318 8418 8366
f 8271 8484 8320
f 8368 8367 8276
f 8368 8276 8369
f 8320 8484 8370
f 8323 8322 8277
f 8276 8224 8369
f 8377 8371 8281
f 8370 8451 8424
f 8221 8323 8277
f 8325 8371 8327
f 8327 8371 8423
f 8424 8326 8370
f 8221 8375 8323
f 8323 8375 8372
f 8324 8226 8327
f 8330 8327 8226
f 8331 8377 8281
f 8221 8376 8375
f 8332 8375 8376
f 8373 8332 8328
f 8115 8327 8330
f 8283 8328 8332
f 8331 8455 8426
f 8458 8177 8379
f 8177 8458 8335
f 8539 8336 8334
f 8287 8228 8382
f 8228 8288 8382
f 8288 8290 8382
f 8336 8539 8232
f 8291 8383 8430
f 8231 8182 8460
f 8432 8380 8124
f 8291 8235 8383
f 8383 8235 8384
f 8386 8461 8124
f 8387 8190 8548
f 8435 8237 8236
f 8190 8078 8548
f 8339 8237 8434
f 8547 8436 8433
f 8339 8462 8340
f 8388 8240 8389
f 8240 8343 8389
f 8344 8346 8347
f 8344 8347 8391
f 8391 8347 8348
f 8391 8348 8390
f 8345 8390 8392
f 8345 8392 8296
f 8390 8348 8394
f 8390 8394 8392
f 8296 8392 8393
f 8392 8394 8464
f 8392 8464 8393
f 8351 8438 8308
f 8351 8397 8438
f 8308 8438 8399
f 8352 8398 8437
f 8350 8467 8468
f 8248 8353 8397
f 8350 8468 8310
f 8311 8309 8399
f 8251 8311 8400
f 8401 8404 8475
f 8402 8403 8305
f 8251 8443 8257
f 8408 8406 8253
f 8404 8313 8411
f 8404 8411 8409
f 8359 8313 8355
f 8257 8443 8356
f 8314 8357 8354
f 8354 8357 8408
f 8359 8411 8313
f 8357 8407 8408
f 8410 8408 8407
f 8406 8413 8358
f 8357 8360 8407
f 8412 8407 8360
f 8362 8407 8412
f 8407 8362 8410
f 8412 8447 8362
f 8413 8410 8362
f 8261 8414 8411
f 8362 8317 8413
f 8363 8413 8317
f 8415 8414 8261
f 8261 8266 8415
f 8266 8319 8417
f 8447 8416 8361
f 8417 8319 8272
f 8365 8361 8418
f 8418 8419 8366
f 8418 8521 8419
f 8271 8448 8484
f 8271 8274 8448
f 8569 8448 8274
f 8274 8420 8569
f 8420 8277 8421
f 8422 8421 8277
f 8322 8422 8277
f 8422 8322 8321
f 8371 8449 8423
f 8449 8371 8452
f 8484 8451 8370
f 8224 8324 8369
f 8324 8327 8423
f 8375 8332 8372
f 8372 8332 8373
f 8326 8424 8425
f 8326 8425 8374
f 8424 8528 8425
f 8426 8377 8331
f 8456 8284 8454
f 8457 8378 8285
f 8378 8457 8334
f 8458 8532 8335
f 8494 8335 8532
f 8285 8333 8428
f 8334 8574 8539
f 8289 8337 8535
f 8337 8496 8535
f 8459 8430 8383
f 8459 8383 8431
f 8539 8431 8187
f 8337 8380 8496
f 8382 8429 8542
f 8382 8542 8381
f 8382 8385 8429
f 8382 8290 8385
f 8182 8430 8460
f 8431 8383 8384
f 8431 8384 8187
f 8380 8497 8496
f 8231 8460 8385
f 8432 8124 8461
f 8432 8497 8380
f 8386 8338 8461
f 8387 8499 8338
f 8237 8435 8434
f 8339 8434 8501
f 8462 8339 8501
f 8435 8236 8463
f 8078 8462 8548
f 8293 8388 8389
f 8343 8551 8389
f 8343 8342 8551
f 8349 8465 8395
f 8394 8395 8465
f 8396 8393 8467
f 8437 8349 8352
f 8353 8469 8397
f 8438 8397 8469
f 8398 8403 8437
f 8310 8510 8353
f 8400 8311 8439
f 8311 8399 8439
f 8401 8475 8557
f 8401 8557 8440
f 8402 8440 8472
f 8402 8472 8403
f 8443 8251 8400
f 8400 8439 8443
f 8409 8475 8404
f 8514 8405 8441
f 8443 8439 8473
f 8405 8445 8441
f 8443 8473 8444
f 8408 8410 8406
f 8518 8356 8443
f 8443 8444 8518
f 8413 8406 8410
f 8409 8411 8477
f 8405 8627 8445
f 8414 8477 8411
f 8477 8414 8516
f 8415 8516 8414
f 8356 8518 8446
f 8415 8266 8417
f 8446 8520 8524
f 8416 8567 8361
f 8367 8417 8272
f 8361 8567 8521
f 8361 8521 8418
f 8268 8524 8480
f 8569 8420 8421
f 8419 8482 8321
f 8421 8422 8481
f 8481 8422 8321
f 8482 8481 8321
f 8483 8368 8369
f 8449 8452 8450
f 8369 8324 8483
f 8423 8483 8324
f 8483 8423 8449
f 8451 8485 8424
f 8371 8377 8452
f 8454 8374 8453
f 8374 8425 8453
f 8528 8453 8425
f 8456 8427 8284
f 8428 8427 8456
f 8428 8495 8285
f 8457 8285 8495
f 8579 8381 8542
f 8430 8459 8460
f 8387 8548 8499
f 8498 8547 8433
f 8548 8462 8502
f 8584 8436 8547
f 8293 8463 8236
f 8436 8584 8341
f 8293 8389 8463
f 8341 8551 8342
f 8464 8394 8552
f 8466 8465 8349
f 8465 8504 8394
f 8393 8507 8467
f 8437 8466 8349
f 8437 8403 8505
f 8470 8514 8561
f 8510 8310 8468
f 8399 8438 8556
f 8403 8472 8471
f 8514 8470 8512
f 8561 8514 8441
f 8561 8441 8442
f 8513 8439 8399
f 8475 8562 8557
f 8472 8440 8557
f 8439 8513 8473
f 8476 8475 8409
f 8478 8476 8477
f 8473 8474 8441
f 8477 8476 8409
f 8591 8478 8477
f 8517 8441 8445
f 8441 8517 8473
f 8477 8516 8591
f 8479 8445 8627
f 8518 8444 8594
f 8518 8519 8446
f 8446 8519 8520
f 8480 8360 8364
f 8447 8567 8416
f 8521 8482 8419
f 8524 8599 8480
f 8368 8483 8523
f 8484 8485 8451
f 8489 8487 8486
f 8488 8486 8491
f 8486 8488 8489
f 8485 8490 8424
f 8377 8609 8452
f 8491 8486 8526
f 8424 8490 8528
f 8488 8491 8527
f 8453 8531 8454
f 8454 8531 8678
f 8492 8426 8455
f 8454 8678 8493
f 8454 8493 8537
f 8454 8537 8456
f 8532 8534 8494
f 8457 8574 8334
f 8495 8573 8457
f 8379 8289 8533
f 8535 8533 8289
f 8540 8535 8496
f 8429 8541 8542
f 8459 8431 8543
f 8385 8544 8429
f 8385 8545 8544
f 8545 8385 8460
f 8460 8459 8576
f 8461 8578 8432
f 8546 8432 8578
f 8432 8546 8497
f 8381 8580 8498
f 8619 8338 8499
f 8338 8619 8461
f 8498 8500 8547
f 8551 8341 8584
f 8389 8549 8463
f 8464 8552 8507
f 8464 8507 8393
f 8466 8503 8465
f 8504 8465 8503
f 8505 8466 8437
f 8505 8506 8466
f 8467 8507 8510
f 8467 8510 8468
f 8507 8508 8510
f 8470 8509 8653
f 8512 8470 8653
f 8509 8470 8561
f 8511 8469 8353
f 8511 8353 8510
f 8511 8508 8469
f 8555 8469 8508
f 8469 8555 8438
f 8556 8438 8555
f 8505 8403 8471
f 8557 8471 8472
f 8399 8556 8560
f 8399 8560 8513
f 8442 8441 8474
f 8474 8473 8513
f 8474 8513 8515
f 8474 8515 8442
f 8475 8476 8562
f 8445 8628 8517
f 8445 8479 8628
f 8517 8444 8473
f 8627 8592 8479
f 8444 8517 8590
f 8412 8566 8447
f 8415 8417 8522
f 8447 8566 8567
f 8367 8522 8417
f 8368 8522 8367
f 8520 8633 8524
f 8569 8421 8601
f 8481 8601 8421
f 8481 8482 8597
f 8521 8597 8482
f 8483 8449 8523
f 8450 8523 8449
f 8484 8448 8525
f 8484 8525 8485
f 8485 8525 8606
f 8526 8486 8570
f 8606 8489 8485
f 8489 8488 8485
f 8485 8488 8490
f 8488 8528 8490
f 8426 8609 8377
f 8527 8639 8488
f 8528 8488 8639
f 8639 8529 8528
f 8492 8609 8426
f 8453 8528 8530
f 8529 8530 8528
f 8453 8530 8531
f 8534 8455 8494
f 8458 8379 8533
f 8456 8537 8538
f 8456 8538 8428
f 8428 8538 8495
f 8495 8538 8573
f 8457 8573 8574
f 8540 8536 8535
f 8574 8543 8539
f 8431 8539 8543
f 8497 8540 8496
f 8542 8618 8579
f 8544 8541 8429
f 8688 8545 8460
f 8576 8688 8460
f 8543 8576 8459
f 8578 8461 8619
f 8381 8579 8580
f 8500 8498 8580
f 8582 8548 8502
f 8582 8502 8462
f 8462 8501 8582
f 8584 8550 8551
f 8549 8389 8551
f 8506 8585 8503
f 8503 8466 8506
f 8504 8552 8394
f 8507 8552 8508
f 8553 8509 8587
f 8554 8508 8552
f 8653 8509 8586
f 8508 8511 8510
f 8505 8471 8558
f 8509 8561 8587
f 8557 8559 8558
f 8558 8471 8557
f 8559 8557 8562
f 8442 8515 8561
f 8515 8513 8560
f 8626 8514 8512
f 8476 8478 8589
f 8478 8563 8589
f 8563 8478 8625
f 8514 8627 8405
f 8514 8626 8627
f 8591 8516 8564
f 8594 8444 8590
f 8516 8415 8565
f 8516 8565 8564
f 8519 8518 8594
f 8360 8596 8412
f 8566 8412 8596
f 8360 8480 8568
f 8567 8566 8521
f 8597 8521 8566
f 8600 8601 8481
f 8600 8481 8597
f 8599 8524 8633
f 8602 8448 8569
f 8609 8450 8452
f 8570 8486 8487
f 8570 8675 8526
f 8489 8606 8607
f 8526 8675 8608
f 8526 8571 8491
f 8639 8610 8529
f 8609 8492 8611
f 8531 8530 8678
f 8534 8611 8492
f 8455 8534 8492
f 8458 8572 8532
f 8613 8493 8678
f 8535 8612 8533
f 8493 8613 8615
f 8493 8615 8643
f 8493 8643 8537
f 8537 8643 8538
f 8541 8618 8542
f 8688 8576 8575
f 8577 8575 8576
f 8574 8577 8543
f 8576 8543 8577
f 8546 8617 8497
f 8548 8620 8499
f 8548 8582 8581
f 8434 8435 8501
f 8583 8501 8435
f 8463 8583 8435
f 8549 8551 8550
f 8651 8585 8506
f 8503 8586 8504
f 8553 8504 8586
f 8587 8504 8553
f 8504 8587 8552
f 8505 8651 8506
f 8586 8503 8622
f 8509 8553 8586
f 8552 8587 8554
f 8651 8505 8558
f 8587 8588 8554
f 8508 8554 8555
f 8651 8558 8559
f 8587 8561 8588
f 8588 8561 8515
f 8555 8560 8556
f 8559 8562 8589
f 8559 8589 8623
f 8626 8512 8653
f 8562 8476 8589
f 8589 8563 8624
f 8478 8591 8625
f 8655 8592 8627
f 8628 8479 8593
f 8517 8628 8590
f 8592 8593 8479
f 8590 8699 8594
f 8663 8519 8594
f 8564 8565 8661
f 8519 8663 8520
f 8360 8595 8596
f 8565 8598 8661
f 8565 8415 8522
f 8565 8522 8598
f 8664 8520 8663
f 8360 8568 8595
f 8598 8522 8368
f 8520 8664 8633
f 8568 8480 8634
f 8598 8368 8631
f 8631 8368 8523
f 8523 8667 8631
f 8480 8637 8634
f 8523 8450 8667
f 8599 8637 8480
f 8569 8601 8602
f 8448 8602 8525
f 8632 8675 8603
f 8603 8675 8570
f 8603 8570 8604
f 8604 8570 8605
f 8450 8609 8638
f 8570 8487 8605
f 8487 8489 8605
f 8571 8526 8608
f 8571 8745 8491
f 8491 8745 8527
f 8639 8527 8745
f 8745 8571 8744
f 8529 8610 8530
f 8530 8610 8713
f 8572 8458 8533
f 8641 8532 8572
f 8532 8641 8534
f 8536 8612 8535
f 8536 8540 8642
f 8643 8614 8538
f 8573 8538 8614
f 8613 8684 8615
f 8574 8573 8616
f 8617 8540 8497
f 8686 8715 8688
f 8688 8575 8686
f 8616 8575 8577
f 8616 8577 8574
f 8541 8544 8645
f 8720 8645 8544
f 8545 8720 8544
f 8578 8617 8546
f 8499 8620 8619
f 8581 8620 8548
f 8580 8579 8618
f 8500 8580 8547
f 8581 8582 8649
f 8583 8582 8501
f 8547 8580 8648
f 8547 8648 8584
f 8584 8695 8550
f 8463 8549 8621
f 8550 8621 8549
f 8695 8621 8550
f 8585 8622 8503
f 8555 8554 8588
f 8623 8651 8559
f 8586 8622 8726
f 8586 8726 8653
f 8515 8555 8588
f 8653 8726 8728
f 8560 8555 8515
f 8624 8623 8589
f 8624 8563 8729
f 8625 8729 8563
f 8590 8628 8699
f 8564 8658 8591
f 8593 8592 8657
f 8594 8699 8660
f 8564 8661 8799
f 8592 8655 8659
f 8594 8660 8663
f 8596 8706 8566
f 8596 8595 8706
f 8566 8665 8597
f 8661 8598 8630
f 8707 8632 8666
f 8707 8666 8629
f 8633 8664 8599
f 8666 8632 8636
f 8600 8597 8736
f 8600 8736 8739
f 8600 8739 8635
f 8600 8635 8601
f 8636 8632 8603
f 8602 8601 8635
f 8632 8671 8672
f 8602 8635 8525
f 8669 8525 8635
f 8450 8638 8709
f 8525 8669 8606
f 8675 8632 8672
f 8605 8489 8740
f 8489 8607 8740
f 8607 8606 8669
f 8675 8571 8608
f 8609 8611 8638
f 8640 8572 8533
f 8640 8533 8711
f 8641 8676 8534
f 8676 8611 8534
f 8530 8713 8678
f 8681 8683 8613
f 8681 8613 8678
f 8643 8685 8614
f 8684 8613 8683
f 8573 8614 8616
f 8614 8686 8575
f 8614 8575 8616
f 8617 8644 8540
f 8578 8644 8617
f 8541 8645 8618
f 8619 8689 8578
f 8646 8690 8647
f 8620 8581 8693
f 8582 8583 8650
f 8582 8650 8649
f 8583 8463 8621
f 8650 8583 8621
f 8584 8648 8695
f 8725 8650 8621
f 8697 8725 8621
f 8621 8695 8697
f 8585 8651 8622
f 8651 8623 8622
f 8652 8622 8623
f 8622 8652 8726
f 8624 8652 8623
f 8652 8727 8726
f 8653 8728 8626
f 8626 8758 8698
f 8626 8698 8627
f 8628 8593 8760
f 8564 8799 8658
f 8591 8654 8625
f 8627 8698 8655
f 8592 8659 8657
f 8656 8657 8659
f 8699 9002 8660
f 8655 8698 8659
f 8659 8702 8656
f 8799 8661 8701
f 8630 8701 8661
f 8656 8702 8764
f 8656 8629 8662
f 8598 8631 8703
f 8703 8631 8704
f 8667 8704 8631
f 8629 8656 8707
f 8656 8764 8707
f 8629 8666 8662
f 8706 8665 8566
f 8597 8665 8736
f 8568 8634 8595
f 8707 8671 8632
f 8673 8636 8603
f 8603 8604 8673
f 8634 8637 8668
f 8635 8739 8669
f 8667 8450 8709
f 8667 8709 8670
f 8604 8605 8673
f 8674 8740 8607
f 8607 8669 8674
f 8675 8672 8710
f 8571 8675 8710
f 8676 8638 8611
f 8639 8745 8775
f 8639 8775 8677
f 8639 8677 8610
f 8742 8572 8640
f 8742 8640 8711
f 8572 8742 8641
f 8713 8610 8677
f 8711 8533 8612
f 8612 8536 8679
f 8679 8536 8642
f 8683 8681 8680
f 8678 8713 8681
f 8682 8683 8680
f 8642 8540 8687
f 8642 8687 8748
f 8684 8751 8615
f 8615 8751 8643
f 8685 8643 8751
f 8685 8686 8614
f 8715 8686 8685
f 8644 8687 8540
f 8689 8644 8578
f 8689 8782 8644
f 8691 8690 8646
f 8691 8646 8692
f 8545 8688 8720
f 8619 8753 8689
f 8647 8690 8718
f 8787 8618 8645
f 8647 8718 8754
f 8646 8647 8789
f 8647 8822 8789
f 8822 8647 8754
f 8581 8649 8693
f 8649 8650 8696
f 8648 8580 8694
f 8650 8725 8696
f 8624 8729 8652
f 8729 8625 8759
f 8758 8626 8728
f 8625 8654 8759
f 8593 8657 8700
f 8699 8628 8760
f 9002 8699 8760
f 8657 8656 8662
f 8657 8662 8766
f 8657 8766 8700
f 8799 8731 8658
f 8658 8731 8591
f 8654 8591 8731
f 8698 8762 8659
f 8702 8659 8762
f 8630 8598 8765
f 8662 8666 8766
f 8735 8766 8666
f 8663 8734 8664
f 8705 8704 8667
f 8802 8707 8764
f 8636 8735 8666
f 8664 8734 8599
f 8595 8634 8706
f 8667 8670 8705
f 8706 8736 8665
f 8738 8636 8673
f 8599 8768 8637
f 8709 8770 8670
f 8707 8805 8671
f 8637 8768 8668
f 8673 8605 8808
f 8709 8638 8708
f 8708 8638 8641
f 8710 8743 8571
f 8641 8638 8676
f 8571 8743 8744
f 8775 8746 8677
f 8681 8774 8712
f 8712 8680 8681
f 8714 8749 8712
f 8818 8712 8749
f 8780 8712 8818
f 8712 8780 8680
f 8682 8680 8780
f 8749 8716 8818
f 8683 8682 8684
f 8691 8692 8717
f 8719 8716 8692
f 8692 8716 8717
f 8690 8691 8718
f 8692 8646 8719
f 8788 8787 8645
f 8645 8720 8788
f 8720 8688 8783
f 8688 8715 8783
f 8718 8721 8754
f 8619 8620 8723
f 8619 8723 8753
f 8722 8754 8721
f 8618 8787 8851
f 8620 8693 8723
f 8722 8724 8754
f 8580 8618 8851
f 8722 8649 8696
f 8722 8696 8724
f 8694 8792 8648
f 8756 8648 8792
f 8695 8648 8756
f 8696 8725 8724
f 8697 8695 8757
f 8697 8757 8725
f 8698 8758 8797
f 8593 8700 8760
f 8760 8730 9002
f 8762 8698 8797
f 8762 8732 8702
f 8701 8630 8733
f 8630 8765 8733
f 8598 8703 8765
f 8764 8826 8802
f 8802 8805 8707
f 8636 8738 8735
f 8768 8599 8734
f 8634 8737 8706
f 8736 8706 8737
f 8634 8668 8737
f 8670 8770 8705
f 8673 8808 8738
f 8809 8739 8736
f 8739 8809 8669
f 8808 8605 8740
f 8671 8810 8672
f 8674 8669 8809
f 8708 8770 8709
f 8672 8810 8710
f 8741 8742 8711
f 8742 8708 8641
f 8747 8774 8681
f 8865 8711 8612
f 8679 8776 8612
f 8612 8776 8865
f 8778 8776 8679
f 8679 8642 8778
f 8777 8714 8712
f 8681 8713 8747
f 8713 8677 8746
f 8777 8749 8714
f 8644 8748 8687
f 8684 8682 8846
f 8751 8750 8685
f 8716 8749 8717
f 8684 8846 8751
f 8750 8752 8685
f 8750 8871 8752
f 8685 8752 8715
f 8781 8782 8689
f 8781 8689 8753
f 8752 8871 8783
f 8752 8783 8715
f 8721 8718 8784
f 8646 8786 8719
f 8720 8783 8821
f 8753 8723 8785
f 8722 8721 8723
f 8649 8722 8723
f 8649 8723 8693
f 8851 8694 8580
f 8755 8754 8724
f 8754 8755 8790
f 8724 8725 8755
f 8757 8755 8725
f 8695 8756 8757
f 8728 8726 8794
f 8728 8794 8758
f 8758 8794 8795
f 8700 8730 8760
f 8761 8654 8731
f 8701 8763 8799
f 8731 8799 8761
f 8735 8738 8766
f 8734 8803 8767
f 8734 8767 8768
f 8737 8806 8736
f 8740 8769 8808
f 8769 8740 8674
f 8769 8674 8809
f 8671 8832 8810
f 8772 8770 8708
f 8771 8710 8810
f 8772 8741 8811
f 8741 8772 8742
f 8772 8708 8742
f 8840 8710 8771
f 8741 8711 8773
f 8710 8840 8743
f 8711 8865 8773
f 8743 8840 8744
f 8813 8744 8840
f 8774 8815 8712
f 8744 8813 8745
f 8775 8745 8813
f 8777 8712 8815
f 8747 8713 8746
f 8642 8748 8778
f 8644 8779 8748
f 8781 8845 8782
f 8846 8848 8751
f 8750 8751 8848
f 8821 8783 8871
f 8718 8819 8784
f 8718 8691 8819
f 8721 8785 8723
f 8646 8789 8786
f 8788 8720 8821
f 8754 8790 8822
f 8694 8851 8791
f 8757 8790 8755
f 8791 8792 8694
f 8756 8792 8757
f 8794 8726 8727
f 8652 8793 8727
f 8652 8729 8793
f 8796 8793 8729
f 8727 8793 8794
f 8729 8759 8796
f 8794 8823 8795
f 8759 8654 8761
f 8797 8798 8762
f 8732 8762 8798
f 8733 8763 8701
f 8732 8800 8702
f 8764 8702 8800
f 8800 8826 8764
f 8830 8733 8765
f 8801 8830 8765
f 8765 8703 8801
f 8703 8704 8801
f 8802 8826 8828
f 8738 8829 8766
f 8704 8705 8801
f 8804 8801 8705
f 8802 8828 8805
f 8767 8803 8833
f 8705 8770 8804
f 8738 8808 8807
f 8767 8737 8768
f 8668 8768 8737
f 8767 8833 8806
f 8767 8806 8737
f 8769 8807 8808
f 8671 8805 8832
f 8804 8770 8834
f 8811 8834 8772
f 8772 8834 8770
f 8810 8838 8771
f 8811 8741 8812
f 8741 8773 8812
f 8747 8900 8774
f 8813 8814 8775
f 8775 8814 8746
f 8815 8863 8777
f 8746 8842 8747
f 8844 8816 8778
f 8778 8748 8844
f 8845 8779 8782
f 8644 8782 8779
f 8749 8918 8717
f 8682 8780 8846
f 8848 8869 8750
f 8750 8869 8871
f 8691 8717 8817
f 8753 8785 8849
f 8785 8721 8820
f 8785 8820 8849
f 8721 8784 8820
f 8791 8851 8879
f 8790 8757 8792
f 8791 8879 8792
f 8793 8823 8794
f 8796 8824 8793
f 8795 8823 8853
f 8825 8759 8761
f 8825 8904 8796
f 8825 8796 8759
f 8758 8795 8798
f 8758 8798 8797
f 8795 8853 8798
f 8763 8825 8799
f 8825 8761 8799
f 8798 8853 8732
f 8853 8854 8732
f 8732 8854 8800
f 8826 8800 8854
f 8733 8827 8763
f 8826 8884 8828
f 8829 8738 8831
f 8803 8829 8831
f 8738 8807 8831
f 8831 8807 8833
f 8831 8833 8803
f 8809 8806 8833
f 8806 8809 8736
f 8832 8805 8887
f 8807 8769 8833
f 8837 8832 8857
f 8832 8837 8838
f 8832 8838 8810
f 8773 8841 8812
f 8812 8841 8893
f 8836 8859 8890
f 8890 8859 8837
f 8838 8837 8859
f 8840 8771 8860
f 8893 8841 8839
f 8839 8841 8861
f 8773 8843 8841
f 8773 8865 8843
f 8842 8813 8840
f 8813 8842 8814
f 8774 8863 8815
f 8747 8842 8900
f 8746 8814 8842
f 8776 8778 8816
f 8918 8777 8863
f 8748 8779 8844
f 8866 8844 8779
f 8777 8918 8749
f 8845 8867 8779
f 8866 8779 8867
f 8868 8846 8780
f 8781 8847 8845
f 8781 8753 8847
f 8818 8868 8780
f 8849 8847 8753
f 8691 8817 8901
f 8691 8901 8819
f 8850 8818 8716
f 8719 8786 8716
f 8850 8716 8786
f 8819 8820 8784
f 8875 8789 8822
f 8789 8875 8786
f 8850 8786 8875
f 8851 8787 8874
f 8788 8874 8787
f 8822 8790 8878
f 8822 8878 8875
f 8792 8878 8790
f 8876 8879 8851
f 8792 8879 8880
f 8823 8793 8852
f 8824 8796 8881
f 8823 8852 8853
f 8904 8881 8796
f 8827 8904 8825
f 8825 8763 8827
f 8854 8884 8826
f 8830 8801 8855
f 8828 8884 8887
f 8801 8804 8856
f 8828 8887 8805
f 8889 8856 8804
f 8887 8888 8832
f 8832 8888 8857
f 8833 8769 8809
f 8804 8834 8889
f 8811 8858 8929
f 8812 8858 8811
f 8811 8889 8834
f 8835 8836 8890
f 8836 8835 8895
f 8838 8860 8771
f 8838 8859 8860
f 8836 8913 8859
f 8840 8860 8933
f 8840 8933 8842
f 8842 8933 8862
f 8841 8843 8917
f 8841 8917 8861
f 8774 8900 8863
f 8900 8842 8862
f 8865 8864 8843
f 8865 8776 8816
f 8845 8847 8867
f 8846 8868 8848
f 8848 8868 8869
f 8818 8872 8868
f 8818 8850 8872
f 8869 8870 8871
f 8870 8821 8871
f 8849 8820 8902
f 8874 8788 8873
f 8788 8870 8873
f 8788 8821 8870
f 8876 8851 8874
f 8878 8880 8877
f 8878 8792 8880
f 8824 8881 8793
f 8881 8882 8793
f 8793 8882 8852
f 8882 8903 8852
f 8852 8903 8853
f 8926 8853 8903
f 8881 8904 8907
f 8881 8907 8883
f 8881 8883 8882
f 8853 8926 8854
f 8827 8885 8904
f 8827 8733 8885
f 8733 8830 8908
f 8733 8908 8885
f 8830 8855 8908
f 8855 8801 8856
f 8884 8886 8887
f 8892 8835 8890
f 8890 8837 8891
f 8911 8811 8929
f 8811 8911 8889
f 8835 8892 8895
f 8893 8839 8931
f 8839 8894 8931
f 8861 8894 8839
f 8894 8861 8895
f 8859 8914 8860
f 8896 8895 8861
f 8915 8836 8895
f 8915 8895 8896
f 8913 8836 8915
f 8933 8860 8914
f 8897 8843 8864
f 8861 8898 8896
f 8915 8896 8898
f 8900 8899 8863
f 8899 8918 8863
f 8919 8864 8865
f 8865 8816 8919
f 8920 8816 8844
f 8844 8866 8920
f 8918 8817 8717
f 8867 8921 8866
f 8920 8866 8921
f 8921 8867 8847
f 8925 8868 8872
f 8869 8868 8925
f 8901 8902 8819
f 8925 8873 8869
f 8870 8869 8873
f 8820 8819 8902
f 8925 8872 8850
f 8877 8875 8878
f 8875 8877 8850
f 8873 8876 8874
f 8879 8877 8880
f 8877 8879 8876
f 8882 8883 8903
f 8883 8906 8903
f 8907 8904 8885
f 8907 8905 8883
f 8883 8905 8906
f 8884 8854 8926
f 8885 8908 8907
f 8905 8927 8906
f 8926 8906 8884
f 8884 8906 8909
f 8884 8909 8886
f 8886 8909 8887
f 8911 8855 8856
f 8887 8909 8910
f 8887 8910 8888
f 8856 8889 8911
f 8891 8930 8892
f 8892 8890 8891
f 8895 8892 8912
f 8812 8893 8858
f 8912 8894 8895
f 8915 8934 8913
f 8859 8913 8914
f 8843 8897 8917
f 8943 8915 8898
f 8899 8900 8916
f 8862 8916 8900
f 8897 8942 8917
f 8861 8917 8943
f 8861 8943 8898
f 8864 8919 8936
f 8864 8936 8897
f 8919 8816 8920
f 8920 8921 8919
f 8817 8945 8922
f 8847 8923 8921
f 8847 8849 8923
f 8922 8901 8817
f 8849 8902 8923
f 8902 8901 8922
f 8902 8922 8924
f 8850 8877 8925
f 8877 8876 8925
f 8925 8876 8873
f 8903 8906 8926
f 8907 8908 8937
f 8907 8937 8905
f 8906 8927 8909
f 8905 8937 8927
f 8909 8927 8928
f 8909 8928 8938
f 8909 8938 8910
f 8911 8929 8855
f 8910 8938 8888
f 8888 8938 8857
f 8891 8837 8938
f 8837 8857 8938
f 8929 8858 8932
f 8930 8912 8892
f 8930 8940 8912
f 8858 8893 8932
f 8912 8940 8931
f 8893 8931 8932
f 8931 8894 8912
f 8913 8934 8947
f 8913 8947 8914
f 8914 8947 8933
f 8915 8935 8934
f 8915 8943 8935
f 8916 8862 8933
f 8917 8942 8943
f 8899 8945 8918
f 8899 8916 8945
f 8919 8921 8936
f 8921 8923 8936
f 8945 8817 8918
f 8945 8950 8922
f 8923 8902 8924
f 8927 8937 8928
f 8908 8855 8929
f 8908 8929 8932
f 8908 8932 8939
f 8930 8938 8946
f 8930 8946 8940
f 8930 8891 8938
f 8940 8932 8931
f 8933 8947 8916
f 8941 8935 8943
f 8941 8943 8942
f 8945 8916 8948
f 8897 8936 8944
f 8950 8944 8936
f 8936 8923 8950
f 8923 8924 8950
f 8922 8950 8924
f 8946 8937 8908
f 8938 8928 8937
f 8908 8939 8946
f 8938 8937 8946
f 8940 8939 8932
f 8939 8940 8946
f 8934 8948 8947
f 8916 8947 8948
f 8935 8941 8934
f 8949 8934 8941
f 8944 8942 8897
f 8942 8944 8941
f 8949 8941 8944
f 8951 8950 8945
f 8934 8949 8948
f 8949 8951 8948
f 8945 8948 8951
f 8944 8950 8949
f 8949 8950 8951
f 436 624 529
f 536 683 624
f 738 627 590
f 738 536 627
f 8952 1203 1137
f 8952 981 1203
f 1030 8952 1199
f 1125 1346 8954
f 1125 1237 1345
f 1238 8953 1125
f 1125 1345 1346
f 8954 1346 1471
f 8954 1471 1178
f 1237 1125 8953
f 8953 1238 1297
f 8953 1297 1411
f 8953 1411 1237
f 1297 1472 1411
f 1471 1587 1178
f 8955 1223 1046
f 8955 1046 1457
f 8956 1223 8955
f 8955 8957 8956
f 8955 1457 8957
f 8957 1457 1614
f 8957 1614 1509
f 1509 8956 8957
f 2803 2939 3066
f 3066 3011 2803
f 2939 3013 3066
f 8958 3129 3130
f 8958 3130 3068
f 8958 3068 3256
f 3130 3129 3067
f 3448 3598 3601
f 3448 3601 3386
f 3261 3127 3128
f 3386 3601 3128
f 8959 3448 3527
f 3128 3601 3261
f 3530 3788 3527
f 3530 3602 3788
f 4168 4171 3984
f 4625 8960 4624
f 8960 4625 4872
f 4625 4572 8961
f 4625 8961 4752
f 8961 4572 4752
f 4752 4572 4571
f 8963 5137 5206
f 8962 8963 5372
f 5372 8963 5311
f 5372 5263 8962
f 8964 5137 5204
f 8964 5373 5498
f 8964 5204 5373
f 8964 5267 5137
f 8964 5498 5267
f 5204 5264 5373
f 8965 5540 8966
f 8965 5422 5419
f 8965 5488 5422
f 8966 5485 5421
f 8965 5655 5540
f 8965 8966 5488
f 8965 5607 5655
f 8968 8969 5737
f 8968 5738 8969
f 8968 5737 5743
f 8968 5652 5738
f 8968 5654 5652
f 8968 8970 5654
f 8968 5743 8970
f 8969 5738 5897
f 8969 5897 5898
f 8969 5898 8971
f 8971 5898 5988
f 5898 8972 5988
f 8972 6075 5988
f 5898 5989 8972
f 8972 5989 8973
f 8972 8973 6075
f 8973 6172 6075
f 8975 6342 8973
f 6342 8975 8974
f 8974 8979 8976
f 8974 8976 6342
f 8974 8975 8979
f 8975 6272 8979
f 6272 6338 8979
f 8976 8979 8977
f 8976 8978 6580
f 8976 6580 6342
f 6340 6755 6751
f 6636 8977 8979
f 6342 6580 8981
f 6342 8981 8980
f 8976 8977 8978
f 6338 6448 8979
f 8979 6449 6636
f 8979 6448 6449
f 6340 6274 8982
f 6755 6340 8982
f 8978 6581 6580
f 8980 8981 6274
f 8981 8982 6274
f 8978 8983 6581
f 8978 8977 8983
f 8983 8985 6581
f 8983 6841 6842
f 8983 6842 8985
f 8983 8977 6841
f 8982 8981 6579
f 8984 8977 8986
f 8977 8984 6841
f 6757 8985 6909
f 6757 6581 8985
f 8984 8986 6839
f 8984 6839 6841
f 6839 6840 6841
f 8988 8987 6841
f 8987 8988 8989
f 8987 8989 6843
f 8987 6843 6764
f 8988 6841 6840
f 8988 6840 6839
f 6839 7037 8988
f 6839 8986 7037
f 6581 6757 6644
f 8990 6223 8991
f 8990 6187 6223
f 8990 8991 6459
f 8990 6282 6187
f 8990 6459 6282
f 6131 6130 8994
f 6131 8994 6191
f 8991 6223 8993
f 8991 8993 6522
f 6221 8994 6130
f 8994 6464 8992
f 8994 8992 6191
f 8994 6221 6396
f 8994 6396 6464
f 8992 8995 8993
f 8992 6464 8995
f 8992 6288 6191
f 8992 8993 6288
f 8993 8995 8997
f 8993 8997 6522
f 8995 8996 8997
f 8995 6464 6710
f 8995 6710 8996
f 6710 6767 8996
f 8996 6767 6766
f 8996 6707 8997
f 8997 6707 6523
f 6523 6707 6589
f 6523 6589 6588
f 8996 6708 6707
f 8996 6766 6708
f 6223 6288 8993
f 8991 6522 6523
f 8991 6523 6459
f 6396 6461 6464
f 6522 8997 6523
f 6464 6461 6710
f 6523 6588 6458
f 8998 6217 6347
f 6647 6346 6390
f 8998 6347 6583
f 8998 6583 6389
f 6390 6583 6647
f 6389 6583 6390
f 6347 6582 6583
f 8999 6465 6591
f 8999 6462 6465
f 9000 6590 6521
f 9000 6519 6590
f 9001 6521 6844
f 6591 6911 6767
f 6591 6767 6461
f 6591 6709 6911
f 6591 6649 6709
f 6591 6461 8999
f 6911 6709 6844
f 9001 6844 6648
f 8766 8730 8700
f 9002 8730 8829
f 8730 8766 8829
f 8660 9002 8829
f 8660 8734 8663
f 8660 8803 8734
f 8660 8829 8803
